OBJECTID,ADDRTYPE,LOCATION,SEVERITYCODE,SEVERITYDESC,COLLISIONTYPE,PERSONCOUNT,PEDCOUNT,PEDCYLCOUNT,VEHCOUNT,INJURIES,SERIOUSINJURIES,FATALITIES,INCDATE,UNDERINFL,WEATHER,ROADCOND,LIGHTCOND,SPEEDING,HITPARKEDCAR
450,Intersection,15TH AVE E AND E HARRISON N ST,2,Injury Collision,Cycles,2,0,1,1,1,0,0,2020/10/28 00:00:00+00,N,Clear,Dry,Dark - Street Lights On,NA,N
451,Block,4TH AVE S BETWEEN S HOLGATE ST AND S WALKER ST,2,Injury Collision,NA,3,0,0,0,1,0,0,2020/11/10 00:00:00+00,NA,NA,NA,NA,NA,N
452,Intersection,26TH AVE NE AND NE 55TH ST,1,Property Damage Only Collision,Angles,3,0,0,2,0,0,0,2020/06/12 00:00:00+00,N,Raining,Wet,Daylight,NA,N
453,Intersection,STONE WAY N AND N 34TH ST,1,Property Damage Only Collision,NA,2,0,0,0,0,0,0,2020/10/20 00:00:00+00,NA,NA,NA,NA,NA,N
454,Intersection,13TH AVE AND E PINE ST,1,Property Damage Only Collision,NA,2,0,0,0,0,0,0,2020/09/22 00:00:00+00,NA,NA,NA,NA,NA,N
455,Intersection,22ND AVE AND E COLUMBIA ST,2,Injury Collision,Rear Ended,3,0,0,2,1,0,0,2020/05/31 00:00:00+00,N,Clear,Dry,Daylight,NA,N
456,Block,BANNER WAY NE BETWEEN NE 85TH ST OFF RP AND CORLISS WAY N,2,Injury Collision,Other,2,0,0,1,1,0,0,2020/05/20 00:00:00+00,N,Raining,Wet,Dark - Street Lights On,Y,N
457,Block,LINDEN AVE N BETWEEN N 44TH ST AND N ALLEN PL,1,Property Damage Only Collision,NA,2,0,0,0,0,0,0,2020/06/14 00:00:00+00,NA,NA,NA,NA,NA,Y
458,Block,17TH AVE E BETWEEN E GALER ST AND E GARFIELD ST,1,Property Damage Only Collision,NA,2,0,0,0,0,0,0,2020/10/22 00:00:00+00,NA,NA,NA,NA,NA,Y
459,Intersection,20TH AVE NE AND NE 145TH ST,1,Property Damage Only Collision,Angles,3,0,0,2,0,0,0,2020/09/20 00:00:00+00,N,Clear,Dry,Daylight,NA,N
460,Intersection,RENTON AVE S AND S JUNEAU ST,1,Property Damage Only Collision,NA,2,0,0,0,0,0,0,2020/10/30 00:00:00+00,NA,NA,NA,NA,NA,N
461,Block,LAKE CITY WAY NE BETWEEN 24TH AVE NE AND NE 107TH ST,2,Injury Collision,Angles,2,0,0,2,1,0,0,2020/02/06 00:00:00+00,N,Raining,Unknown,Dark - Street Lights On,NA,N
462,Block,14TH AVE SW BETWEEN SW HOLDEN ST AND SW KENYON ST,0,Unknown,NA,0,0,0,0,0,0,0,2020/11/18 00:00:00+00,NA,NA,NA,NA,NA,N
463,Block,32ND AVE NE BETWEEN NE 137TH ST AND NE 140TH ST,0,Unknown,NA,0,0,0,0,0,0,0,2020/12/03 00:00:00+00,NA,NA,NA,NA,NA,Y
464,Block,M L KING JR WR WAY S BETWEEN S ORCAS ST AND S RAYMOND ST,1,Property Damage Only Collision,NA,1,0,0,0,0,0,0,2020/11/27 00:00:00+00,NA,NA,NA,NA,NA,N
465,Intersection,1ST AVE AND UNIVERSITY ST,2,Injury Collision,Pedestrian,2,1,0,1,1,0,0,2020/06/16 00:00:00+00,N,Clear,Dry,Daylight,NA,N
466,Intersection,9TH AVE NE AND NE 50TH ST,1,Property Damage Only Collision,NA,2,0,0,0,0,0,0,2020/06/04 00:00:00+00,NA,NA,NA,NA,NA,N
467,Block,1ST AVE BETWEEN MADISON ST AND SPRING ST,1,Property Damage Only Collision,Other,2,0,0,2,0,0,0,2020/02/10 00:00:00+00,N,Clear,Dry,Daylight,NA,N
468,Intersection,42ND AVE S AND S TRENTON ST,2b,Serious Injury Collision,Cycles,2,0,1,1,1,1,0,2020/06/11 00:00:00+00,N,Clear,Dry,Daylight,NA,N
470,Intersection,AURORA AVE N AND N NORTHGATE WAY,1,Property Damage Only Collision,Rear Ended,2,0,0,2,0,0,0,2020/10/18 00:00:00+00,N,Raining,Wet,Dark - Street Lights On,NA,N
471,Block,LAKE WASHINGTON BLVD S BETWEEN 35TH AVE S AND S JACKSON ST,1,Property Damage Only Collision,Parked Car,2,0,0,2,0,0,0,2020/06/04 00:00:00+00,N,Clear,Dry,Daylight,NA,Y
472,Block,NW 59TH ST BETWEEN 14TH AVE NW AND 15TH AVE NW,0,Unknown,NA,1,0,0,0,0,0,0,2020/10/09 00:00:00+00,NA,NA,NA,NA,NA,Y
473,Intersection,7TH AVE S AND S LUCILE ST,1,Property Damage Only Collision,NA,2,0,0,0,0,0,0,2020/11/25 00:00:00+00,NA,NA,NA,NA,NA,N
474,Block,N 49TH ST BETWEEN WHITMAN AVE N AND WOODLAND PARK AVE N,0,Unknown,NA,0,0,0,0,0,0,0,2020/11/25 00:00:00+00,NA,NA,NA,NA,NA,Y
475,Intersection,23RD AVE S AND S SPOKANE ST,0,Unknown,NA,0,0,0,0,0,0,0,2020/11/19 00:00:00+00,NA,NA,NA,NA,NA,N
476,Block,15TH NB AVE NW BETWEEN NW LEARY WAY AND NW 49TH ST,2,Injury Collision,Rear Ended,4,0,0,3,1,0,0,2020/09/23 00:00:00+00,N,Raining,Wet,Daylight,Y,N
477,Block,11TH AVE BETWEEN E FIR ST AND E SPRUCE ST,0,Unknown,NA,0,0,0,0,0,0,0,2020/11/02 00:00:00+00,NA,NA,NA,NA,NA,Y
478,Intersection,ROOSEVELT WAY NE AND NE 79TH ST,0,Unknown,NA,0,0,0,0,0,0,0,2020/11/06 00:00:00+00,NA,NA,NA,NA,NA,Y
479,Block,RAINIER AVE S BETWEEN S CHARLESTOWN ST AND S ANDOVER ST,2,Injury Collision,Rear Ended,3,0,0,3,1,0,0,2020/06/11 00:00:00+00,N,Clear,Dry,Daylight,NA,N
480,Block,S JACKSON ST BETWEEN 12TH AVE S AND 14TH AVE S,2,Injury Collision,NA,2,0,0,0,1,0,0,2020/11/20 00:00:00+00,NA,NA,NA,NA,NA,N
481,Intersection,4TH AVE S AND S MICHIGAN ST,2,Injury Collision,NA,2,0,0,0,1,0,0,2020/09/24 00:00:00+00,NA,NA,NA,NA,NA,N
482,Block,LAKE CITY WAY NE BETWEEN NE 127TH ST AND NE 130TH ST,0,Unknown,NA,0,0,0,0,0,0,0,2020/10/12 00:00:00+00,NA,NA,NA,NA,NA,N
483,Block,UNIVERSITY BR BETWEEN FUHRMAN AVE E AND POINT A,1,Property Damage Only Collision,Sideswipe,2,0,0,2,0,0,0,2020/01/29 00:00:00+00,N,Raining,Wet,Daylight,NA,N
484,Block,1ST AV S BR SB BETWEEN POINT B AND POINT A,2,Injury Collision,Rear Ended,3,0,0,2,2,0,0,2020/05/14 00:00:00+00,N,Clear,Dry,Dark - Street Lights On,Y,N
485,Intersection,8TH AVE NW AND NW 85TH ST,2,Injury Collision,NA,2,0,0,0,1,0,0,2020/11/21 00:00:00+00,NA,NA,NA,NA,NA,N
486,Block,28TH AVE S BETWEEN S KING ST AND S LANE ST,1,Property Damage Only Collision,Parked Car,2,0,0,2,0,0,0,2020/10/16 00:00:00+00,N,Clear,Dry,Daylight,NA,N
487,Block,15TH AVE NE BETWEEN NE 107TH ST AND NE NORTHGATE WAY,1,Property Damage Only Collision,Angles,2,0,0,2,0,0,0,2020/10/10 00:00:00+00,N,Clear,Dry,Dark - Street Lights On,NA,N
488,Block,WEST MARGINAL WAY S BETWEEN 1ST AVE S AND S HOLDEN ST,1,Property Damage Only Collision,Rear Ended,3,0,0,3,0,0,0,2020/10/27 00:00:00+00,N,Clear,Dry,Daylight,NA,N
489,Intersection,16TH AVE AND E UNION ST,1,Property Damage Only Collision,Pedestrian,2,1,0,1,0,0,0,2020/10/06 00:00:00+00,N,Clear,Dry,Daylight,NA,N
490,Block,NW 90TH ST BETWEEN 15TH N AVE NW AND 21ST AVE NW,2,Injury Collision,Rear Ended,2,0,0,2,1,0,0,2020/02/08 00:00:00+00,N,Clear,Dry,Daylight,NA,N
491,Intersection,FAIRVIEW AVE N AND VALLEY ST,1,Property Damage Only Collision,NA,2,0,0,0,0,0,0,2020/11/05 00:00:00+00,NA,NA,NA,NA,NA,N
492,Block,1ST AV S BR NB BETWEEN POINT B AND POINT A,1,Property Damage Only Collision,NA,3,0,0,0,0,0,0,2020/10/14 00:00:00+00,NA,NA,NA,NA,NA,N
493,Block,N 130TH ST BETWEEN LINDEN AVE N AND AURORA AVE N,1,Property Damage Only Collision,Rear Ended,3,0,0,2,0,0,0,2020/05/21 00:00:00+00,N,Overcast,Dry,Daylight,NA,N
494,Intersection,1ST AVE NE AND NE NORTHGATE WAY,1,Property Damage Only Collision,Angles,4,0,0,3,0,0,0,2020/10/29 00:00:00+00,N,Overcast,Wet,Dark - Street Lights On,NA,N
496,Block,RAINIER AVE S BETWEEN S MASSACHUSETTS ST AND S STATE ST,0,Unknown,NA,2,0,0,0,0,0,0,2020/11/15 00:00:00+00,NA,NA,NA,NA,NA,Y
497,Block,WARREN AVE N BETWEEN RAYE ST AND NEWELL ST,2,Injury Collision,NA,1,0,0,0,1,0,0,2020/11/23 00:00:00+00,NA,NA,NA,NA,NA,N
498,Intersection,BEACON WR AVE S AND S BRANDON ST,2,Injury Collision,Angles,2,0,0,2,2,0,0,2020/04/18 00:00:00+00,N,Raining,Wet,Daylight,NA,N
499,Block,WEST MARGINAL WAY S BETWEEN 1ST AVE S AND S HOLDEN ST,1,Property Damage Only Collision,Rear Ended,2,0,0,2,0,0,0,2020/05/11 00:00:00+00,N,Clear,Dry,Daylight,NA,N
500,Block,S CLOVERDALE ST BETWEEN CLOVERDALE ST OFF RP AND 5TH AVE S,0,Unknown,NA,1,0,0,0,0,0,0,2020/11/15 00:00:00+00,NA,NA,NA,NA,NA,N
501,Intersection,21ST AVE SW TURN RD AND DELRIDGE WAY SW,1,Property Damage Only Collision,Rear Ended,5,0,0,2,0,0,0,2020/10/29 00:00:00+00,N,Clear,Dry,Daylight,NA,N
502,Block,15TH AVE E BETWEEN E JOHN SR ST AND E JOHN ST,1,Property Damage Only Collision,NA,2,0,0,0,0,0,0,2020/10/21 00:00:00+00,NA,NA,NA,NA,NA,Y
503,Intersection,9TH AVE AND COLUMBIA ST,0,Unknown,NA,0,0,0,0,0,0,0,2020/11/22 00:00:00+00,NA,NA,NA,NA,NA,Y
504,Intersection,AURORA AVE N AND N 97TH ST,1,Property Damage Only Collision,NA,2,0,0,0,0,0,0,2020/11/16 00:00:00+00,NA,NA,NA,NA,NA,N
505,Block,N 95TH ST BETWEEN FREMONT AVE N AND LINDEN AVE N,0,Unknown,NA,2,0,0,0,0,0,0,2020/06/15 00:00:00+00,NA,NA,NA,NA,NA,Y
506,Block,34TH AVE BETWEEN E HOWELL ST AND E DENNY WAY,1,Property Damage Only Collision,Other,4,0,0,1,0,0,0,2020/10/31 00:00:00+00,N,Clear,Dry,Dark - Street Lights On,Y,N
507,Intersection,AURORA AVE N AND N 85TH ST,1,Property Damage Only Collision,NA,2,0,0,0,0,0,0,2020/10/19 00:00:00+00,NA,NA,NA,NA,NA,N
508,Block,SYLVAN WAY SW BETWEEN SW SYLVAN HEIGHTS DR AND SW ORCHARD ST,2,Injury Collision,Other,1,0,0,1,1,0,0,2020/05/30 00:00:00+00,N,Raining,Wet,Dark - Street Lights On,Y,N
509,Block,E INTERLAKEN BLVD BETWEEN 24TH AVE E AND LAKE WASHINGTON BLVD E,1,Property Damage Only Collision,Parked Car,2,0,0,2,0,0,0,2020/04/09 00:00:00+00,N,Clear,Dry,Daylight,NA,Y
510,Block,BOREN AVE N BETWEEN JOHN ST AND THOMAS ST,1,Property Damage Only Collision,Parked Car,2,0,0,2,0,0,0,2020/06/12 00:00:00+00,N,Overcast,Dry,Dusk,NA,N
511,Block,S MICHIGAN ST BETWEEN 7TH AVE S AND CORSON AVE S,2,Injury Collision,NA,2,0,0,0,1,0,0,2020/04/25 00:00:00+00,NA,NA,NA,NA,NA,N
512,Block,E GALER ST BETWEEN 20TH AVE E AND 21ST AVE E,1,Property Damage Only Collision,Parked Car,2,0,0,2,0,0,0,2020/02/24 00:00:00+00,N,Clear,Dry,Daylight,NA,Y
513,Intersection,5TH AVE AND JAMES ST,2,Injury Collision,Angles,4,0,0,2,1,0,0,2020/11/01 00:00:00+00,N,Clear,Dry,Daylight,NA,N
514,Intersection,M L KING JR WR WAY S AND S TRENTON ST,1,Property Damage Only Collision,NA,1,0,0,0,0,0,0,2020/11/13 00:00:00+00,NA,NA,NA,NA,NA,N
515,Block,36TH AVE SW BETWEEN SW CAMBRIDGE ST AND SW ROXBURY ST,1,Property Damage Only Collision,Parked Car,2,0,0,2,0,0,0,2020/06/07 00:00:00+00,N,Clear,Dry,Daylight,Y,N
516,Block,PASADENA PL NE BETWEEN NE 40 UPPER ST AND NE 42ND ST,1,Property Damage Only Collision,NA,2,0,0,0,0,0,0,2020/11/10 00:00:00+00,NA,NA,NA,NA,NA,Y
517,Block,NE 145TH ST BETWEEN 20TH AVE NE AND 22ND AVE NE,1,Property Damage Only Collision,NA,2,0,0,0,0,0,0,2020/10/14 00:00:00+00,NA,NA,NA,NA,NA,N
518,Intersection,7TH AVE AND JAMES ST,1,Property Damage Only Collision,NA,2,0,0,0,0,0,0,2020/11/28 00:00:00+00,NA,NA,NA,NA,NA,N
519,Intersection,8TH AVE W AND W HOWE ST,2,Injury Collision,Angles,4,0,0,3,1,0,0,2020/02/02 00:00:00+00,N,Clear,Unknown,Dark - Street Lights On,NA,N
520,Block,MONTLAKE BLVD NE BETWEEN NE PACIFIC PL AND 25TH AVE NE,1,Property Damage Only Collision,NA,3,0,0,0,0,0,0,2020/11/12 00:00:00+00,NA,NA,NA,NA,NA,N
521,Intersection,2ND AVE SW AND HIGHLAND PARK WAY SW,1,Property Damage Only Collision,Angles,2,0,0,2,0,0,0,2020/06/10 00:00:00+00,N,Overcast,Dry,Dark - Street Lights On,NA,N
523,Block,DENSMORE AVE N BETWEEN N 47TH ST AND N 48TH ST,0,Unknown,NA,2,0,0,0,0,0,0,2020/10/18 00:00:00+00,NA,NA,NA,NA,NA,Y
524,Intersection,20TH AVE NW AND NW 65TH ST,2,Injury Collision,Pedestrian,2,1,0,1,1,0,0,2020/10/22 00:00:00+00,N,Clear,Dry,Daylight,NA,N
525,Block,AURORA AVE N BETWEEN N 117TH PL AND N 125TH ST,1,Property Damage Only Collision,NA,2,0,0,0,0,0,0,2020/11/10 00:00:00+00,NA,NA,NA,NA,NA,N
526,Block,ALKI AVE SW BETWEEN 62ND AVE SW AND 63RD AVE SW,0,Unknown,NA,0,0,0,0,0,0,0,2020/11/21 00:00:00+00,NA,NA,NA,NA,NA,N
527,Block,RAINIER AVE S BETWEEN S MORGAN ST AND S WARSAW ST,1,Property Damage Only Collision,Rear Ended,2,0,0,2,0,0,0,2020/10/22 00:00:00+00,N,Overcast,Dry,Daylight,NA,N
528,Intersection,BROADWAY E AND E ALOHA ST,1,Property Damage Only Collision,Parked Car,2,0,0,2,0,0,0,2020/10/15 00:00:00+00,N,Clear,Dry,Daylight,NA,Y
529,Block,1ST AV S BR NB BETWEEN EAST MARGINAL WAY S AND 1ST AV S NB OFF RP,1,Property Damage Only Collision,Rear Ended,2,0,0,2,0,0,0,2020/10/06 00:00:00+00,N,Clear,Dry,Daylight,NA,N
530,Intersection,EAST MARGINAL WAY S AND S SPOKANE NR ST,2b,Serious Injury Collision,NA,4,0,0,0,4,0,0,2020/06/18 00:00:00+00,NA,NA,NA,NA,NA,N
531,Intersection,9TH AVE N AND MERCER SR ST,1,Property Damage Only Collision,Left Turn,2,0,0,2,0,0,0,2020/10/30 00:00:00+00,N,Clear,Dry,Daylight,NA,N
532,Block,WEST MARGINAL WAY SW BETWEEN SW SPOKANE ST AND WEST MARGINAL TURN RD,0,Unknown,NA,0,0,0,0,0,0,0,2020/11/23 00:00:00+00,NA,NA,NA,NA,NA,Y
533,Intersection,M L KING JR WAY AND E OLIVE ST,2,Injury Collision,Cycles,2,0,1,1,1,0,0,2020/10/19 00:00:00+00,N,Overcast,Dry,Daylight,NA,N
534,Block,WABASH AVE S BETWEEN CLOVERDALE PL S AND 53RD AVE S,1,Property Damage Only Collision,Parked Car,2,0,0,2,0,0,0,2020/05/12 00:00:00+00,N,Overcast,Wet,Dark - Street Lights On,NA,Y
535,Block,MAGNOLIA BLVD W BETWEEN W HOWE C ST AND 34TH CT W,2,Injury Collision,Parked Car,2,0,0,2,1,0,0,2020/06/09 00:00:00+00,N,Raining,Wet,Daylight,NA,Y
536,Block,DENSMORE AVE N BETWEEN N 97TH ST AND N 100TH W ST,1,Property Damage Only Collision,NA,2,0,0,0,0,0,0,2020/06/13 00:00:00+00,NA,NA,NA,NA,NA,Y
537,Intersection,24TH AVE NW AND NW 58TH ST,0,Unknown,NA,2,0,0,0,0,0,0,2020/10/16 00:00:00+00,NA,NA,NA,NA,NA,Y
538,Block,CALIFORNIA AVE SW BETWEEN SW COLLEGE ST AND SW ADMIRAL WAY,1,Property Damage Only Collision,NA,2,0,0,0,0,0,0,2020/10/23 00:00:00+00,NA,NA,NA,NA,NA,N
539,Block,NW IONE PL BETWEEN RUSSELL AVE NW AND LEARY AVE NW,0,Unknown,NA,2,0,0,0,0,0,0,2020/11/12 00:00:00+00,NA,NA,NA,NA,NA,Y
540,Intersection,BEACON AVE S AND S SPOKANE ST,1,Property Damage Only Collision,Sideswipe,3,0,0,2,0,0,0,2020/09/11 00:00:00+00,N,Overcast,Dry,Daylight,NA,N
541,Block,BOREN AVE BETWEEN MARION ST AND MADISON ST,1,Property Damage Only Collision,Rear Ended,3,0,0,2,0,0,0,2020/02/02 00:00:00+00,N,Clear,Dry,Dark - Street Lights On,NA,N
542,Block,S BRIGHTON ST BETWEEN 30TH AVE S AND 32ND AVE S,1,Property Damage Only Collision,Parked Car,2,0,0,2,0,0,0,2020/11/01 00:00:00+00,N,Clear,Dry,Daylight,NA,Y
543,NA,NA,0,Unknown,NA,0,0,0,0,0,0,0,2020/07/19 00:00:00+00,NA,NA,NA,NA,NA,Y
544,Intersection,145TH ST ON RP AND NE 145TH ST,1,Property Damage Only Collision,NA,2,0,0,0,0,0,0,2020/11/03 00:00:00+00,NA,NA,NA,NA,NA,N
545,Alley,NA,1,Property Damage Only Collision,Other,3,0,0,2,0,0,0,2020/01/28 00:00:00+00,N,Raining,Wet,Daylight,NA,N
546,Block,SW AVALON WAY BETWEEN 35TH AVE SW AND 36TH AVE SW,1,Property Damage Only Collision,Parked Car,2,0,0,2,0,0,0,2020/09/30 00:00:00+00,N,Other,Unknown,Unknown,NA,N
547,Intersection,HIGHLAND PARK WAY SW AND WEST MARGINAL WAY SW,1,Property Damage Only Collision,NA,2,0,0,0,0,0,0,2020/12/05 00:00:00+00,NA,NA,NA,NA,NA,N
548,Block,MINOR AVE N BETWEEN VALLEY ST AND ALOHA ST,1,Property Damage Only Collision,NA,2,0,0,0,0,0,0,2020/05/04 00:00:00+00,NA,NA,NA,NA,NA,Y
549,Block,SW GRAHAM ST BETWEEN 35TH AVE SW AND 36TH AVE SW,1,Property Damage Only Collision,NA,2,0,0,0,0,0,0,2020/06/14 00:00:00+00,NA,NA,NA,NA,NA,N
550,Intersection,1ST AVE S AND RAILROAD N WAY S,1,Property Damage Only Collision,Left Turn,2,0,0,2,0,0,0,2020/06/04 00:00:00+00,N,Clear,Dry,Daylight,NA,N
552,Intersection,STANLEY AVE S AND S ALBRO PL,1,Property Damage Only Collision,Rear Ended,2,0,0,2,0,0,0,2020/10/11 00:00:00+00,N,Clear,Wet,Dark - Street Lights On,NA,N
553,Block,RAINIER AVE S BETWEEN S ELMGROVE ST AND S ROSE N ST,2,Injury Collision,NA,3,0,0,0,1,0,0,2020/10/31 00:00:00+00,NA,NA,NA,NA,NA,N
554,Block,M L KING JR WAY S BETWEEN E YESLER WAY AND S WASHINGTON ST,0,Unknown,NA,0,0,0,0,0,0,0,2020/11/01 00:00:00+00,NA,NA,NA,NA,NA,N
555,Block,NE 145TH ST BETWEEN 1ST AVE NE AND 4TH AVE NE,1,Property Damage Only Collision,Other,2,0,0,2,0,0,0,2020/02/07 00:00:00+00,N,Raining,Wet,Dark - Unknown Lighting,NA,N
556,Intersection,ROOSEVELT WAY NE AND NE 125TH S ST,2,Injury Collision,Other,2,0,0,2,1,0,0,2020/09/27 00:00:00+00,N,Clear,Dry,Dark - Street Lights On,NA,N
557,Block,M L KING JR ER WAY S BETWEEN S WALDEN ST AND RENTON N AVE S,1,Property Damage Only Collision,NA,2,0,0,0,0,0,0,2020/12/04 00:00:00+00,NA,NA,NA,NA,NA,N
558,Intersection,AURORA AVE N AND KEEN WAY N,1,Property Damage Only Collision,NA,1,0,0,0,0,0,0,2020/11/25 00:00:00+00,NA,NA,NA,NA,NA,N
559,Intersection,M L KING JR WR WAY S AND S MYRTLE ST,0,Unknown,NA,0,0,0,0,0,0,0,2020/11/19 00:00:00+00,NA,NA,NA,NA,NA,N
560,Intersection,4TH AVE NB OFF RP AND EDGAR MARTINEZ DR S,1,Property Damage Only Collision,Angles,2,0,0,2,0,0,0,2020/02/08 00:00:00+00,N,Overcast,Dry,Dark - Street Lights On,NA,N
562,Intersection,INTERLAKE AVE N AND N NORTHGATE WAY,1,Property Damage Only Collision,NA,2,0,0,0,0,0,0,2020/10/28 00:00:00+00,NA,NA,NA,NA,NA,N
563,Intersection,AURORA AVE N AND N 130TH ST,1,Property Damage Only Collision,NA,2,0,0,0,0,0,0,2020/11/17 00:00:00+00,NA,NA,NA,NA,NA,N
564,Intersection,1ST AVE AND YESLER WAY,1,Property Damage Only Collision,Rear Ended,2,0,0,2,0,0,0,2020/06/15 00:00:00+00,N,Clear,Dry,Daylight,NA,N
565,Block,39TH AVE S BETWEEN S AUSTIN ST AND S HOLDEN ST,1,Property Damage Only Collision,Parked Car,2,0,0,2,0,0,0,2020/05/27 00:00:00+00,N,Clear,Dry,Dark - Street Lights On,NA,N
566,Block,18TH AVE SW BETWEEN SW ELMGROVE ST AND SW THISTLE ST,1,Property Damage Only Collision,NA,1,0,0,0,0,0,0,2020/06/15 00:00:00+00,NA,NA,NA,NA,NA,Y
567,Block,NW MARKET ST BETWEEN NW 49TH ST AND NW 50TH ST,1,Property Damage Only Collision,NA,2,0,0,0,0,0,0,2020/06/13 00:00:00+00,NA,NA,NA,NA,NA,N
569,Block,N 80TH ST BETWEEN LINDEN AVE N AND AURORA AVE N,1,Property Damage Only Collision,NA,2,0,0,0,0,0,0,2020/05/27 00:00:00+00,NA,NA,NA,NA,NA,N
570,Block,VALLEY ST BETWEEN FAIRVIEW AVE N AND MINOR AVE N,2,Injury Collision,Rear Ended,3,0,0,2,1,0,0,2020/10/28 00:00:00+00,N,Clear,Dry,Daylight,NA,N
571,Block,MARION ST BETWEEN 5TH AVE AND 6TH AVE,1,Property Damage Only Collision,NA,2,0,0,0,0,0,0,2020/11/24 00:00:00+00,NA,NA,NA,NA,NA,Y
572,Block,1ST AVE BETWEEN PIKE ST AND PINE ST,2,Injury Collision,Rear Ended,2,0,0,2,1,0,0,2020/01/27 00:00:00+00,N,Raining,Wet,Dark - Street Lights On,NA,N
573,Block,24TH AVE BETWEEN E COLUMBIA ST AND E MARION ST,1,Property Damage Only Collision,NA,2,0,0,0,0,0,0,2020/11/07 00:00:00+00,NA,NA,NA,NA,NA,Y
574,Intersection,25TH AVE NE AND NE 145TH ST,1,Property Damage Only Collision,NA,2,0,0,0,0,0,0,2020/10/06 00:00:00+00,NA,NA,NA,NA,NA,N
575,Intersection,DAYTON AVE N AND N 72ND ST,2,Injury Collision,NA,3,0,0,0,2,0,0,2020/11/24 00:00:00+00,NA,NA,NA,NA,NA,N
576,Block,NW 65TH ST BETWEEN 22ND W AVE NW AND 23RD AVE NW,0,Unknown,NA,2,0,0,0,0,0,0,2020/11/15 00:00:00+00,NA,NA,NA,NA,NA,Y
577,Block,W BERTONA ST BETWEEN 15TH AVE W AND 16TH AVE W,1,Property Damage Only Collision,Parked Car,2,0,0,2,0,0,0,2020/06/03 00:00:00+00,N,Clear,Dry,Daylight,NA,N
578,Block,ALASKAN WAY BETWEEN COLUMBIA ST AND MARION ST,2,Injury Collision,Cycles,3,0,1,1,1,0,0,2020/06/04 00:00:00+00,N,Clear,Dry,Daylight,NA,N
579,Block,35TH AVE SW BETWEEN SW TRENTON ST AND SW HENDERSON ST,2,Injury Collision,NA,3,0,0,0,1,0,0,2020/10/06 00:00:00+00,NA,NA,NA,NA,NA,N
580,Intersection,46TH AVE SW AND SW HILL ST,1,Property Damage Only Collision,Angles,2,0,0,2,0,0,0,2020/05/29 00:00:00+00,N,Clear,Dry,Daylight,NA,N
582,Block,AURORA AVE N BETWEEN N 137TH ST AND N 140TH ST,1,Property Damage Only Collision,NA,2,0,0,0,0,0,0,2020/10/26 00:00:00+00,NA,NA,NA,NA,NA,N
583,Block,11TH AVE BETWEEN E MADISON ST AND E UNION ST,1,Property Damage Only Collision,NA,2,0,0,0,0,0,0,2020/06/03 00:00:00+00,NA,NA,NA,NA,NA,N
584,Intersection,37TH AVE E AND E MCGILVRA ST,1,Property Damage Only Collision,NA,1,0,0,0,0,0,0,2020/11/16 00:00:00+00,NA,NA,NA,NA,NA,N
585,Intersection,45TH AVE SW AND MARINE VIEW DR SW,2,Injury Collision,NA,2,0,0,0,1,0,0,2020/12/01 00:00:00+00,NA,NA,NA,NA,NA,N
586,Intersection,45TH AVE SW AND SW FINDLAY ST,1,Property Damage Only Collision,NA,2,0,0,0,0,0,0,2020/12/12 00:00:00+00,NA,NA,NA,NA,NA,N
587,Block,37TH AVE S BETWEEN S JUNEAU ST AND M L KING JR ER WAY S,1,Property Damage Only Collision,Other,2,0,0,2,0,0,0,2020/09/22 00:00:00+00,N,Clear,Dry,Dark - Street Lights On,NA,Y
588,Block,QUEEN ANNE AVE N BETWEEN ROY ST AND W ROY ST,2,Injury Collision,Rear Ended,5,0,0,4,1,0,0,2020/09/21 00:00:00+00,N,Clear,Dry,Daylight,NA,N
589,Intersection,8TH AVE NW AND NW 95TH ST,1,Property Damage Only Collision,NA,2,0,0,0,0,0,0,2020/11/14 00:00:00+00,NA,NA,NA,NA,NA,N
590,Block,14TH AVE BETWEEN E UNION ST AND E MADISON ST,1,Property Damage Only Collision,Parked Car,2,0,0,2,0,0,0,2020/10/31 00:00:00+00,N,Clear,Dry,Daylight,NA,N
591,Block,29TH AVE BETWEEN E COLUMBIA ST AND E MARION ST,0,Unknown,NA,2,0,0,0,0,0,0,2020/11/09 00:00:00+00,NA,NA,NA,NA,NA,Y
593,Intersection,13TH AVE S AND S WALKER ST,0,Unknown,NA,0,0,0,0,0,0,0,2020/11/09 00:00:00+00,NA,NA,NA,NA,NA,Y
594,Block,SW SPOKANE ST BETWEEN S SPOKANE ST AND SW KLICKITAT SR WAY,2b,Serious Injury Collision,NA,3,0,0,0,1,0,0,2020/10/10 00:00:00+00,NA,NA,NA,NA,NA,N
595,Block,AIRPORT SB WAY S BETWEEN S ROYAL BROUGHAM WAY AND AIRPORT WAY SB OFF RP,1,Property Damage Only Collision,Sideswipe,3,0,0,2,0,0,0,2020/10/21 00:00:00+00,N,Clear,Dry,Daylight,NA,N
596,Intersection,SUNNYSIDE AVE N AND N 145TH ST,1,Property Damage Only Collision,Angles,2,0,0,2,0,0,0,2020/02/05 00:00:00+00,N,Raining,Wet,Daylight,NA,N
597,Block,WEST MARGINAL WAY S BETWEEN 1ST AVE S AND S HOLDEN ST,2,Injury Collision,Rear Ended,4,0,0,3,2,0,0,2020/05/15 00:00:00+00,N,Clear,Dry,Daylight,NA,N
598,Intersection,SUMMIT AVE AND E HOWELL W ST,1,Property Damage Only Collision,NA,2,0,0,0,0,0,0,2020/06/12 00:00:00+00,NA,NA,NA,NA,NA,N
599,Block,N 67TH ST BETWEEN PHINNEY N AVE N AND DAYTON AVE N,1,Property Damage Only Collision,Parked Car,2,0,0,2,0,0,0,2020/10/24 00:00:00+00,N,Other,Unknown,Unknown,NA,Y