OBJECTID,ADDRTYPE,LOCATION,SEVERITYCODE,SEVERITYDESC,COLLISIONTYPE,PERSONCOUNT,PEDCOUNT,PEDCYLCOUNT,VEHCOUNT,INJURIES,SERIOUSINJURIES,FATALITIES,INCDATE,UNDERINFL,WEATHER,ROADCOND,LIGHTCOND,SPEEDING,HITPARKEDCAR
600,Block,MERCER ST BETWEEN 4TH AVE N AND 5TH AVE N,2b,Serious Injury Collision,Cycles,2,0,1,1,1,1,0,2020/10/31 00:00:00+00,N,Clear,Dry,Dark - Street Lights On,NA,N
601,Block,S ROSE ST BETWEEN WABASH AVE S AND WOLCOTT AVE S,1,Property Damage Only Collision,Parked Car,2,0,0,2,0,0,0,2020/10/29 00:00:00+00,N,Clear,Dry,Daylight,NA,N
602,Intersection,ELLIS AVE S AND S MYRTLE ST,1,Property Damage Only Collision,NA,2,0,0,0,0,0,0,2020/11/19 00:00:00+00,NA,NA,NA,NA,NA,N
603,Block,SW DAWSON ST BETWEEN 41ST AVE SW AND 42ND AVE SW,1,Property Damage Only Collision,Parked Car,2,0,0,2,0,0,0,2020/02/11 00:00:00+00,N,Clear,Dry,Dark - Street Lights On,NA,Y
604,NA,NA,0,Unknown,NA,0,0,0,0,0,0,0,2020/11/13 00:00:00+00,NA,NA,NA,NA,NA,N
605,Block,S NORMAN ST BETWEEN 20TH AVE S AND 21ST AVE S,0,Unknown,NA,0,0,0,0,0,0,0,2020/12/16 00:00:00+00,NA,NA,NA,NA,NA,Y
606,Block,14TH AVE W BETWEEN W BERTONA ST AND W RUFFNER ST,0,Unknown,NA,0,0,0,0,0,0,0,2020/11/11 00:00:00+00,NA,NA,NA,NA,NA,Y
607,Block,W EMERSON ST BETWEEN SHIP CANAL TRL AND W EMERSON PL,2b,Serious Injury Collision,Other,2,0,0,1,1,1,0,2020/05/19 00:00:00+00,N,Clear,Dry,Dark - Street Lights On,Y,N
608,Block,27TH AVE NE BETWEEN NE 127TH ST AND NE 130TH ST,1,Property Damage Only Collision,NA,2,0,0,0,0,0,0,2020/05/26 00:00:00+00,NA,NA,NA,NA,NA,Y
609,Intersection,ROOSEVELT WAY NE AND NE 98TH ST,1,Property Damage Only Collision,Other,1,0,0,1,0,0,0,2020/06/07 00:00:00+00,N,Clear,Dry,Daylight,NA,N
610,Block,SW DAWSON ST BETWEEN 42ND AVE SW AND CALIFORNIA S AVE SW,1,Property Damage Only Collision,Parked Car,4,0,0,4,0,0,0,2020/06/05 00:00:00+00,N,Overcast,Dry,Dusk,NA,Y
611,Block,12TH AVE S BETWEEN S CHARLES S ST AND S JUDKINS ST,1,Property Damage Only Collision,Angles,2,0,0,2,0,0,0,2020/06/09 00:00:00+00,N,Raining,Wet,Daylight,NA,N
612,Block,RAINIER AVE S BETWEEN S GARDEN ST AND S OTHELLO ST,2,Injury Collision,Left Turn,2,0,0,2,1,0,0,2020/05/29 00:00:00+00,N,Clear,Dry,Daylight,NA,N
613,Block,23RD AVE BETWEEN E OLIVE S ST AND E OLIVE N ST,1,Property Damage Only Collision,NA,2,0,0,0,0,0,0,2020/11/17 00:00:00+00,NA,NA,NA,NA,NA,N
614,Block,CHERRY ST BETWEEN 6TH AVE AND CHERRY ST ON RP,1,Property Damage Only Collision,NA,1,0,0,0,0,0,0,2020/06/10 00:00:00+00,NA,NA,NA,NA,NA,N
615,Block,NE 81ST ST BETWEEN LATONA AVE NE AND 4TH AVE NE,1,Property Damage Only Collision,Parked Car,2,0,0,2,0,0,0,2020/08/23 00:00:00+00,N,Other,Dry,Unknown,NA,Y
616,Intersection,3RD AVE NW AND NW 79TH ST,2,Injury Collision,NA,3,0,0,0,1,0,0,2020/11/20 00:00:00+00,NA,NA,NA,NA,NA,N
617,Block,W MERCER ST BETWEEN 3RD AVE W AND 4TH AVE W,0,Unknown,NA,2,0,0,0,0,0,0,2020/11/27 00:00:00+00,NA,NA,NA,NA,NA,Y
618,Intersection,15TH AVE S AND S BAYVIEW ST,2,Injury Collision,Angles,4,0,0,3,3,0,0,2020/10/16 00:00:00+00,N,Clear,Dry,Dark - Street Lights On,NA,N
619,Block,SW ROXBURY ST BETWEEN 11TH AVE SW AND 12TH AVE SW,0,Unknown,NA,0,0,0,0,0,0,0,2020/05/30 00:00:00+00,NA,NA,NA,NA,NA,N
620,Intersection,3RD AVE AND SPRING ST,1,Property Damage Only Collision,NA,2,0,0,0,0,0,0,2020/11/24 00:00:00+00,NA,NA,NA,NA,NA,N
621,Intersection,3RD AVE W AND W NICKERSON ST,1,Property Damage Only Collision,Left Turn,3,0,0,2,0,0,0,2020/10/30 00:00:00+00,N,Clear,Dry,Daylight,NA,N
623,Block,MAGNOLIA BR WB BETWEEN W GALER ST FLYOVER AND MAGNOLIA E BR,0,Unknown,NA,0,0,0,0,0,0,0,2020/11/16 00:00:00+00,NA,NA,NA,NA,NA,N
624,Intersection,35TH AVE NE AND NE 94TH ST,2,Injury Collision,Left Turn,3,0,0,2,2,0,0,2020/02/06 00:00:00+00,N,Overcast,Wet,Dark - Street Lights On,NA,N
625,Block,WEST MARGINAL WAY S BETWEEN 1ST AVE S AND S HOLDEN ST,2,Injury Collision,Rear Ended,2,0,0,2,1,0,0,2020/05/13 00:00:00+00,N,Clear,Dry,Daylight,Y,N
626,Block,S COLUMBIAN WAY BETWEEN COLUMBIA DR S AND BEACON WR AVE S,2,Injury Collision,NA,4,0,0,0,4,0,0,2020/11/09 00:00:00+00,NA,NA,NA,NA,NA,N
627,Intersection,51ST AVE S AND S RYAN WAY,1,Property Damage Only Collision,NA,2,0,0,0,0,0,0,2020/10/23 00:00:00+00,NA,NA,NA,NA,NA,N
628,Intersection,15TH AVE S AND S ATLANTIC ST,1,Property Damage Only Collision,Other,3,0,0,2,0,0,0,2020/10/11 00:00:00+00,N,Overcast,Wet,Dark - Street Lights On,NA,N
629,Block,22ND AVE NW BETWEEN NW 70TH ST AND NW 73RD ST,0,Unknown,NA,2,0,0,0,0,0,0,2020/11/11 00:00:00+00,NA,NA,NA,NA,NA,Y
630,Block,E MADISON ST BETWEEN 17TH AVE AND 18TH AVE,2,Injury Collision,Left Turn,2,0,0,2,1,0,0,2020/09/21 00:00:00+00,N,Clear,Dry,Daylight,NA,N
631,Block,NE LAURELCREST LN BETWEEN DEAD END AND 51ST AVE NE,0,Unknown,NA,2,0,0,0,0,0,0,2020/06/19 00:00:00+00,NA,NA,NA,NA,NA,Y
632,Block,LAKE CITY WAY NE BETWEEN NE 110TH ST AND NE NORTHGATE WAY,1,Property Damage Only Collision,Angles,3,0,0,2,0,0,0,2020/09/12 00:00:00+00,N,Fog/Smog/Smoke,Dry,Dusk,NA,N
633,Intersection,3RD AVE NE AND NE 112TH ST,0,Unknown,NA,0,0,0,0,0,0,0,2020/12/06 00:00:00+00,NA,NA,NA,NA,NA,N
634,Block,NE 127TH ST BETWEEN 28TH AVE NE AND 30TH AVE NE,1,Property Damage Only Collision,Other,2,0,0,1,0,0,0,2020/10/20 00:00:00+00,N,Clear,Dry,Daylight,NA,N
635,Block,S SPOKANE ST BETWEEN HINDS PL S AND 15TH AVE S,0,Unknown,NA,0,0,0,0,0,0,0,2020/12/04 00:00:00+00,NA,NA,NA,NA,NA,N
636,Block,4TH AVE S BETWEEN S ROYAL BROUGHAM WAY AND 4TH AVE NB OFF RP,2,Injury Collision,Other,3,0,0,2,3,0,0,2020/06/02 00:00:00+00,N,Clear,Dry,Dawn,NA,N
637,Block,RAINIER AVE S BETWEEN S CLOVERDALE ST AND S HENDERSON ST,1,Property Damage Only Collision,NA,1,0,0,0,0,0,0,2020/10/31 00:00:00+00,NA,NA,NA,NA,NA,N
638,Block,NE 54TH ST BETWEEN 22ND WR AVE NE AND 22ND AVE NE,1,Property Damage Only Collision,NA,2,0,0,0,0,0,0,2020/10/23 00:00:00+00,NA,NA,NA,NA,NA,N
639,Block,AURORA AVE N BETWEEN N 82ND ST AND GREEN LAKE DR N,2,Injury Collision,NA,2,0,0,0,1,0,0,2020/11/24 00:00:00+00,NA,NA,NA,NA,NA,N
640,Intersection,18TH AVE S AND S JACKSON ST,0,Unknown,NA,0,0,0,0,0,0,0,2020/11/02 00:00:00+00,NA,NA,NA,NA,NA,Y
641,Block,ALASKAN WY VI NB BETWEEN ALASKAN WY VI NB ON RP AND S LANDER ST,1,Property Damage Only Collision,Rear Ended,2,0,0,2,0,0,0,2020/10/14 00:00:00+00,N,Clear,Dry,Daylight,NA,N
642,Block,SW ALASKA ST BETWEEN 42ND AVE SW AND CALIFORNIA AVE SW,1,Property Damage Only Collision,NA,2,0,0,0,0,0,0,2020/10/21 00:00:00+00,NA,NA,NA,NA,NA,N
643,Block,POST AL BETWEEN PIKE PL AND PINE ST,1,Property Damage Only Collision,NA,2,0,0,0,0,0,0,2020/11/18 00:00:00+00,NA,NA,NA,NA,NA,Y
644,Block,BANNER WAY NE BETWEEN NE 80TH ST AND 85TH ST ON RP,1,Property Damage Only Collision,Angles,3,0,0,2,0,0,0,2020/09/29 00:00:00+00,N,Clear,Dry,Daylight,NA,N
645,Block,AURORA AVE N BETWEEN N 141ST ST AND N 143RD ST,2,Injury Collision,NA,2,0,0,0,1,0,0,2020/06/17 00:00:00+00,NA,NA,NA,NA,NA,N
646,Intersection,BELLEVUE AVE E AND E JOHN ST,1,Property Damage Only Collision,Angles,2,0,0,2,0,0,0,2020/10/15 00:00:00+00,N,Clear,Dry,Daylight,NA,N
647,Block,NW 48TH ST BETWEEN 9TH AVE NW AND LEARY WAY NW,0,Unknown,NA,0,0,0,0,0,0,0,2020/11/30 00:00:00+00,NA,NA,NA,NA,NA,N
648,Intersection,CLEOPATRA PL NW AND NW 65TH ST,0,Unknown,NA,0,0,0,0,0,0,0,2020/10/11 00:00:00+00,NA,NA,NA,NA,NA,N
649,Intersection,MERIDIAN AVE N AND N NORTHGATE WAY,1,Property Damage Only Collision,Other,1,0,0,1,0,0,0,2020/06/03 00:00:00+00,N,Clear,Dry,Daylight,NA,N
650,Block,SR509 NB BETWEEN KENYON ON RP AND 1ST AV S ON RP,2,Injury Collision,Other,1,0,0,1,1,0,0,2020/05/02 00:00:00+00,N,Overcast,Wet,Daylight,Y,N
651,Block,S FERDINAND ST BETWEEN 14TH N AVE S AND 15TH AVE S,1,Property Damage Only Collision,Other,1,0,0,1,0,0,0,2020/11/05 00:00:00+00,N,Raining,Wet,Dark - Street Lights On,NA,N
652,Block,32ND AVE S BETWEEN S ALASKA ST AND S ANGELINE ST,0,Unknown,NA,0,0,0,0,0,0,0,2020/10/12 00:00:00+00,NA,NA,NA,NA,NA,Y
653,Block,WESTERN AVE BETWEEN PIKE ST AND PINE ST,0,Unknown,NA,2,0,0,0,0,0,0,2020/11/22 00:00:00+00,NA,NA,NA,NA,NA,Y
654,Intersection,MONTLAKE BLVD E AND EAST MONTLAKE PL E,2,Injury Collision,Cycles,2,0,1,1,1,0,0,2020/09/20 00:00:00+00,N,Clear,Dry,Daylight,NA,N
656,Intersection,48TH AVE SW AND BEACH DR SW,1,Property Damage Only Collision,Sideswipe,2,0,0,2,0,0,0,2020/11/03 00:00:00+00,N,Overcast,Wet,Dark - Street Lights On,NA,N
657,Block,30TH AVE S BETWEEN E YESLER WAY AND S WASHINGTON ST,0,Unknown,NA,0,0,0,0,0,0,0,2020/12/07 00:00:00+00,NA,NA,NA,NA,NA,Y
658,Block,NW 96TH ST BETWEEN 19TH AVE NW AND 21ST AVE NW,0,Unknown,NA,0,0,0,0,0,0,0,2020/12/02 00:00:00+00,NA,NA,NA,NA,NA,N
659,Intersection,HOLMAN RD NW AND NW 90TH ST,2b,Serious Injury Collision,Angles,2,0,0,2,1,1,0,2020/05/27 00:00:00+00,N,Blowing Snow,NA,Daylight,NA,N
660,NA,NA,0,Unknown,NA,0,0,0,0,0,0,0,2020/11/01 00:00:00+00,NA,NA,NA,NA,NA,N
661,Block,5TH AVE N BETWEEN MERCER ST AND ROY ST,1,Property Damage Only Collision,Parked Car,2,0,0,2,0,0,0,2020/05/28 00:00:00+00,N,Clear,Dry,Daylight,NA,N
662,Intersection,RAINIER AVE S AND S HOLGATE ST,2b,Serious Injury Collision,Left Turn,2,0,0,2,2,1,0,2020/06/08 00:00:00+00,N,Overcast,Dry,Daylight,Y,N
663,Block,WESTERN AVE BETWEEN LENORA ST AND BLANCHARD ST,2,Injury Collision,Cycles,2,0,1,1,1,0,0,2020/06/10 00:00:00+00,N,Clear,Dry,Daylight,NA,N
665,Intersection,14TH AVE S AND DALLAS AVE S,1,Property Damage Only Collision,Angles,2,0,0,2,0,0,0,2020/05/22 00:00:00+00,N,Overcast,Dry,Daylight,NA,N
666,Block,21ST AVE NE BETWEEN NE 47TH ST AND NE 50TH ST,0,Unknown,NA,0,0,0,0,0,0,0,2020/11/21 00:00:00+00,NA,NA,NA,NA,NA,Y
667,Block,RAINIER AVE S BETWEEN I90 EB OFF RP AND RAINIER NB I90 EB ON RP,2,Injury Collision,NA,2,0,0,0,1,0,0,2020/06/04 00:00:00+00,NA,NA,NA,NA,NA,N
668,Intersection,OCCIDENTAL AVE S AND S HOLGATE ST,2,Injury Collision,NA,2,0,0,0,2,0,0,2020/11/13 00:00:00+00,NA,NA,NA,NA,NA,N
669,Block,SENECA ST BETWEEN MINOR AVE AND SUMMIT AVE,0,Unknown,NA,0,0,0,0,0,0,0,2020/12/01 00:00:00+00,NA,NA,NA,NA,NA,Y
670,Block,12TH AVE S BETWEEN S DAKOTA ST AND S NEVADA ST,0,Unknown,NA,0,0,0,0,0,0,0,2020/11/28 00:00:00+00,NA,NA,NA,NA,NA,Y
671,Block,MELROSE AVE BETWEEN OLIVE WAY AND E OLIVE PL,2,Injury Collision,Rear Ended,3,0,0,2,2,0,0,2020/10/23 00:00:00+00,N,Raining,Wet,Dark - Street Lights On,NA,N
672,Block,JAMES ST BETWEEN 5TH AVE AND 6TH AVE,2,Injury Collision,Rear Ended,3,0,0,2,1,0,0,2020/10/23 00:00:00+00,N,Clear,Dry,Daylight,NA,N
673,Intersection,19TH AVE S AND S FERDINAND ST,0,Unknown,NA,0,0,0,0,0,0,0,2020/11/04 00:00:00+00,NA,NA,NA,NA,NA,Y
674,Block,SW TRENTON ST BETWEEN 14TH E AVE SW AND 14TH W AVE SW,0,Unknown,NA,0,0,0,0,0,0,0,2020/06/15 00:00:00+00,NA,NA,NA,NA,NA,Y
675,Block,AURORA AVE N BETWEEN N 68TH ST AND N 70TH ST,2,Injury Collision,Rear Ended,4,0,0,3,2,0,0,2020/10/22 00:00:00+00,N,Clear,Dry,Daylight,Y,N
676,Block,EAST GREEN LAKE WAY N BETWEEN SUNNYSIDE AVE N AND 1ST AVE NE,0,Unknown,NA,2,0,0,0,0,0,0,2020/12/07 00:00:00+00,NA,NA,NA,NA,NA,Y
677,Block,NE 145TH ST BETWEEN 1ST AVE NE AND 4TH AVE NE,1,Property Damage Only Collision,Other,1,0,0,1,0,0,0,2020/02/01 00:00:00+00,N,Overcast,Wet,Daylight,Y,N
678,Intersection,3RD AVE NW AND NW 89TH ST,1,Property Damage Only Collision,Left Turn,2,0,0,2,0,0,0,2020/06/10 00:00:00+00,N,Clear,Dry,Dawn,NA,N
679,Intersection,STONE WAY N AND N 40TH ST,2,Injury Collision,Angles,2,0,0,2,1,0,0,2020/09/14 00:00:00+00,N,Clear,Dry,Daylight,NA,N
680,Block,W FLORENTIA ST BETWEEN 1ST AVE W AND 3 UPPER AVE W,0,Unknown,NA,2,0,0,0,0,0,0,2020/10/22 00:00:00+00,NA,NA,NA,NA,NA,Y
681,Block,NW MARKET ST BETWEEN 8TH AVE NW AND 9TH AVE NW,1,Property Damage Only Collision,NA,2,0,0,0,0,0,0,2020/10/21 00:00:00+00,NA,NA,NA,NA,NA,N
682,Block,M L KING JR WR WAY S BETWEEN S MYRTLE ST AND S OTHELLO ST,1,Property Damage Only Collision,NA,2,0,0,0,0,0,0,2020/11/20 00:00:00+00,NA,NA,NA,NA,NA,N
683,Intersection,RAINIER AVE S AND S LUCILE ST,1,Property Damage Only Collision,NA,2,0,0,0,0,0,0,2020/11/26 00:00:00+00,NA,NA,NA,NA,NA,N
684,Intersection,1ST AVE NE AND NE 45TH ST,1,Property Damage Only Collision,Angles,2,0,0,2,0,0,0,2020/06/09 00:00:00+00,N,Raining,Wet,Daylight,NA,N
685,Intersection,35TH AVE NE AND NE 75TH ST,1,Property Damage Only Collision,Other,1,0,0,1,0,0,0,2020/11/03 00:00:00+00,N,Raining,Wet,Daylight,NA,N
686,Intersection,AURORA AVE N AND N 81ST ST,1,Property Damage Only Collision,NA,2,0,0,0,0,0,0,2020/12/02 00:00:00+00,NA,NA,NA,NA,NA,N
687,Intersection,22ND AVE W AND THORNDYKE AVE W,2,Injury Collision,NA,1,0,0,0,1,0,0,2020/06/01 00:00:00+00,NA,NA,NA,NA,NA,N
688,Block,1ST AV S BR NB BETWEEN POINT A AND SR509 NB,1,Property Damage Only Collision,Sideswipe,2,0,0,2,0,0,0,2020/04/30 00:00:00+00,N,Overcast,Dry,Daylight,NA,N
689,Block,OLSON PL SW BETWEEN SW CAMBRIDGE PL AND SW ROXBURY ST,2,Injury Collision,NA,4,0,0,0,4,0,0,2020/11/05 00:00:00+00,NA,NA,NA,NA,NA,N
690,Intersection,40TH AVE NE AND BURKE GILMAN TRL,1,Property Damage Only Collision,Cycles,2,0,1,1,0,0,0,2020/10/19 00:00:00+00,N,Raining,Wet,Daylight,NA,N
691,Intersection,27TH AVE NE AND NE 125TH ST,2,Injury Collision,NA,4,0,0,0,1,0,0,2020/11/21 00:00:00+00,NA,NA,NA,NA,NA,N
692,Intersection,HIGHLAND PARK WAY SW AND WEST MARGINAL WAY SW,1,Property Damage Only Collision,NA,2,0,0,0,0,0,0,2020/11/12 00:00:00+00,NA,NA,NA,NA,NA,N
693,Block,31ST AVE S BETWEEN S HILL ST AND S WALKER ST,1,Property Damage Only Collision,Parked Car,3,0,0,3,0,0,0,2020/02/09 00:00:00+00,N,Clear,Dry,Daylight,NA,N
694,Intersection,AIRPORT WAY S AND S HARDY ST,1,Property Damage Only Collision,NA,1,0,0,0,0,0,0,2020/11/18 00:00:00+00,NA,NA,NA,NA,NA,N
695,Block,32ND AVE S BETWEEN S DAY ST AND S ATLANTIC ST,1,Property Damage Only Collision,NA,2,0,0,0,0,0,0,2020/12/04 00:00:00+00,NA,NA,NA,NA,NA,Y
696,Intersection,15TH AVE NE AND NE 97TH ST,1,Property Damage Only Collision,NA,2,0,0,0,0,0,0,2020/10/26 00:00:00+00,NA,NA,NA,NA,NA,N
697,Intersection,8TH AVE SW AND SW ROXBURY ST,2,Injury Collision,Angles,4,0,0,2,1,0,0,2020/05/09 00:00:00+00,N,Clear,Dry,Dark - Street Lights On,NA,N
698,Intersection,23RD AVE S AND RAINIER AVE S,1,Property Damage Only Collision,NA,1,0,0,0,0,0,0,2020/11/28 00:00:00+00,NA,NA,NA,NA,NA,N
699,Block,DELRIDGE WAY SW BETWEEN SW CLOVERDALE ST AND SW TRENTON ST,1,Property Damage Only Collision,Rear Ended,2,0,0,2,0,0,0,2020/05/29 00:00:00+00,N,Clear,Dry,Daylight,NA,N
701,Intersection,35TH AVE SW AND SW MORGAN ST,1,Property Damage Only Collision,NA,2,0,0,0,0,0,0,2020/06/15 00:00:00+00,NA,NA,NA,NA,NA,N
702,Block,SPRING ST BETWEEN 6TH AVE AND 7TH AVE,1,Property Damage Only Collision,NA,1,0,0,0,0,0,0,2020/11/06 00:00:00+00,NA,NA,NA,NA,NA,N
703,Block,NE 72ND ST BETWEEN EAST GREEN LAKE DR N AND WOODLAWN AVE NE,1,Property Damage Only Collision,NA,3,0,0,0,0,0,0,2020/10/25 00:00:00+00,NA,NA,NA,NA,NA,N
704,Block,N 45TH ST BETWEEN STONE WAY N AND INTERLAKE AVE N,2,Injury Collision,Parked Car,2,0,0,2,1,0,0,2020/11/01 00:00:00+00,N,Clear,Dry,Dark - Street Lights On,NA,Y
705,Block,M L KING JR WR WAY S BETWEEN S COLUMBIAN WAY AND S SNOQUALMIE ST,1,Property Damage Only Collision,NA,1,0,0,0,0,0,0,2020/11/10 00:00:00+00,NA,NA,NA,NA,NA,Y
706,Block,2ND AVE SW BETWEEN WEST MARGINAL WAY SW AND 2ND AV SW OFF RP,1,Property Damage Only Collision,Other,2,0,0,1,0,0,0,2020/02/10 00:00:00+00,N,Clear,Dry,Daylight,NA,N
707,Intersection,BOREN AVE AND PIKE ST,2,Injury Collision,Left Turn,3,0,0,2,1,0,0,2020/10/13 00:00:00+00,N,Clear,Dry,Daylight,NA,N
708,Block,W NICKERSON ST BETWEEN QUEEN ANNE AVE N AND W BERTONA ST,1,Property Damage Only Collision,NA,2,0,0,0,0,0,0,2020/10/27 00:00:00+00,NA,NA,NA,NA,NA,N
709,Intersection,BOREN AVE AND OLIVE WAY,1,Property Damage Only Collision,NA,1,0,0,0,0,0,0,2020/11/29 00:00:00+00,NA,NA,NA,NA,NA,N
710,Intersection,LAKE CITY WAY NE AND NE 85TH ST,2,Injury Collision,Angles,2,0,0,2,2,0,0,2020/02/10 00:00:00+00,N,Clear,Dry,Daylight,NA,N
711,Block,N 36TH ST BETWEEN DENSMORE AVE N AND WALLINGFORD AVE N,0,Unknown,NA,0,0,0,0,0,0,0,2020/11/27 00:00:00+00,NA,NA,NA,NA,NA,N
712,Block,32ND AVE NW BETWEEN NW 74TH ST AND NW 75TH ST,2,Injury Collision,Parked Car,2,0,0,2,1,0,0,2020/06/09 00:00:00+00,N,Raining,Wet,Dark - Street Lights On,NA,Y
714,Intersection,RENTON AVE S AND S NORFOLK ST,1,Property Damage Only Collision,NA,2,0,0,0,0,0,0,2020/05/24 00:00:00+00,NA,NA,NA,NA,NA,N
715,Block,MARION ST BETWEEN 8TH AVE AND 9TH AVE,0,Unknown,NA,0,0,0,0,0,0,0,2020/11/19 00:00:00+00,NA,NA,NA,NA,NA,Y
716,Intersection,2ND AVE AND SPRING ST,1,Property Damage Only Collision,NA,2,0,0,0,0,0,0,2020/06/03 00:00:00+00,NA,NA,NA,NA,NA,N
717,Block,18TH AVE S BETWEEN S BENNETT ST AND S LUCILE ST,0,Unknown,NA,0,0,0,0,0,0,0,2020/11/14 00:00:00+00,NA,NA,NA,NA,NA,Y
718,Block,N 71ST ST BETWEEN LINDEN AVE N AND AURORA AVE N,0,Unknown,NA,2,0,0,0,0,0,0,2020/12/01 00:00:00+00,NA,NA,NA,NA,NA,Y
719,Block,24TH AVE NW BETWEEN NW 70TH ST AND NW 73RD ST,0,Unknown,NA,0,0,0,0,0,0,0,2020/11/25 00:00:00+00,NA,NA,NA,NA,NA,Y
720,Intersection,23RD AVE S AND S GRAND ST,1,Property Damage Only Collision,Left Turn,2,0,0,2,0,0,0,2020/10/16 00:00:00+00,N,Overcast,Dry,Daylight,NA,N
721,Intersection,47TH AVE SW AND FAUNTLEROY WAY SW,2,Injury Collision,Pedestrian,2,1,0,1,1,0,0,2020/10/18 00:00:00+00,N,Raining,Wet,Daylight,NA,N
722,Intersection,SW ADMIRAL WAY AND SW OLGA ST,1,Property Damage Only Collision,Other,1,0,0,1,0,0,0,2020/08/18 00:00:00+00,N,Clear,Dry,NA,NA,N
723,Block,1ST AVE BETWEEN UNION ST AND PIKE ST,0,Unknown,NA,0,0,0,0,0,0,0,2020/11/13 00:00:00+00,NA,NA,NA,NA,NA,Y
724,Block,NE 45TH ST BETWEEN BROOKLYN AVE NE AND UNIVERSITY WAY NE,1,Property Damage Only Collision,Other,2,0,0,2,0,0,0,2020/06/11 00:00:00+00,N,Clear,Dry,Daylight,NA,N
725,Block,6TH AVE S BETWEEN S HOLGATE ST AND S WALKER ST,0,Unknown,NA,2,0,0,0,0,0,0,2020/10/18 00:00:00+00,NA,NA,NA,NA,NA,Y
726,Block,1ST AV S OFF RP BETWEEN WEST SEATTLE BR WB AND 1ST AVE S,0,Unknown,NA,1,0,0,0,0,0,0,2020/11/26 00:00:00+00,NA,NA,NA,NA,NA,N
727,Block,32ND AVE SW BETWEEN SW 97TH ST AND SW 100TH ST,1,Property Damage Only Collision,Parked Car,6,0,0,5,0,0,0,2020/01/30 00:00:00+00,N,Raining,Wet,Dark - Street Lights On,NA,Y
728,Intersection,3RD AVE NW AND HOLMAN RD NW,2,Injury Collision,Angles,2,0,0,2,1,0,0,2020/06/05 00:00:00+00,N,Clear,Dry,Daylight,NA,N
729,Intersection,17TH AVE AND E CHERRY ST,0,Unknown,NA,0,0,0,0,0,0,0,2020/10/31 00:00:00+00,NA,NA,NA,NA,NA,Y
730,Block,26TH AVE W BETWEEN W ELMORE ST AND GILMAN AVE W,0,Unknown,NA,2,0,0,0,0,0,0,2020/10/20 00:00:00+00,NA,NA,NA,NA,NA,Y
731,Block,BRIDGE WAY N BETWEEN N 38TH ST AND WOODLAND PK S AVE N,1,Property Damage Only Collision,Parked Car,2,0,0,2,0,0,0,2020/10/08 00:00:00+00,N,Clear,Dry,Dark - Street Lights On,NA,Y
732,Intersection,1ST AVE S AND OLSON PL SW,1,Property Damage Only Collision,NA,1,0,0,0,0,0,0,2020/11/10 00:00:00+00,NA,NA,NA,NA,NA,N
733,Intersection,22ND AVE AND E MARION ST,2,Injury Collision,Cycles,2,0,1,1,1,0,0,2020/09/21 00:00:00+00,N,Clear,Dry,Daylight,NA,N
734,Block,E HOWELL ST BETWEEN SUMMIT E AVE AND BELMONT AVE,1,Property Damage Only Collision,Parked Car,3,0,0,3,0,0,0,2020/02/10 00:00:00+00,N,Clear,Dry,Dark - Street Lights On,NA,Y
735,Intersection,23RD AVE E AND E JOHN ST,2,Injury Collision,Angles,2,0,0,2,1,0,0,2020/10/13 00:00:00+00,N,Clear,Dry,Dark - Street Lights On,NA,N
736,Intersection,25TH AVE NE AND NE 145TH ST,2,Injury Collision,NA,4,0,0,0,2,0,0,2020/10/16 00:00:00+00,NA,NA,NA,NA,NA,N
737,Block,AURORA AVE N BETWEEN N 85TH ST AND N 86TH ST,2,Injury Collision,Head On,2,0,0,2,1,0,0,2020/05/27 00:00:00+00,N,Clear,Dry,Dusk,NA,N
738,Intersection,6TH AVE S AND S MICHIGAN ST,2,Injury Collision,Cycles,2,0,1,1,1,0,0,2020/05/29 00:00:00+00,N,Clear,Dry,Dark - Street Lights On,NA,N
739,Block,BANNER WAY NE BETWEEN NE 85TH ST OFF RP AND CORLISS WAY N,1,Property Damage Only Collision,Other,1,0,0,1,0,0,0,2020/05/25 00:00:00+00,N,Raining,Wet,Daylight,Y,N
740,Block,UNIVERSITY WAY NE BETWEEN NE 42ND ST AND NE 43RD ST,1,Property Damage Only Collision,Rear Ended,2,0,0,2,0,0,0,2020/05/09 00:00:00+00,N,Clear,Dry,Dark - Street Lights On,NA,N
741,Block,NE 47TH ST BETWEEN BROOKLYN AVE NE AND UNIVERSITY WAY NE,0,Unknown,NA,0,0,0,0,0,0,0,2020/05/26 00:00:00+00,NA,NA,NA,NA,NA,Y
742,Intersection,4TH AVE S AND S HANFORD ST,2b,Serious Injury Collision,NA,2,0,0,0,1,0,0,2020/11/10 00:00:00+00,NA,NA,NA,NA,NA,N
743,Intersection,14TH AVE S AND EAST MARGINAL WAY S,1,Property Damage Only Collision,NA,2,0,0,0,0,0,0,2020/11/12 00:00:00+00,NA,NA,NA,NA,NA,N
744,Intersection,DELRIDGE WAY SW AND SW ORCHARD ST,2,Injury Collision,Left Turn,3,0,0,2,1,0,0,2020/06/04 00:00:00+00,N,Clear,Dry,Dusk,NA,N
745,Intersection,40TH AVE NE AND BURKE GILMAN TRL,2,Injury Collision,Cycles,2,0,1,1,1,0,0,2020/10/30 00:00:00+00,N,Clear,Dry,Daylight,NA,N
746,Block,35TH AVE S BETWEEN S FERDINAND ST AND S HUDSON ST,0,Unknown,NA,0,0,0,0,0,0,0,2020/12/02 00:00:00+00,NA,NA,NA,NA,NA,Y
747,Block,23RD AVE E BETWEEN E ALOHA ST AND TURNER WAY E,1,Property Damage Only Collision,NA,2,0,0,0,0,0,0,2020/11/28 00:00:00+00,NA,NA,NA,NA,NA,N
748,Block,5TH AVE S BETWEEN S JACKSON ST AND S KING ST,1,Property Damage Only Collision,Sideswipe,2,0,0,2,0,0,0,2020/02/07 00:00:00+00,N,Clear,Dry,Daylight,NA,N
749,Block,FRANKLIN AVE E BETWEEN E BOSTON ST AND E LYNN ST,1,Property Damage Only Collision,NA,2,0,0,0,0,0,0,2020/12/01 00:00:00+00,NA,NA,NA,NA,NA,Y
750,Intersection,RAINIER AVE S AND S FERDINAND ST,1,Property Damage Only Collision,NA,2,0,0,0,0,0,0,2020/10/30 00:00:00+00,NA,NA,NA,NA,NA,N