OBJECTID,ADDRTYPE,LOCATION,SEVERITYCODE,SEVERITYDESC,COLLISIONTYPE,PERSONCOUNT,PEDCOUNT,PEDCYLCOUNT,VEHCOUNT,INJURIES,SERIOUSINJURIES,FATALITIES,INCDATE,UNDERINFL,WEATHER,ROADCOND,LIGHTCOND,SPEEDING,HITPARKEDCAR
751,Block,MELROSE AVE BETWEEN YALE AVE AND OLIVE WAY,2,Injury Collision,Parked Car,9,0,0,9,1,0,0,2020/05/30 00:00:00+00,N,Overcast,Dry,Dawn,Y,Y
753,Block,15TH AVE NW BETWEEN BALLARD BR AND NW 51ST ST,0,Unknown,NA,0,0,0,0,0,0,0,2020/12/03 00:00:00+00,NA,NA,NA,NA,NA,N
754,Block,NW 75TH ST BETWEEN 31ST AVE NW AND 32ND AVE NW,2,Injury Collision,NA,2,0,0,0,1,0,0,2020/06/03 00:00:00+00,NA,NA,NA,NA,NA,N
755,Intersection,1ST AVE S AND S CLOVERDALE W ST,1,Property Damage Only Collision,Right Turn,2,0,0,2,0,0,0,2020/01/07 00:00:00+00,N,Overcast,Wet,Daylight,NA,N
756,Block,5TH AVE NE BETWEEN 130TH ST OFF RP AND NE 130TH ST,1,Property Damage Only Collision,NA,2,0,0,0,0,0,0,2020/12/01 00:00:00+00,NA,NA,NA,NA,NA,N
757,Intersection,CALIFORNIA AVE SW AND SW HANFORD ST,2b,Serious Injury Collision,NA,1,0,0,0,1,0,0,2020/12/12 00:00:00+00,NA,NA,NA,NA,NA,N
758,Block,GILMAN AVE W BETWEEN 21ST AVE W AND W EMERSON ST,2,Injury Collision,NA,2,0,0,0,1,0,0,2020/11/14 00:00:00+00,NA,NA,NA,NA,NA,Y
759,Block,CORSON AVE S BETWEEN S VALE ST AND S HARNEY ST,1,Property Damage Only Collision,Rear Ended,4,0,0,2,0,0,0,2020/10/27 00:00:00+00,N,Clear,Dry,Daylight,NA,N
761,Intersection,48TH AVE SW AND BEACH DR SW,0,Unknown,NA,0,0,0,0,0,0,0,2020/10/28 00:00:00+00,NA,NA,NA,NA,NA,Y
762,Intersection,QUEEN ANNE AVE N AND REPUBLICAN ST,2,Injury Collision,Pedestrian,2,1,0,1,1,0,0,2020/09/17 00:00:00+00,N,Clear,Dry,Daylight,NA,N
764,Block,AURORA AVE N BETWEEN N 130TH ST AND N 135TH ST,2,Injury Collision,NA,1,0,0,0,1,0,0,2020/11/08 00:00:00+00,NA,NA,NA,NA,NA,N
765,Block,AIRPORT WAY S BETWEEN S PLUM ST AND S HILL ST,1,Property Damage Only Collision,NA,2,0,0,0,0,0,0,2020/12/07 00:00:00+00,NA,NA,NA,NA,NA,N
766,Block,MERCER NR ST BETWEEN WESTLAKE AVE N AND TERRY AVE N,1,Property Damage Only Collision,Other,1,0,0,1,0,0,0,2020/10/12 00:00:00+00,N,Clear,Dry,Daylight,NA,N
767,Block,MONTLAKE BLVD NE BETWEEN NE PACIFIC PL AND 25TH AVE NE,2,Injury Collision,Angles,2,0,0,2,1,0,0,2020/01/27 00:00:00+00,N,Clear,Dry,Daylight,NA,N
768,Block,SR509 NB BETWEEN SR509 NB CLOVERDALE RP AND 1ST AV S ON RP,2b,Serious Injury Collision,Other,1,0,0,1,1,1,0,2020/05/04 00:00:00+00,N,Clear,Dry,Daylight,NA,N
769,Block,MOUNT RAINIER DR S BETWEEN S MCCLELLAN ST AND S RIDGEWAY PL,1,Property Damage Only Collision,NA,1,0,0,0,0,0,0,2020/11/21 00:00:00+00,NA,NA,NA,NA,NA,N
770,Intersection,26TH AVE NE AND NE 75TH ST,1,Property Damage Only Collision,NA,1,0,0,0,0,0,0,2020/10/31 00:00:00+00,NA,NA,NA,NA,NA,N
771,Block,ALKI AVE SW BETWEEN SW ILLINOIS ST AND BONAIR DR SW,1,Property Damage Only Collision,Parked Car,4,0,0,4,0,0,0,2020/06/11 00:00:00+00,N,Clear,Dry,Dark - Street Lights On,NA,Y
772,Block,SUMMIT AVE BETWEEN SENECA ST AND UNIVERSITY ST,0,Unknown,NA,0,0,0,0,0,0,0,2020/11/05 00:00:00+00,NA,NA,NA,NA,NA,Y
773,Block,HOWELL ST BETWEEN TERRY AVE AND BOREN AVE,1,Property Damage Only Collision,NA,2,0,0,0,0,0,0,2020/11/20 00:00:00+00,NA,NA,NA,NA,NA,N
774,Block,W EMERSON ST BETWEEN 41ST AVE W AND WEST VIEWMONT WAY W,1,Property Damage Only Collision,NA,2,0,0,0,0,0,0,2020/11/25 00:00:00+00,NA,NA,NA,NA,NA,Y
775,Block,NW 46TH ST BETWEEN 14TH AVE NW AND 15TH NB AVE NW,1,Property Damage Only Collision,Cycles,2,0,1,1,0,0,0,2020/10/26 00:00:00+00,N,Fog/Smog/Smoke,Dry,Daylight,NA,N
776,Block,LAKE CITY WAY NE BETWEEN NE 89TH ST AND NE 90TH ST,1,Property Damage Only Collision,Sideswipe,2,0,0,2,0,0,0,2020/10/26 00:00:00+00,N,Clear,Dry,Unknown,NA,N
777,Intersection,SHAFFER AVE S AND S GRAHAM ST,1,Property Damage Only Collision,Angles,2,0,0,2,0,0,0,2020/10/30 00:00:00+00,N,Clear,Dry,Dark - Street Lights On,NA,N
778,Intersection,38TH AVE SW AND SW OREGON ST,1,Property Damage Only Collision,Angles,4,0,0,2,0,0,0,2020/06/17 00:00:00+00,N,Clear,Dry,Daylight,NA,N
779,Block,E MADISON ST BETWEEN 24TH AVE E AND 25TH AVE E,1,Property Damage Only Collision,NA,1,0,0,0,0,0,0,2020/11/13 00:00:00+00,NA,NA,NA,NA,NA,N
780,Block,SW HUDSON ST BETWEEN DELRIDGE WAY SW AND 25TH AVE SW,1,Property Damage Only Collision,NA,2,0,0,0,0,0,0,2020/11/26 00:00:00+00,NA,NA,NA,NA,NA,N
781,Block,11TH AVE BETWEEN E UNION ST AND E PIKE ST,0,Unknown,NA,0,0,0,0,0,0,0,2020/10/10 00:00:00+00,NA,NA,NA,NA,NA,Y
782,Intersection,1ST AVE NE AND NE 145TH ST,2,Injury Collision,Angles,4,0,0,2,1,0,0,2020/02/11 00:00:00+00,N,Clear,Dry,Daylight,NA,N
783,Block,38TH AVE SW BETWEEN SW CHARLESTOWN ST AND BELVIDERE AVE SW,1,Property Damage Only Collision,NA,2,0,0,0,0,0,0,2020/06/08 00:00:00+00,NA,NA,NA,NA,NA,Y
784,Block,N 143RD ST BETWEEN LINDEN AVE N AND AURORA AVE N,1,Property Damage Only Collision,Parked Car,2,0,0,2,0,0,0,2020/09/14 00:00:00+00,N,Clear,Dry,Daylight,NA,Y
785,Block,N 105TH ST BETWEEN GREENWOOD AVE N AND PHINNEY AVE N,1,Property Damage Only Collision,NA,2,0,0,0,0,0,0,2020/10/26 00:00:00+00,NA,NA,NA,NA,NA,N
786,Block,N 85TH ST BETWEEN STONE W AVE N AND STONE E AVE N,1,Property Damage Only Collision,Rear Ended,4,0,0,2,0,0,0,2020/10/14 00:00:00+00,N,Clear,Dry,Daylight,NA,N
787,Block,SW HOLDEN ST BETWEEN 16TH AVE SW AND 17TH AVE SW,1,Property Damage Only Collision,NA,2,0,0,0,0,0,0,2020/11/20 00:00:00+00,NA,NA,NA,NA,NA,N
788,Block,14TH AVE BETWEEN E UNION ST AND E MADISON ST,1,Property Damage Only Collision,NA,1,0,0,0,0,0,0,2020/11/04 00:00:00+00,NA,NA,NA,NA,NA,Y
789,Block,1ST AV S BR NB BETWEEN POINT B AND POINT A,1,Property Damage Only Collision,Rear Ended,3,0,0,3,0,0,0,2020/01/31 00:00:00+00,N,Raining,Wet,Dark - Street Lights On,Y,N
790,Block,RAINIER AVE S BETWEEN S BAYVIEW ST AND S MCCLELLAN ST,1,Property Damage Only Collision,NA,2,0,0,0,0,0,0,2020/11/09 00:00:00+00,NA,NA,NA,NA,NA,N
791,Intersection,24TH AVE NW AND NW 85TH ST,2,Injury Collision,NA,2,0,0,0,1,0,0,2020/11/05 00:00:00+00,NA,NA,NA,NA,NA,N
792,Intersection,145TH ST ON RP AND NE 145TH ST,2,Injury Collision,NA,3,0,0,0,1,0,0,2020/10/18 00:00:00+00,NA,NA,NA,NA,NA,N
793,Block,1ST AVE BETWEEN BLANCHARD ST AND BELL ST,1,Property Damage Only Collision,Parked Car,2,0,0,2,0,0,0,2020/05/29 00:00:00+00,N,Clear,Dry,Daylight,NA,Y
794,Block,SW AVALON WAY BETWEEN SW GENESEE ST AND 35TH AVE SW,1,Property Damage Only Collision,NA,2,0,0,0,0,0,0,2020/05/25 00:00:00+00,NA,NA,NA,NA,NA,Y
795,Intersection,WOODLAND PL N AND N 65TH ST,1,Property Damage Only Collision,Other,2,0,0,1,0,0,0,2020/06/04 00:00:00+00,N,Clear,Dry,Daylight,NA,N
796,Intersection,15TH AVE NE AND NE 80TH ST,2,Injury Collision,Angles,2,0,0,2,1,0,0,2020/05/30 00:00:00+00,N,Raining,Wet,Daylight,NA,N
797,Intersection,42ND AVE SW AND SW CHARLESTOWN ST,1,Property Damage Only Collision,Other,1,0,0,1,0,0,0,2020/06/21 00:00:00+00,N,Clear,Dry,Dark - Street Lights On,Y,N
798,Intersection,4TH AVE AND COLUMBIA ST,1,Property Damage Only Collision,NA,2,0,0,0,0,0,0,2020/10/25 00:00:00+00,NA,NA,NA,NA,NA,N
799,Intersection,1ST AVE S AND S HORTON ST,2,Injury Collision,NA,4,0,0,0,1,0,0,2020/11/21 00:00:00+00,NA,NA,NA,NA,NA,N
800,Block,16TH AVE NE BETWEEN NE 123RD ST AND NE 125TH ST,0,Unknown,NA,0,0,0,0,0,0,0,2020/11/20 00:00:00+00,NA,NA,NA,NA,NA,N
801,Block,GREENWOOD AVE N BETWEEN N 72ND N ST AND N 73RD ST,1,Property Damage Only Collision,Rear Ended,3,0,0,2,0,0,0,2020/01/28 00:00:00+00,N,Raining,Wet,Dark - Street Lights On,NA,N
802,Block,SW NEVADA ST BETWEEN 28TH AVE SW AND 30TH AVE SW,0,Unknown,NA,0,0,0,0,0,0,0,2020/11/12 00:00:00+00,NA,NA,NA,NA,NA,N
803,Block,NE 70TH ST BETWEEN RAVENNA AVE NE AND 23RD AVE NE,1,Property Damage Only Collision,NA,1,0,0,0,0,0,0,2020/10/28 00:00:00+00,NA,NA,NA,NA,NA,Y
804,Block,11TH AVE E BETWEEN E DENNY WAY AND E JOHN ST,0,Unknown,NA,0,0,0,0,0,0,0,2020/11/28 00:00:00+00,NA,NA,NA,NA,NA,Y
805,Block,NE 125TH ST BETWEEN 8TH AVE NE AND ROOSEVELT S WAY NE,1,Property Damage Only Collision,Rear Ended,2,0,0,2,0,0,0,2020/09/29 00:00:00+00,N,Clear,Dry,Daylight,NA,N
806,Block,S MCCLELLAN ST BETWEEN 26TH AVE S AND RAINIER AVE S,1,Property Damage Only Collision,Sideswipe,2,0,0,2,0,0,0,2020/05/01 00:00:00+00,N,Clear,Dry,Daylight,NA,N
807,Block,MILITARY RD S BETWEEN BEACON WR AVE S AND S AVON CREST PL,0,Unknown,NA,2,0,0,0,0,0,0,2020/06/06 00:00:00+00,NA,NA,NA,NA,NA,Y
808,Intersection,5TH AVE AND MARION ST,2,Injury Collision,NA,2,0,0,0,1,0,0,2020/10/26 00:00:00+00,NA,NA,NA,NA,NA,N
809,Block,RAINIER AVE S BETWEEN 21ST S AVE S AND S GRAND ST,1,Property Damage Only Collision,Rear Ended,2,0,0,2,0,0,0,2020/09/24 00:00:00+00,N,Raining,Wet,Daylight,NA,N
810,Block,NE 55TH ST BETWEEN 40TH AVE NE AND 43RD AVE NE,1,Property Damage Only Collision,Parked Car,3,0,0,3,0,0,0,2020/06/04 00:00:00+00,N,Clear,Dry,Daylight,NA,N
811,Block,FAIRVIEW AVE N BETWEEN MERCER S SR ST AND MERCER ST,2,Injury Collision,Rear Ended,2,0,0,2,1,0,0,2020/06/02 00:00:00+00,N,Clear,Dry,Daylight,NA,N
812,NA,NA,2,Injury Collision,Other,1,0,0,1,1,0,0,2020/03/08 00:00:00+00,N,Clear,Dry,Daylight,NA,N
813,Block,OLSON PL SW BETWEEN SW CAMBRIDGE PL AND SW ROXBURY ST,2,Injury Collision,NA,2,0,0,0,1,0,0,2020/11/22 00:00:00+00,NA,NA,NA,NA,NA,N
814,Block,WEST MARGINAL WAY SW BETWEEN MARGINAL PL SW AND MARGINAL SB PL SW,2,Injury Collision,NA,3,0,0,0,1,0,0,2020/11/13 00:00:00+00,NA,NA,NA,NA,NA,N
815,Block,NE 145TH ST BETWEEN 22ND AVE NE AND 23RD PL NE,1,Property Damage Only Collision,Rear Ended,5,0,0,2,0,0,0,2020/10/09 00:00:00+00,N,Clear,Dry,Daylight,NA,N
816,Block,AURORA AVE N BETWEEN N 137TH ST AND N 140TH ST,3,Fatality Collision,Pedestrian,2,1,0,1,0,0,1,2020/11/04 00:00:00+00,N,Raining,Wet,Dark - Street Lights On,Y,N
817,Block,GREENWOOD AVE N BETWEEN N 127TH ST AND N 130TH ST,1,Property Damage Only Collision,NA,2,0,0,0,0,0,0,2020/11/23 00:00:00+00,NA,NA,NA,NA,NA,N
818,Intersection,15TH AVE S AND S COLLEGE ST,1,Property Damage Only Collision,NA,2,0,0,0,0,0,0,2020/11/10 00:00:00+00,NA,NA,NA,NA,NA,N
819,Block,AURORA AVE N BETWEEN N 125TH ST AND N 127TH ST,1,Property Damage Only Collision,Rear Ended,2,0,0,2,0,0,0,2020/11/02 00:00:00+00,N,Clear,Dry,Daylight,NA,N
821,Block,E MADISON ST BETWEEN 20TH AVE AND E DENNY WAY,1,Property Damage Only Collision,NA,2,0,0,0,0,0,0,2020/11/18 00:00:00+00,NA,NA,NA,NA,NA,N
822,Intersection,MELROSE AVE AND E DENNY WAY,2,Injury Collision,NA,2,0,0,0,1,0,0,2020/11/16 00:00:00+00,NA,NA,NA,NA,NA,N
823,Intersection,6TH AVE N AND HARRISON ST,2,Injury Collision,Pedestrian,2,1,0,1,1,0,0,2020/10/20 00:00:00+00,N,Clear,Dry,Dark - Street Lights On,NA,N
824,Intersection,8TH AVE SW AND SW ROXBURY ST,2,Injury Collision,Left Turn,2,0,0,2,1,0,0,2020/02/08 00:00:00+00,N,Clear,Wet,Daylight,NA,N
825,Block,2ND AVE S BETWEEN S HENDERSON ST AND DEAD END 6,1,Property Damage Only Collision,NA,2,0,0,0,0,0,0,2020/06/08 00:00:00+00,NA,NA,NA,NA,NA,N
826,Block,SW CHARLESTOWN ST BETWEEN DEAD END 2 AND 19TH E AVE SW,1,Property Damage Only Collision,Other,1,0,0,1,0,0,0,2020/05/27 00:00:00+00,N,Clear,Dry,Dark - Street Lights On,Y,N
827,Block,RAINIER AVE S BETWEEN S WELLER ST AND S LANE ST,2,Injury Collision,Cycles,2,0,1,1,1,0,0,2020/10/12 00:00:00+00,N,Clear,Dry,Daylight,NA,N
828,Block,E COLUMBIA ST BETWEEN 15TH AVE AND 16TH AVE,0,Unknown,NA,2,0,0,0,0,0,0,2020/10/23 00:00:00+00,NA,NA,NA,NA,NA,Y
829,Intersection,3RD AVE S AND S LUCILE ST,1,Property Damage Only Collision,NA,2,0,0,0,0,0,0,2020/11/10 00:00:00+00,NA,NA,NA,NA,NA,N
830,Block,ROOSEVELT WAY NE BETWEEN NE 65TH ST AND NE 66TH ST,0,Unknown,NA,0,0,0,0,0,0,0,2020/11/11 00:00:00+00,NA,NA,NA,NA,NA,N
831,Block,E CHERRY ST BETWEEN 23RD AVE AND 24TH AVE,1,Property Damage Only Collision,Rear Ended,2,0,0,2,0,0,0,2020/02/02 00:00:00+00,N,Clear,Dry,Dark - Street Lights On,NA,N
832,Block,S HOLGATE ST BETWEEN 21ST AVE S AND RAINIER AVE S,0,Unknown,NA,2,0,0,0,0,0,0,2020/11/07 00:00:00+00,NA,NA,NA,NA,NA,Y
833,Intersection,ASHWORTH AVE N AND N 85TH ST,1,Property Damage Only Collision,NA,3,0,0,0,0,0,0,2020/10/27 00:00:00+00,NA,NA,NA,NA,NA,N
834,Block,13TH AVE SW BETWEEN SW FLORIDA ST AND SW LANDER ST,1,Property Damage Only Collision,NA,2,0,0,0,0,0,0,2020/12/02 00:00:00+00,NA,NA,NA,NA,NA,N
835,Block,WEST MARGINAL NB WAY S BETWEEN S HOLDEN ST AND CLOVERDALE ST ON RP,2,Injury Collision,Sideswipe,2,0,0,2,1,0,0,2020/05/28 00:00:00+00,N,Clear,Dry,Daylight,NA,N
836,Block,BANNER WAY NE BETWEEN NE 85TH ST OFF RP AND CORLISS WAY N,1,Property Damage Only Collision,Other,1,0,0,1,0,0,0,2020/05/02 00:00:00+00,N,Overcast,Wet,Daylight,Y,N
837,Intersection,BROOKLYN AVE NE AND NE 50TH ST,1,Property Damage Only Collision,Left Turn,5,0,0,2,0,0,0,2020/06/14 00:00:00+00,N,Clear,Dry,Daylight,NA,N
838,Intersection,RAINIER AVE S AND S CLOVERDALE ST,2,Injury Collision,NA,2,0,0,0,1,0,0,2020/06/07 00:00:00+00,NA,NA,NA,NA,NA,N
839,Block,BOYLSTON AVE BETWEEN SPRING ST AND SENECA ST,1,Property Damage Only Collision,NA,2,0,0,0,0,0,0,2020/04/22 00:00:00+00,NA,NA,NA,NA,NA,N
840,Intersection,57TH AVE S AND RAINIER AVE S,1,Property Damage Only Collision,Left Turn,3,0,0,2,0,0,0,2020/09/26 00:00:00+00,N,Clear,Dry,Dark - Street Lights On,NA,N
841,Block,4TH AVE S BETWEEN S FIDALGO ST AND S FRONT ST,2,Injury Collision,Sideswipe,2,0,0,2,1,0,0,2020/06/12 00:00:00+00,N,Raining,Wet,Daylight,NA,N
842,Intersection,1ST AVE AND VIRGINIA ST,1,Property Damage Only Collision,Left Turn,2,0,0,2,0,0,0,2020/08/15 00:00:00+00,N,Raining,Wet,Dark - Street Lights On,NA,N
843,Block,RAINIER AVE S BETWEEN S BAYVIEW ST AND S MCCLELLAN ST,1,Property Damage Only Collision,NA,2,0,0,0,0,0,0,2020/10/26 00:00:00+00,NA,NA,NA,NA,NA,N
844,Block,RAINIER AVE S BETWEEN S COLLEGE N ST AND S COLLEGE S ST,2,Injury Collision,Sideswipe,3,0,0,2,1,0,0,2020/10/10 00:00:00+00,N,Clear,Dry,Daylight,NA,N
845,Intersection,ALASKAN E RDWY WAY S AND S DEARBORN ST,1,Property Damage Only Collision,Angles,4,0,0,3,0,0,0,2020/10/28 00:00:00+00,N,Overcast,Dry,Daylight,NA,N
846,Block,DAYTON AVE N BETWEEN N 40TH ST AND N 42ND W ST,1,Property Damage Only Collision,Parked Car,2,0,0,2,0,0,0,2020/08/20 00:00:00+00,N,Clear,Unknown,Daylight,NA,Y
848,Intersection,25TH AVE E AND E MADISON ST,0,Unknown,NA,2,0,0,0,0,0,0,2020/10/30 00:00:00+00,NA,NA,NA,NA,NA,Y
849,Block,37TH PL NW BETWEEN NW 57TH ST AND SEAVIEW AVE NW,0,Unknown,NA,0,0,0,0,0,0,0,2020/11/30 00:00:00+00,NA,NA,NA,NA,NA,Y
850,Block,PIKE ST BETWEEN 7TH AVE AND 8TH AVE,1,Property Damage Only Collision,NA,2,0,0,0,0,0,0,2020/02/07 00:00:00+00,NA,NA,NA,NA,NA,N
851,Block,20TH AVE SW BETWEEN SW ROXBURY ST AND SW 98TH ST,1,Property Damage Only Collision,NA,2,0,0,0,0,0,0,2020/05/31 00:00:00+00,NA,NA,NA,NA,NA,N
852,Block,RAINIER AVE S BETWEEN S DEARBORN ST AND S CHARLES N ST,2,Injury Collision,NA,1,0,0,0,1,0,0,2020/11/05 00:00:00+00,NA,NA,NA,NA,NA,N
853,Intersection,SW ADMIRAL WAY AND SW LANDER E ST,1,Property Damage Only Collision,Angles,3,0,0,2,0,0,0,2020/05/29 00:00:00+00,N,Clear,Dry,Daylight,NA,N
854,Intersection,6TH AVE N AND VALLEY ST,2,Injury Collision,Angles,2,0,0,2,1,0,0,2020/06/14 00:00:00+00,N,Clear,Dry,Daylight,NA,N
855,Block,E ROANOKE ST BETWEEN 10TH E AVE E AND DELMAR DR E,1,Property Damage Only Collision,NA,2,0,0,0,0,0,0,2020/06/11 00:00:00+00,NA,NA,NA,NA,NA,N
856,Block,2ND AVE BETWEEN BELL ST AND BATTERY ST,2,Injury Collision,Pedestrian,2,1,0,1,1,0,0,2020/06/01 00:00:00+00,N,Overcast,Dry,Dawn,NA,N
857,Block,EAST MARGINAL WAY S BETWEEN CORSON AVE S AND CARLETON AVE S,1,Property Damage Only Collision,Rear Ended,2,0,0,2,0,0,0,2020/10/13 00:00:00+00,N,Raining,Wet,Dark - Street Lights On,NA,N
858,Block,39TH AVE NE BETWEEN NE 77TH ST AND NE 80TH ST,1,Property Damage Only Collision,NA,2,0,0,0,0,0,0,2020/11/15 00:00:00+00,NA,NA,NA,NA,NA,Y
859,Block,LINDEN AVE N BETWEEN N 130TH ST AND N 135TH ST,2,Injury Collision,NA,2,0,0,0,1,0,0,2020/11/20 00:00:00+00,NA,NA,NA,NA,NA,Y
860,Block,28TH AVE W BETWEEN W MCGRAW S ST AND W MCGRAW N ST,1,Property Damage Only Collision,NA,2,0,0,0,0,0,0,2020/06/06 00:00:00+00,NA,NA,NA,NA,NA,N
861,Intersection,ROOSEVELT WAY NE AND NE 115TH ST,1,Property Damage Only Collision,Angles,3,0,0,2,0,0,0,2020/10/12 00:00:00+00,N,Clear,Dry,Daylight,NA,N
862,Block,NE 145TH ST BETWEEN 12TH AVE NE AND 15TH AVE NE,2,Injury Collision,NA,2,0,0,0,1,0,0,2020/10/27 00:00:00+00,NA,NA,NA,NA,NA,N
863,Intersection,GREENWOOD AVE N AND N 117TH ST,1,Property Damage Only Collision,NA,3,0,0,0,0,0,0,2020/12/04 00:00:00+00,NA,NA,NA,NA,NA,N
864,Block,N NORTHGATE WAY BETWEEN MERIDIAN AVE N AND CORLISS AVE N,0,Unknown,NA,0,0,0,0,0,0,0,2020/11/12 00:00:00+00,NA,NA,NA,NA,NA,Y
865,Intersection,W MCGRAW PL AND W MCGRAW E ST,1,Property Damage Only Collision,Angles,3,0,0,2,0,0,0,2020/01/30 00:00:00+00,N,Overcast,Wet,Dark - Street Lights On,NA,N
866,Block,NE 45TH ST BETWEEN NE 45TH ST RP AND MONTLAKE BLVD NE,1,Property Damage Only Collision,NA,4,0,0,0,0,0,0,2020/11/14 00:00:00+00,NA,NA,NA,NA,NA,N
867,Intersection,S COLUMBIAN WAY AND S SPOKANE ST,1,Property Damage Only Collision,NA,2,0,0,0,0,0,0,2020/09/09 00:00:00+00,NA,NA,NA,NA,NA,N
868,Block,S HENDERSON ST BETWEEN RENTON AVE S AND 46TH AVE S,1,Property Damage Only Collision,Parked Car,4,0,0,4,0,0,0,2020/10/25 00:00:00+00,N,Clear,Wet,Dark - Street Lights On,NA,Y
869,Block,16TH AVE NE BETWEEN NE 55TH ST AND NE 56TH ST,1,Property Damage Only Collision,Parked Car,2,0,0,2,0,0,0,2020/06/15 00:00:00+00,N,Clear,Dry,Dark - Street Lights On,NA,Y
870,Intersection,12TH AVE AND E PINE ST,1,Property Damage Only Collision,NA,3,0,0,0,0,0,0,2020/10/03 00:00:00+00,NA,NA,NA,NA,NA,N
871,Block,RENTON AVE S BETWEEN M L KING JR ER N WAY S AND S CHARLESTOWN ST,1,Property Damage Only Collision,Parked Car,2,0,0,2,0,0,0,2020/06/02 00:00:00+00,N,Clear,Dry,Daylight,NA,Y
872,Block,BOYLSTON AVE BETWEEN E PIKE ST AND E PINE ST,1,Property Damage Only Collision,NA,2,0,0,0,0,0,0,2020/11/12 00:00:00+00,NA,NA,NA,NA,NA,Y
873,Intersection,BLAINE ST AND QUEEN ANNE AVE N,2b,Serious Injury Collision,NA,2,0,0,0,1,0,0,2020/12/08 00:00:00+00,NA,NA,NA,NA,NA,N
874,Intersection,1ST AVE S AND S FINDLAY ST,2,Injury Collision,Cycles,2,0,1,1,1,0,0,2020/06/05 00:00:00+00,N,Overcast,Dry,Daylight,NA,N
875,Intersection,LAKE WASHINGTON BLVD E AND E DENNY BLAINE N PL,2,Injury Collision,Cycles,2,0,1,1,1,0,0,2020/07/05 00:00:00+00,N,Clear,Dry,Daylight,NA,N
876,Block,1ST AV S VI BETWEEN S DAKOTA ST AND 1ST AVE S,0,Unknown,NA,0,0,0,0,0,0,0,2020/10/15 00:00:00+00,NA,NA,NA,NA,NA,N
877,Block,W THOMAS ST BETWEEN 2ND AVE W AND 3RD AVE W,0,Unknown,NA,1,0,0,0,0,0,0,2020/10/04 00:00:00+00,NA,NA,NA,NA,NA,Y
878,Intersection,3RD AVE S AND S LANDER ST,1,Property Damage Only Collision,NA,2,0,0,0,0,0,0,2020/11/17 00:00:00+00,NA,NA,NA,NA,NA,N
879,Block,35TH AVE S BETWEEN S ALASKA ST AND S EDMUNDS ST,0,Unknown,NA,2,0,0,0,0,0,0,2020/11/25 00:00:00+00,NA,NA,NA,NA,NA,Y
880,Block,E MADISON ST BETWEEN 29TH E AVE E AND LAKE WASHINGTON BLVD E,1,Property Damage Only Collision,NA,2,0,0,0,0,0,0,2020/06/18 00:00:00+00,NA,NA,NA,NA,NA,Y
881,Block,NW 100TH PL BETWEEN 4TH AVE NW AND 6TH AVE NW,0,Unknown,NA,2,0,0,0,0,0,0,2020/09/28 00:00:00+00,NA,NA,NA,NA,NA,Y
882,Block,4TH AVE N BETWEEN GALER W ST AND GARFIELD ST,1,Property Damage Only Collision,NA,2,0,0,0,0,0,0,2020/12/02 00:00:00+00,NA,NA,NA,NA,NA,N
883,Block,YALE AVE N BETWEEN FAIRVIEW AVE N AND FAIRVIEW NR AVE N,1,Property Damage Only Collision,NA,1,0,0,0,0,0,0,2020/10/12 00:00:00+00,NA,NA,NA,NA,NA,Y
884,Intersection,3RD AVE NW AND NW 70TH ST,2,Injury Collision,Left Turn,2,0,0,2,1,0,0,2020/05/31 00:00:00+00,N,Overcast,Dry,Daylight,NA,N
885,Block,BANNER WAY NE BETWEEN NE 85TH ST OFF RP AND CORLISS WAY N,1,Property Damage Only Collision,Other,2,0,0,1,0,0,0,2020/05/25 00:00:00+00,N,Raining,Wet,Daylight,Y,N
886,Block,RAINIER AVE S BETWEEN S HENDERSON ST AND S DIRECTOR N ST,1,Property Damage Only Collision,NA,2,0,0,0,0,0,0,2020/11/17 00:00:00+00,NA,NA,NA,NA,NA,N
887,Intersection,LINDEN AVE N AND N 68TH ST,2,Injury Collision,Pedestrian,2,1,0,1,1,0,0,2020/10/20 00:00:00+00,N,Overcast,Unknown,Dark - Street Lights On,NA,N
888,Intersection,5TH AVE AND UNION ST,1,Property Damage Only Collision,Pedestrian,2,1,0,1,0,0,0,2020/10/27 00:00:00+00,N,Clear,Dry,Daylight,NA,N
889,Intersection,7TH AVE AND JAMES ST,2,Injury Collision,NA,2,0,0,0,1,0,0,2020/11/24 00:00:00+00,NA,NA,NA,NA,NA,N
891,Block,NE NORTHGATE WAY BETWEEN 1ST AVE NE AND NE NORTHGATE DR,2,Injury Collision,Other,1,0,0,1,1,0,0,2020/11/02 00:00:00+00,N,Clear,Dry,Daylight,NA,N
892,Block,1ST AV S BR NB BETWEEN POINT A AND SR509 NB,2,Injury Collision,NA,4,0,0,0,1,0,0,2020/10/29 00:00:00+00,NA,NA,NA,NA,NA,N
893,Block,MERCER NR ST BETWEEN BOREN AVE N AND FAIRVIEW N AVE N,1,Property Damage Only Collision,NA,2,0,0,0,0,0,0,2020/11/25 00:00:00+00,NA,NA,NA,NA,NA,N
894,Block,3 UPPER AVE W BETWEEN W ETRURIA ST AND W DRAVUS ST,1,Property Damage Only Collision,NA,2,0,0,0,0,0,0,2020/11/16 00:00:00+00,NA,NA,NA,NA,NA,Y
895,Block,SW HOLDEN ST BETWEEN HIGHLAND PK N WAY SW AND 11TH AVE SW,1,Property Damage Only Collision,Parked Car,2,0,0,2,0,0,0,2020/06/04 00:00:00+00,N,Clear,Dry,Dark - Unknown Lighting,NA,Y
896,Intersection,48TH AVE S AND S OTHELLO ST,1,Property Damage Only Collision,Angles,2,0,0,2,0,0,0,2020/06/03 00:00:00+00,N,Clear,Dry,Daylight,Y,N
897,Intersection,26TH AVE SW AND SW ROXBURY ST,2,Injury Collision,Angles,2,0,0,2,1,0,0,2020/05/31 00:00:00+00,N,Raining,Wet,Daylight,NA,N
899,Intersection,7TH AVE S AND S MICHIGAN ST,2,Injury Collision,Left Turn,2,0,0,2,1,0,0,2020/10/12 00:00:00+00,N,Overcast,Wet,Daylight,NA,N