OBJECTID,ADDRTYPE,LOCATION,SEVERITYCODE,SEVERITYDESC,COLLISIONTYPE,PERSONCOUNT,PEDCOUNT,PEDCYLCOUNT,VEHCOUNT,INJURIES,SERIOUSINJURIES,FATALITIES,INCDATE,UNDERINFL,WEATHER,ROADCOND,LIGHTCOND,SPEEDING,HITPARKEDCAR
1047,Intersection,6TH AVE S AND S LANDER ST,2,Injury Collision,Angles,2,0,0,2,1,0,0,2020/10/19 00:00:00+00,N,Overcast,Dry,Daylight,NA,N
1048,Block,NW 51ST ST BETWEEN 14TH AVE NW AND 15TH AVE NW,1,Property Damage Only Collision,NA,2,0,0,0,0,0,0,2020/10/23 00:00:00+00,NA,NA,NA,NA,NA,N
1049,Intersection,10TH AVE AND E YESLER WAY,1,Property Damage Only Collision,NA,3,0,0,0,0,0,0,2020/11/01 00:00:00+00,NA,NA,NA,NA,NA,N
1050,Block,NW MARKET ST BETWEEN RUSSELL AVE NW AND LEARY AVE NW,0,Unknown,NA,0,0,0,0,0,0,0,2020/11/02 00:00:00+00,NA,NA,NA,NA,NA,Y
1051,Block,N 130TH ST BETWEEN LINDEN AVE N AND AURORA AVE N,1,Property Damage Only Collision,Parked Car,2,0,0,2,0,0,0,2020/10/26 00:00:00+00,N,Clear,Dry,Daylight,NA,N
1052,Block,WEST MARGINAL WAY S BETWEEN 1ST AVE S AND S HOLDEN ST,1,Property Damage Only Collision,NA,2,0,0,0,0,0,0,2020/11/02 00:00:00+00,NA,NA,NA,NA,NA,N
1053,Intersection,LAKE CITY WAY NE AND NE 98TH ST,2,Injury Collision,Angles,2,0,0,2,2,0,0,2020/11/04 00:00:00+00,N,Overcast,Wet,Daylight,NA,N
1054,Block,18TH AVE BETWEEN E ALDER ST AND E JEFFERSON ST,0,Unknown,NA,0,0,0,0,0,0,0,2020/11/21 00:00:00+00,NA,NA,NA,NA,NA,Y
1056,Block,RAINIER AVE S BETWEEN S ALASKA ST AND S ANGELINE ST,1,Property Damage Only Collision,NA,2,0,0,0,0,0,0,2020/11/08 00:00:00+00,NA,NA,NA,NA,NA,N
1057,Intersection,51ST AVE S AND S ROXBURY ST,1,Property Damage Only Collision,NA,2,0,0,0,0,0,0,2020/11/14 00:00:00+00,NA,NA,NA,NA,NA,N
1058,Intersection,11TH AVE NE AND NE 43RD ST,1,Property Damage Only Collision,Cycles,2,0,1,1,0,0,0,2020/02/10 00:00:00+00,N,Clear,Dry,Daylight,NA,N
1059,Block,INTERLAKE AVE N BETWEEN N 95TH ST AND N 97TH ST,0,Unknown,NA,2,0,0,0,0,0,0,2020/11/28 00:00:00+00,NA,NA,NA,NA,NA,N
1060,Intersection,15TH AVE S AND S HANFORD ST,2,Injury Collision,NA,2,0,0,0,1,0,0,2020/09/14 00:00:00+00,NA,NA,NA,NA,NA,N
1061,Block,6TH AVE BETWEEN UNIVERSITY ST AND UNION ST,1,Property Damage Only Collision,Parked Car,3,0,0,3,0,0,0,2020/06/07 00:00:00+00,N,Overcast,Dry,Dark - Street Lights On,NA,Y
1063,Block,AURORA AVE N BETWEEN N 143RD ST AND ROOSEVELT WAY N,1,Property Damage Only Collision,NA,2,0,0,0,0,0,0,2020/10/14 00:00:00+00,NA,NA,NA,NA,NA,N
1064,Block,YALE AVE N BETWEEN HARRISON ST AND REPUBLICAN ST,2,Injury Collision,NA,2,0,0,0,1,0,0,2020/06/03 00:00:00+00,NA,NA,NA,NA,NA,N
1065,Block,9TH AVE NE BETWEEN NE 75TH ST ON RP AND NE 75TH ST,0,Unknown,NA,2,0,0,0,0,0,0,2020/10/19 00:00:00+00,NA,NA,NA,NA,NA,Y
1066,Block,36TH AVE SW BETWEEN SW GRAHAM ST AND SW MORGAN ST,2,Injury Collision,NA,2,0,0,0,1,0,0,2020/11/30 00:00:00+00,NA,NA,NA,NA,NA,N
1067,Block,NW 94TH ST BETWEEN 28TH AVE NW AND DEAD END 2,0,Unknown,NA,2,0,0,0,0,0,0,2020/11/25 00:00:00+00,NA,NA,NA,NA,NA,Y
1068,Block,SW SPOKANE BR BETWEEN SW SPOKANE E ST AND SW SPOKANE W ST,1,Property Damage Only Collision,NA,1,0,0,0,0,0,0,2020/11/14 00:00:00+00,NA,NA,NA,NA,NA,N
1069,Block,MADISON ST BETWEEN 3RD AVE AND 4TH AVE,2,Injury Collision,Parked Car,3,0,0,2,1,0,0,2020/10/24 00:00:00+00,N,Overcast,Dry,Dark - Street Lights On,NA,N
1070,Intersection,M L KING JR WR WAY S AND S GRAHAM ST,1,Property Damage Only Collision,NA,2,0,0,0,0,0,0,2020/11/19 00:00:00+00,NA,NA,NA,NA,NA,N
1071,Block,LAKE CITY WY ON RP BETWEEN NE 75TH ST ON RP AND SR522,1,Property Damage Only Collision,Rear Ended,2,0,0,2,0,0,0,2020/10/11 00:00:00+00,N,Raining,Wet,Daylight,NA,N
1072,Block,WESTLAKE AVE N BETWEEN MERCER NR ST AND VALLEY ST,1,Property Damage Only Collision,NA,2,0,0,0,0,0,0,2020/11/15 00:00:00+00,NA,NA,NA,NA,NA,N
1074,Intersection,DENNY WAY AND MINOR AVE,1,Property Damage Only Collision,NA,2,0,0,0,0,0,0,2020/10/31 00:00:00+00,NA,NA,NA,NA,NA,N
1075,Block,N 85TH ST BETWEEN FREMONT AVE N AND LINDEN AVE N,2,Injury Collision,NA,2,0,0,0,1,0,0,2020/11/17 00:00:00+00,NA,NA,NA,NA,NA,N
1076,Block,NW 52ND ST BETWEEN 8TH AVE NW AND 9TH AVE NW,1,Property Damage Only Collision,NA,2,0,0,0,0,0,0,2020/10/23 00:00:00+00,NA,NA,NA,NA,NA,Y
1077,Block,E SPRUCE ST BETWEEN BROADWAY AND DEAD END 1,1,Property Damage Only Collision,Parked Car,2,0,0,2,0,0,0,2020/01/28 00:00:00+00,N,Other,Unknown,Dark - Street Lights On,NA,Y
1078,Block,1ST AV S BR NB BETWEEN POINT A AND SR509 NB,1,Property Damage Only Collision,Other,1,0,0,1,0,0,0,2020/01/03 00:00:00+00,N,Overcast,Wet,Daylight,Y,N
1079,Block,15TH AVE NW BETWEEN NW MARKET ST AND NW 56TH ST,1,Property Damage Only Collision,NA,2,0,0,0,0,0,0,2020/11/13 00:00:00+00,NA,NA,NA,NA,NA,N
1080,Block,FAIRVIEW AVE BETWEEN BOREN AVE AND DENNY WAY,1,Property Damage Only Collision,Left Turn,2,0,0,2,0,0,0,2020/10/15 00:00:00+00,N,Clear,Dry,Daylight,NA,N
1081,Block,15TH AVE NW BETWEEN NW 65TH ST AND NW 67TH ST,2b,Serious Injury Collision,Other,1,0,0,1,1,1,0,2020/10/29 00:00:00+00,N,Clear,Dry,Dark - Street Lights On,NA,N
1082,Intersection,1ST AVE AND MARION ST,2,Injury Collision,NA,2,0,0,0,1,0,0,2020/11/20 00:00:00+00,NA,NA,NA,NA,NA,N
1083,Block,15TH AVE NE BETWEEN NE 77TH ST AND NE 80TH ST,1,Property Damage Only Collision,NA,1,0,0,0,0,0,0,2020/11/14 00:00:00+00,NA,NA,NA,NA,NA,N
1085,Intersection,20TH AVE SW AND SW HENDERSON ST,1,Property Damage Only Collision,NA,1,0,0,0,0,0,0,2020/10/23 00:00:00+00,NA,NA,NA,NA,NA,N
1086,Block,S EDMUNDS ST BETWEEN 35TH AVE S AND 37TH AVE S,0,Unknown,NA,0,0,0,0,0,0,0,2020/11/12 00:00:00+00,NA,NA,NA,NA,NA,Y
1087,Block,N 36TH ST BETWEEN FRANCIS AVE N AND DAYTON AVE N,2,Injury Collision,Parked Car,2,0,0,2,1,0,0,2020/05/21 00:00:00+00,N,Clear,Wet,Dark - Street Lights On,NA,Y
1088,Block,E MADISON ST BETWEEN LAKE WASHINGTON BLVD E AND 32ND AVE E,2,Injury Collision,Rear Ended,3,0,0,2,3,0,0,2020/05/05 00:00:00+00,N,Clear,Dry,Daylight,NA,N
1089,Intersection,DENNY WAY AND TERRY AVE,2,Injury Collision,Rear Ended,5,0,0,2,1,0,0,2020/06/12 00:00:00+00,N,Overcast,Dry,Dusk,NA,N
1090,Block,NE NORTHGATE WAY BETWEEN 24TH AVE NE AND LAKE CITY WAY NE,1,Property Damage Only Collision,Rear Ended,3,0,0,3,0,0,0,2020/06/13 00:00:00+00,N,Clear,Dry,Daylight,NA,N
1091,Intersection,28TH AVE W AND W DRAVUS ST,2,Injury Collision,Rear Ended,2,0,0,2,1,0,0,2020/06/09 00:00:00+00,N,Overcast,Dry,Daylight,NA,N
1092,Intersection,WALLINGFORD AVE N AND N 145TH ST,2,Injury Collision,Angles,2,0,0,2,1,0,0,2020/04/23 00:00:00+00,N,Overcast,Dry,Daylight,NA,N
1093,Block,30TH AVE S BETWEEN S JUDKINS ST AND S IRVING ST,1,Property Damage Only Collision,NA,2,0,0,0,0,0,0,2020/11/21 00:00:00+00,NA,NA,NA,NA,NA,Y
1094,Block,1ST AV S BR NB BETWEEN POINT A AND SR509 NB,1,Property Damage Only Collision,Other,1,0,0,1,0,0,0,2020/02/03 00:00:00+00,N,Raining,Wet,Dark - Street Lights On,Y,N
1095,Block,N 85TH ST BETWEEN DENSMORE AVE N AND WALLINGFORD AVE N,1,Property Damage Only Collision,Rear Ended,2,0,0,2,0,0,0,2020/10/15 00:00:00+00,N,Clear,Dry,Daylight,NA,N
1096,Block,AURORA AVE N BETWEEN N 143RD ST AND ROOSEVELT WAY N,1,Property Damage Only Collision,NA,3,0,0,0,0,0,0,2020/11/05 00:00:00+00,NA,NA,NA,NA,NA,N
1097,Block,15TH AVE NW BETWEEN NW 70TH ST AND NW 73RD ST,1,Property Damage Only Collision,NA,1,0,0,0,0,0,0,2020/12/04 00:00:00+00,NA,NA,NA,NA,NA,N
1098,Intersection,VIRGINIA ST AND WESTERN AVE,1,Property Damage Only Collision,Head On,2,0,0,2,0,0,0,2020/10/18 00:00:00+00,N,Overcast,Wet,Daylight,NA,N
1099,Block,5TH AVE SW BETWEEN SW CAMBRIDGE ST AND SW ROXBURY ST,1,Property Damage Only Collision,Left Turn,2,0,0,2,0,0,0,2020/05/29 00:00:00+00,N,Clear,Dry,Daylight,NA,N
1100,Block,20TH AVE NE BETWEEN NE 47TH ST AND NE 50TH ST,0,Unknown,NA,2,0,0,0,0,0,0,2020/11/28 00:00:00+00,NA,NA,NA,NA,NA,Y
1101,Intersection,6TH AVE NW AND LEARY S WAY NW,2,Injury Collision,Angles,2,0,0,2,1,0,0,2020/09/25 00:00:00+00,N,Raining,Wet,Daylight,NA,N
1102,Intersection,5TH AVE AND PIKE ST,1,Property Damage Only Collision,NA,2,0,0,0,0,0,0,2020/06/16 00:00:00+00,NA,NA,NA,NA,NA,N
1103,Intersection,1ST AVE S AND S CLOVERDALE W ST,2,Injury Collision,NA,2,0,0,0,1,0,0,2020/10/15 00:00:00+00,NA,NA,NA,NA,NA,N
1104,Block,BANNER WAY NE BETWEEN NE 85TH ST OFF RP AND CORLISS WAY N,1,Property Damage Only Collision,Other,1,0,0,1,0,0,0,2020/01/31 00:00:00+00,N,Raining,Wet,Daylight,Y,N
1105,Intersection,6TH AVE AND UNIVERSITY ST,2,Injury Collision,NA,2,0,0,0,1,0,0,2020/12/01 00:00:00+00,NA,NA,NA,NA,NA,N
1106,Block,BEACH DR SW BETWEEN SW SHORE PL AND SW JUNEAU ST,1,Property Damage Only Collision,NA,2,0,0,0,0,0,0,2020/06/07 00:00:00+00,NA,NA,NA,NA,NA,N
1107,Block,E CHERRY ST BETWEEN E JAMES WAY AND 12TH AVE,2,Injury Collision,Cycles,2,0,1,1,1,0,0,2020/11/01 00:00:00+00,N,Clear,Dry,Daylight,NA,N
1108,Intersection,20TH AVE NE AND NE 90TH ST,1,Property Damage Only Collision,Angles,2,0,0,2,0,0,0,2020/10/21 00:00:00+00,N,Overcast,Dry,Daylight,NA,N
1109,Block,17TH AVE SW BETWEEN SW HENDERSON ST AND SW BARTON ST,0,Unknown,NA,0,0,0,0,0,0,0,2020/10/14 00:00:00+00,NA,NA,NA,NA,NA,Y
1110,Block,35TH AVE SW BETWEEN SW RAYMOND ST AND SW GRAHAM ST,1,Property Damage Only Collision,NA,2,0,0,0,0,0,0,2020/11/12 00:00:00+00,NA,NA,NA,NA,NA,N
1111,Intersection,I5 SB AND 80TH ST OFF RP,2b,Serious Injury Collision,NA,2,0,0,0,1,0,0,2020/11/12 00:00:00+00,NA,NA,NA,NA,NA,N
1113,Intersection,8TH AVE NW AND NW 45TH ST,2,Injury Collision,Angles,3,0,0,2,2,0,0,2020/09/08 00:00:00+00,N,Clear,Dry,Dark - Street Lights On,NA,N
1114,Intersection,1ST AVE AND UNIVERSITY ST,1,Property Damage Only Collision,Left Turn,2,0,0,2,0,0,0,2020/10/11 00:00:00+00,N,Raining,Wet,Daylight,NA,N
1115,Intersection,16TH AVE SW AND SW HOLDEN ST,2,Injury Collision,NA,2,0,0,0,1,0,0,2020/12/02 00:00:00+00,NA,NA,NA,NA,NA,N
1116,Block,S MICHIGAN ST BETWEEN EAST MARGINAL WAY S AND 4TH AVE S,1,Property Damage Only Collision,Rear Ended,3,0,0,2,0,0,0,2020/05/22 00:00:00+00,N,Clear,Dry,Daylight,NA,N
1117,Block,RAINIER AVE S BETWEEN S ELMGROVE ST AND S ROSE N ST,1,Property Damage Only Collision,Sideswipe,3,0,0,3,0,0,0,2020/11/04 00:00:00+00,N,Overcast,Wet,Daylight,NA,N
1118,Block,W MERCER ST BETWEEN QUEEN ANNE AVE N AND 1ST AVE W,2,Injury Collision,Sideswipe,3,0,0,2,2,0,0,2020/10/07 00:00:00+00,N,Clear,Dry,Daylight,NA,N
1119,NA,NA,1,Property Damage Only Collision,NA,3,0,0,0,0,0,0,2020/10/30 00:00:00+00,NA,NA,NA,NA,NA,N
1120,Block,SW OREGON ST BETWEEN CALIFORNIA AVE SW AND 44TH AVE SW,1,Property Damage Only Collision,NA,2,0,0,0,0,0,0,2020/10/30 00:00:00+00,NA,NA,NA,NA,NA,Y
1121,Block,1ST AVE S BETWEEN S KING ST AND RAILROAD N WAY S,1,Property Damage Only Collision,Parked Car,3,0,0,3,0,0,0,2020/06/12 00:00:00+00,N,Raining,Wet,Daylight,NA,Y
1122,Intersection,NE 137TH ST AND LAKE CITY WAY NE,2,Injury Collision,Angles,2,0,0,2,2,0,0,2020/11/04 00:00:00+00,N,Overcast,Dry,Daylight,NA,N
1123,Block,NE 145TH ST BETWEEN 24TH AVE NE AND 25TH AVE NE,2,Injury Collision,NA,2,0,0,0,2,0,0,2020/10/14 00:00:00+00,NA,NA,NA,NA,NA,N
1124,Block,E PIKE ST BETWEEN BROADWAY AND 10TH AVE,2,Injury Collision,NA,2,0,0,0,1,0,0,2020/11/24 00:00:00+00,NA,NA,NA,NA,NA,Y
1125,Intersection,HAMLIN ST ON RP AND HARVARD AVE E,1,Property Damage Only Collision,Left Turn,2,0,0,2,0,0,0,2020/01/17 00:00:00+00,N,Raining,Unknown,Dark - Street Lights On,NA,N
1126,Intersection,42ND AVE SW AND SW ADMIRAL WAY,2,Injury Collision,NA,2,0,0,0,1,0,0,2020/10/12 00:00:00+00,NA,NA,NA,NA,NA,N
1127,Intersection,3RD AVE NW AND NW 110TH ST,2,Injury Collision,Angles,3,0,0,2,1,0,0,2020/10/12 00:00:00+00,N,Clear,Dry,Daylight,NA,N
1128,Block,8TH AVE NW BETWEEN NW 100TH ST AND ALDERBROOK PL NW,1,Property Damage Only Collision,Parked Car,4,0,0,4,0,0,0,2020/06/02 00:00:00+00,N,Clear,Dry,Dusk,NA,N
1129,Intersection,MAYFAIR AVE N AND NEWELL ST,1,Property Damage Only Collision,NA,2,0,0,0,0,0,0,2020/06/08 00:00:00+00,NA,NA,NA,NA,NA,Y
1130,Block,OLSON PL SW BETWEEN 1ST AVE S AND 2ND AVE SW,2,Injury Collision,Rear Ended,5,0,0,3,1,0,0,2020/06/09 00:00:00+00,N,Raining,Wet,Daylight,NA,N
1131,Block,32ND AVE W BETWEEN W SMITH S ST AND W SMITH N ST,1,Property Damage Only Collision,Parked Car,2,0,0,2,0,0,0,2020/10/26 00:00:00+00,N,Overcast,Dry,Daylight,NA,Y
1132,Intersection,SWIFT AVE S AND S ALBRO PL,2,Injury Collision,Left Turn,2,0,0,2,1,0,0,2020/10/29 00:00:00+00,N,Clear,Dry,Dark - Street Lights On,NA,N
1133,Block,ALASKAN WAY BETWEEN ALASKAN E RDWY WAY AND PIKE ST,2,Injury Collision,NA,2,0,0,0,1,0,0,2020/11/01 00:00:00+00,NA,NA,NA,NA,NA,N
1135,Block,MINOR AVE E BETWEEN E BOSTON ST AND E LYNN ST,1,Property Damage Only Collision,Other,2,0,0,2,0,0,0,2020/10/28 00:00:00+00,N,Clear,Dry,Dark - Street Lights On,NA,N
1136,Block,16TH AVE W BETWEEN W DRAVUS ST AND W BERTONA ST,1,Property Damage Only Collision,NA,2,0,0,0,0,0,0,2020/12/04 00:00:00+00,NA,NA,NA,NA,NA,N
1137,Intersection,RAVENNA PL NE AND NE 54TH ST,2,Injury Collision,NA,2,0,0,0,1,0,0,2020/11/29 00:00:00+00,NA,NA,NA,NA,NA,N
1138,Intersection,145TH ST ON RP AND NE 145TH ST,1,Property Damage Only Collision,NA,2,0,0,0,0,0,0,2020/10/13 00:00:00+00,NA,NA,NA,NA,NA,N
1139,Intersection,ROOSEVELT WAY NE AND NE RAVENNA WB BV,2,Injury Collision,NA,3,0,0,0,2,0,0,2020/11/18 00:00:00+00,NA,NA,NA,NA,NA,N
1140,Block,RAINIER AVE S BETWEEN S HOLGATE ST AND S PLUM ST,1,Property Damage Only Collision,Rear Ended,3,0,0,2,0,0,0,2020/05/28 00:00:00+00,N,Clear,Dry,Daylight,NA,N
1141,Block,YESLER WAY BETWEEN 2ND AVE AND 3RD AVE,1,Property Damage Only Collision,NA,2,0,0,0,0,0,0,2020/11/24 00:00:00+00,NA,NA,NA,NA,NA,N
1142,Block,SW GRAHAM ST BETWEEN LANHAM PL SW AND 34TH AVE SW,1,Property Damage Only Collision,Parked Car,2,0,0,2,0,0,0,2020/06/02 00:00:00+00,N,Clear,Dry,Daylight,NA,Y
1143,Alley,NA,1,Property Damage Only Collision,Parked Car,2,0,0,2,0,0,0,2020/06/20 00:00:00+00,N,Clear,Dry,Dark - Street Lights On,NA,N
1144,Block,1ST AVE N BETWEEN DENNY WAY AND JOHN ST,2,Injury Collision,NA,4,0,0,0,3,0,0,2020/05/27 00:00:00+00,NA,NA,NA,NA,NA,N
1145,Block,UNIVERSITY ST BETWEEN 3RD AVE AND 4TH AVE,0,Unknown,NA,2,0,0,0,0,0,0,2020/11/21 00:00:00+00,NA,NA,NA,NA,NA,Y
1146,Block,SW ANDOVER ST BETWEEN 21ST AVE SW AND 22ND AVE SW,2,Injury Collision,NA,2,0,0,0,1,0,0,2020/06/11 00:00:00+00,NA,NA,NA,NA,NA,Y
1147,Block,HARBOR AVE SW BETWEEN SW HARBOR LN AND SW SPOKANE NR ST,0,Unknown,NA,0,0,0,0,0,0,0,2020/11/13 00:00:00+00,NA,NA,NA,NA,NA,N
1148,Intersection,CORLISS AVE N AND N 80TH E ST,2,Injury Collision,NA,1,0,0,0,1,0,0,2020/10/18 00:00:00+00,NA,NA,NA,NA,NA,N
1149,Block,S JACKSON ST BETWEEN 14TH AVE S AND 16TH AVE S,0,Unknown,NA,2,0,0,0,0,0,0,2020/11/26 00:00:00+00,NA,NA,NA,NA,NA,Y
1150,Block,10TH AVE W BETWEEN W MCGRAW ST AND W WHEELER ST,0,Unknown,NA,0,0,0,0,0,0,0,2020/10/22 00:00:00+00,NA,NA,NA,NA,NA,Y
1151,Intersection,HOLDEN ST ON RP AND SR509 NB,1,Property Damage Only Collision,Sideswipe,2,0,0,2,0,0,0,2020/05/11 00:00:00+00,N,Clear,Dry,Daylight,NA,N
1152,Block,M L KING JR ER WAY S BETWEEN RENTON PL S AND S WALDEN ST,1,Property Damage Only Collision,Rear Ended,2,0,0,2,0,0,0,2020/05/19 00:00:00+00,N,Clear,Dry,Daylight,NA,N
1154,Block,E ROANOKE ST BETWEEN BOYLSTON AVE E AND HARVARD AVE E,1,Property Damage Only Collision,NA,1,0,0,0,0,0,0,2020/11/15 00:00:00+00,NA,NA,NA,NA,NA,N
1155,Block,SW BARTON ST BETWEEN 25TH AVE SW AND 26TH AVE SW,1,Property Damage Only Collision,NA,2,0,0,0,0,0,0,2020/11/21 00:00:00+00,NA,NA,NA,NA,NA,N
1156,Intersection,CORLISS AVE N AND N NORTHGATE WAY,1,Property Damage Only Collision,NA,2,0,0,0,0,0,0,2020/11/14 00:00:00+00,NA,NA,NA,NA,NA,N
1157,Intersection,AURORA AVE N AND N 145TH ST,2,Injury Collision,Angles,2,0,0,2,1,0,0,2020/02/01 00:00:00+00,N,Raining,Wet,Dark - Street Lights On,NA,N
1158,Block,20TH AVE NE BETWEEN NE 85TH ST AND LAKE CITY WAY NE,0,Unknown,NA,2,0,0,0,0,0,0,2020/06/01 00:00:00+00,NA,NA,NA,NA,NA,Y
1159,Intersection,1ST AVE NE AND NE NORTHGATE WAY,2,Injury Collision,NA,2,0,0,0,1,0,0,2020/11/14 00:00:00+00,NA,NA,NA,NA,NA,N
1160,Block,8TH AVE NE BETWEEN NE 91ST ST AND NE 92ND ST,0,Unknown,NA,2,0,0,0,0,0,0,2020/10/28 00:00:00+00,NA,NA,NA,NA,NA,Y
1161,Block,NW 77TH ST BETWEEN MARY AVE NW AND 15TH AVE NW,1,Property Damage Only Collision,NA,2,0,0,0,0,0,0,2020/10/22 00:00:00+00,NA,NA,NA,NA,NA,Y
1162,Intersection,3RD AVE NW AND NW 43RD ST,2,Injury Collision,NA,2,0,0,0,1,0,0,2020/11/18 00:00:00+00,NA,NA,NA,NA,NA,N
1163,Block,UNION ST BETWEEN 5TH AVE AND 6TH AVE,1,Property Damage Only Collision,NA,2,0,0,0,0,0,0,2020/11/24 00:00:00+00,NA,NA,NA,NA,NA,Y
1165,Intersection,WETMORE AVE S AND S BYRON ST,1,Property Damage Only Collision,Parked Car,2,0,0,2,0,0,0,2020/10/21 00:00:00+00,N,Clear,Dry,Dark - Street Lights On,NA,Y
1166,Intersection,25TH AVE NE AND NE 55TH ST,1,Property Damage Only Collision,NA,3,0,0,0,0,0,0,2020/12/02 00:00:00+00,NA,NA,NA,NA,NA,N
1167,Block,NW 77TH ST BETWEEN 17TH AVE NW AND 18TH AVE NW,0,Unknown,NA,2,0,0,0,0,0,0,2020/05/19 00:00:00+00,NA,NA,NA,NA,NA,Y
1168,Block,1ST AV S BR SB BETWEEN POINT A AND SR509 SB,1,Property Damage Only Collision,Rear Ended,3,0,0,3,0,0,0,2020/04/30 00:00:00+00,N,Clear,Dry,Daylight,Y,N
1169,Intersection,32ND AVE NW AND NW 85TH ST,2,Injury Collision,Other,1,0,0,1,1,0,0,2020/05/31 00:00:00+00,N,Raining,Wet,Dark - Street Lights On,NA,N
1170,Intersection,14TH AVE NW AND NW MARKET ST,2,Injury Collision,Rear Ended,2,0,0,2,1,0,0,2020/10/19 00:00:00+00,N,Raining,Wet,Daylight,NA,N
1171,Block,NE LAKE CITY WY ON RP BETWEEN I5 SB AND NE 75TH ST ON RP,1,Property Damage Only Collision,Other,1,0,0,1,0,0,0,2020/09/20 00:00:00+00,N,Raining,Wet,Dark - Street Lights On,Y,N
1172,Block,AIRPORT WAY S BETWEEN S HOLGATE SR ST AND S PLUM ST,2,Injury Collision,NA,2,0,0,0,1,0,0,2020/11/19 00:00:00+00,NA,NA,NA,NA,NA,N
1173,Block,6TH AVE BETWEEN CHERRY ST AND COLUMBIA ST,2,Injury Collision,Rear Ended,2,0,0,2,1,0,0,2020/02/02 00:00:00+00,N,Overcast,Wet,Daylight,NA,N
1174,Intersection,16TH AVE S AND S JACKSON ST,1,Property Damage Only Collision,NA,2,0,0,0,0,0,0,2020/11/18 00:00:00+00,NA,NA,NA,NA,NA,N
1175,Block,ALASKAN E RDWY WAY S BETWEEN S MAIN ST AND S JACKSON ST,1,Property Damage Only Collision,NA,2,0,0,0,0,0,0,2020/12/03 00:00:00+00,NA,NA,NA,NA,NA,N
1176,Block,CALIFORNIA AVE SW BETWEEN SW FINDLAY ST AND SW JUNEAU ST,0,Unknown,NA,0,0,0,0,0,0,0,2020/11/21 00:00:00+00,NA,NA,NA,NA,NA,Y
1177,Intersection,12TH AVE S AND BOREN AVE S,1,Property Damage Only Collision,NA,2,0,0,0,0,0,0,2020/11/20 00:00:00+00,NA,NA,NA,NA,NA,N
1178,Block,AURORA AVE N BETWEEN N 91ST ST AND N 92ND ST,1,Property Damage Only Collision,Rear Ended,2,0,0,2,0,0,0,2020/05/28 00:00:00+00,N,Clear,Dry,Daylight,NA,N
1179,Block,RAINIER AVE S BETWEEN S MEAD ST AND S JUNEAU ST,2,Injury Collision,Parked Car,5,0,0,2,3,0,0,2020/06/04 00:00:00+00,N,Clear,Dry,Daylight,NA,N
1180,Block,SW ROXBURY ST BETWEEN 14TH AVE SW AND 15TH AVE SW,2,Injury Collision,Rear Ended,2,0,0,2,1,0,0,2020/06/15 00:00:00+00,N,Raining,Wet,Daylight,NA,N
1182,Block,S OREGON ST BETWEEN 50TH AVE S AND 51ST AVE S,1,Property Damage Only Collision,NA,2,0,0,0,0,0,0,2020/11/21 00:00:00+00,NA,NA,NA,NA,NA,Y
1183,Block,E LYNN ST BETWEEN BROADWAY E AND 10TH AVE E,1,Property Damage Only Collision,Parked Car,3,0,0,3,0,0,0,2020/06/10 00:00:00+00,N,Overcast,Dry,Daylight,NA,Y
1184,Block,W RUFFNER ST BETWEEN 32ND AVE W AND 33RD AVE W,1,Property Damage Only Collision,NA,1,0,0,0,0,0,0,2020/11/13 00:00:00+00,NA,NA,NA,NA,NA,N
1185,Intersection,14TH AVE S AND DALLAS AVE S,1,Property Damage Only Collision,NA,2,0,0,0,0,0,0,2020/12/02 00:00:00+00,NA,NA,NA,NA,NA,N
1186,Intersection,1ST AVE S AND S SPOKANE SR ST,1,Property Damage Only Collision,Right Turn,2,0,0,2,0,0,0,2020/11/23 00:00:00+00,N,Clear,Dry,Dark - Street Lights On,NA,N
1187,Intersection,DENNY WAY AND TERRY AVE,1,Property Damage Only Collision,Rear Ended,3,0,0,2,0,0,0,2020/10/11 00:00:00+00,N,Raining,Wet,Daylight,NA,N
1188,Intersection,DISCOVERY PARK BLVD AND TEXAS WAY,0,Unknown,NA,0,0,0,0,0,0,0,2020/10/10 00:00:00+00,NA,NA,NA,NA,NA,Y
1189,Intersection,6TH AVE S AND S LANDER ST,1,Property Damage Only Collision,Angles,2,0,0,2,0,0,0,2020/10/28 00:00:00+00,N,Overcast,Dry,Daylight,NA,N
1190,Intersection,14TH AVE S AND S BAYVIEW ST,1,Property Damage Only Collision,NA,2,0,0,0,0,0,0,2020/06/17 00:00:00+00,NA,NA,NA,NA,NA,Y
1191,Block,FREMONT AVE N BETWEEN N 41ST ST AND N 42ND ST,0,Unknown,NA,0,0,0,0,0,0,0,2020/11/19 00:00:00+00,NA,NA,NA,NA,NA,N
1192,Intersection,48TH AVE SW AND SW OREGON ST,2,Injury Collision,NA,4,0,0,0,1,0,0,2020/10/17 00:00:00+00,NA,NA,NA,NA,NA,N
1193,Block,W DRAVUS ST BETWEEN 16TH AVE W AND 17TH AVE W,1,Property Damage Only Collision,Angles,2,0,0,2,0,0,0,2020/10/10 00:00:00+00,N,Clear,Dry,Dark - Street Lights On,NA,N
1194,Intersection,20TH AVE NE AND NE 52ND ST,2,Injury Collision,Pedestrian,2,1,0,1,1,0,0,2020/01/27 00:00:00+00,N,Raining,Wet,Dark - Street Lights On,NA,N
1200,Intersection,M L KING JR WR WAY S AND S OTHELLO ST,2,Injury Collision,NA,4,0,0,0,1,0,0,2020/11/14 00:00:00+00,NA,NA,NA,NA,NA,N
1205,Block,HOLMAN RD NW BETWEEN 7TH AVE NW AND 6TH AVE NW,1,Property Damage Only Collision,Rear Ended,4,0,0,3,0,0,0,2020/10/03 00:00:00+00,N,Raining,Wet,Dark - Street Lights On,NA,N
1209,Intersection,4TH AVE S AND S MICHIGAN ST,1,Property Damage Only Collision,Left Turn,3,0,0,2,0,0,0,2020/10/12 00:00:00+00,N,Clear,Dry,Daylight,NA,N
1213,Block,EASTLAKE AVE E BETWEEN HARRISON ST AND REPUBLICAN ST,2,Injury Collision,Cycles,2,0,1,1,1,0,0,2020/10/06 00:00:00+00,N,Clear,Dry,Daylight,NA,Y