OBJECTID,ADDRTYPE,LOCATION,SEVERITYCODE,SEVERITYDESC,COLLISIONTYPE,PERSONCOUNT,PEDCOUNT,PEDCYLCOUNT,VEHCOUNT,INJURIES,SERIOUSINJURIES,FATALITIES,INCDATE,UNDERINFL,WEATHER,ROADCOND,LIGHTCOND,SPEEDING,HITPARKEDCAR
2226,Intersection,3RD AVE NW AND NW 143RD ST,1,Property Damage Only Collision,Other,1,0,0,1,0,0,0,2020/11/04 00:00:00+00,N,Overcast,Dry,Daylight,NA,N
2227,Block,2ND AVE S BETWEEN S WASHINGTON ST AND S MAIN ST,1,Property Damage Only Collision,Parked Car,2,0,0,2,0,0,0,2020/10/06 00:00:00+00,N,Clear,Dry,Daylight,NA,Y
2239,Block,21ST AVE SW BETWEEN SW DAWSON ST AND SW BRANDON ST,1,Property Damage Only Collision,Other,3,0,0,2,0,0,0,2020/11/02 00:00:00+00,N,Clear,Dry,Dark - Street Lights On,NA,Y
2246,Block,UNIVERSITY WAY NE BETWEEN NE 50TH ST AND NE 52ND ST,1,Property Damage Only Collision,Other,2,0,0,2,0,0,0,2020/10/17 00:00:00+00,N,Clear,Dry,Dark - Street Lights On,NA,Y
2251,Intersection,M L KING JR WAY S AND S LANE ST,1,Property Damage Only Collision,Angles,2,0,0,2,0,0,0,2020/10/21 00:00:00+00,N,Overcast,Wet,Daylight,NA,N
2254,Intersection,20TH AVE NE AND NE 145TH ST,1,Property Damage Only Collision,Other,1,0,0,1,0,0,0,2020/09/13 00:00:00+00,N,Fog/Smog/Smoke,Dry,Daylight,NA,N
2258,Intersection,9TH AVE NW AND NW MARKET ST,1,Property Damage Only Collision,NA,2,0,0,0,0,0,0,2020/11/05 00:00:00+00,NA,NA,NA,NA,NA,N
2267,Block,26TH AVE NW BETWEEN NW 57TH ST AND NW 58TH ST,0,Unknown,NA,2,0,0,0,0,0,0,2020/11/05 00:00:00+00,NA,NA,NA,NA,NA,Y
2270,Block,RAINIER AVE S BETWEEN S WARSAW ST AND S HOLLY ST,1,Property Damage Only Collision,NA,1,0,0,0,0,0,0,2020/11/03 00:00:00+00,NA,NA,NA,NA,NA,Y
2274,Block,ALASKAN WAY S BETWEEN S MAIN ST AND S JACKSON ST,1,Property Damage Only Collision,Sideswipe,2,0,0,2,0,0,0,2020/11/05 00:00:00+00,N,Overcast,Wet,Daylight,NA,N
2275,Block,MONTLAKE BLVD NE BETWEEN NE 44TH ST AND NE 45TH ST RP,1,Property Damage Only Collision,Other,1,0,0,1,0,0,0,2020/10/15 00:00:00+00,N,Clear,Dry,Dark - Street Lights On,Y,N
2284,Block,N 90TH ST BETWEEN PALATINE AVE N AND GREENWOOD AVE N,1,Property Damage Only Collision,Other,1,0,0,1,0,0,0,2020/10/26 00:00:00+00,N,Overcast,Dry,Daylight,NA,N
2289,Block,HIGHLAND PARK WAY SW BETWEEN WEST MARGINAL WAY SW AND SW OTHELLO ST,1,Property Damage Only Collision,Head On,5,0,0,4,0,0,0,2020/10/13 00:00:00+00,N,Overcast,Wet,Daylight,Y,N
2290,Block,SW SPOKANE ST BETWEEN SW KLICKITAT SR WAY AND 11TH CR AVE SW,1,Property Damage Only Collision,Other,1,0,0,1,0,0,0,2020/11/05 00:00:00+00,N,Raining,Wet,Dark - Street Lights On,Y,N
2302,Block,SW ADMIRAL WAY BETWEEN SW HANFORD E ST AND 34TH AVE SW,1,Property Damage Only Collision,NA,2,0,0,0,0,0,0,2020/01/22 00:00:00+00,NA,NA,NA,NA,NA,N
2309,Block,RAINIER AVE S BETWEEN S DEARBORN ST AND S CHARLES N ST,1,Property Damage Only Collision,NA,2,0,0,0,0,0,0,2020/11/18 00:00:00+00,NA,NA,NA,NA,NA,N
2314,Intersection,SUMMIT AVE AND E OLIVE ST,0,Unknown,NA,0,0,0,0,0,0,0,2020/11/20 00:00:00+00,NA,NA,NA,NA,NA,Y
2318,Intersection,23RD AVE AND E FIR ST,1,Property Damage Only Collision,Angles,3,0,0,2,0,0,0,2020/10/23 00:00:00+00,N,Clear,Wet,Dark - Street Lights On,NA,N
2322,Intersection,CALIFORNIA AVE SW AND SW ALASKA ST,2,Injury Collision,NA,2,0,0,0,1,0,0,2020/11/10 00:00:00+00,NA,NA,NA,NA,NA,N
2334,Intersection,ITHACA PL S AND RAINIER AVE S,1,Property Damage Only Collision,NA,1,0,0,0,0,0,0,2020/11/17 00:00:00+00,NA,NA,NA,NA,NA,N
2335,Intersection,2ND AVE NW AND NW 39TH ST,1,Property Damage Only Collision,NA,2,0,0,0,0,0,0,2020/11/13 00:00:00+00,NA,NA,NA,NA,NA,Y
2349,Block,29TH AVE S BETWEEN S MORGAN ST AND S HOLLY ST,0,Unknown,NA,1,0,0,0,0,0,0,2020/10/31 00:00:00+00,NA,NA,NA,NA,NA,N
2353,Block,WESTLAKE AVE N BETWEEN HIGHLAND DR AND GALER S ST,1,Property Damage Only Collision,Left Turn,3,0,0,2,0,0,0,2020/10/26 00:00:00+00,N,Overcast,Dry,Dusk,NA,N
2354,Block,AURORA AVE N BETWEEN N 125TH ST AND N 127TH ST,2,Injury Collision,NA,2,0,0,0,1,0,0,2020/10/17 00:00:00+00,NA,NA,NA,NA,NA,N
2366,Block,MINOR AVE N BETWEEN THOMAS ST AND HARRISON ST,0,Unknown,NA,0,0,0,0,0,0,0,2020/11/21 00:00:00+00,NA,NA,NA,NA,NA,Y
2372,Block,NW 83RD ST BETWEEN 18TH AVE NW AND 19TH AVE NW,0,Unknown,NA,2,0,0,0,0,0,0,2020/10/17 00:00:00+00,NA,NA,NA,NA,NA,Y
2380,Block,EAST MARGINAL WAY S BETWEEN S RIVER ST AND S BRIGHTON ST,1,Property Damage Only Collision,Rear Ended,2,0,0,2,0,0,0,2020/10/30 00:00:00+00,N,Clear,Dry,Daylight,NA,N
2385,Intersection,FRANKLIN AVE E AND E GALER ST,1,Property Damage Only Collision,Parked Car,2,0,0,2,0,0,0,2020/11/05 00:00:00+00,N,Clear,Dry,Daylight,NA,Y
2386,Intersection,BROAD ST AND ELLIOTT AVE,1,Property Damage Only Collision,Sideswipe,2,0,0,2,0,0,0,2020/11/03 00:00:00+00,N,Raining,Wet,Daylight,NA,N
2398,Block,WESTLAKE AVE N BETWEEN BLAINE ST AND NEWTON ST,2,Injury Collision,NA,1,0,0,0,1,0,0,2020/11/08 00:00:00+00,NA,NA,NA,NA,NA,N
2410,Block,BROADWAY BETWEEN TERRACE ST AND JEFFERSON ST,2,Injury Collision,Cycles,2,1,1,0,2,0,0,2020/10/15 00:00:00+00,N,Clear,Dry,Daylight,NA,N
2418,Intersection,FAIRVIEW AVE N AND REPUBLICAN ST,2,Injury Collision,NA,2,0,0,0,1,0,0,2020/11/07 00:00:00+00,NA,NA,NA,NA,NA,N
2419,Block,YALE AVE E BETWEEN E NEWTON ST AND E BOSTON ST,0,Unknown,NA,2,0,0,0,0,0,0,2020/10/15 00:00:00+00,NA,NA,NA,NA,NA,Y
2428,Block,ROOSEVELT WAY NE BETWEEN NE 41ST ST AND NE 42ND S ST,1,Property Damage Only Collision,Parked Car,3,0,0,2,0,0,0,2020/09/27 00:00:00+00,N,Clear,Dry,Daylight,NA,N
2429,Intersection,1ST AVE S AND S KING ST,1,Property Damage Only Collision,NA,2,0,0,0,0,0,0,2020/11/16 00:00:00+00,NA,NA,NA,NA,NA,N
2437,Intersection,6TH AVE AND CHERRY ST,1,Property Damage Only Collision,NA,2,0,0,0,0,0,0,2020/10/25 00:00:00+00,NA,NA,NA,NA,NA,N
2446,Block,DELRIDGE WAY SW BETWEEN SYLVAN WAY SW AND SW WEBSTER ST,1,Property Damage Only Collision,Other,1,0,0,1,0,0,0,2020/11/03 00:00:00+00,N,Raining,Wet,Daylight,NA,N
2451,Block,1ST AVE BETWEEN BROAD ST AND EAGLE ST,2,Injury Collision,NA,3,0,0,0,2,0,0,2020/11/13 00:00:00+00,NA,NA,NA,NA,NA,N
2452,Block,BEACON ER AVE S BETWEEN CHEASTY BLVD S AND S ANGELINE ST,1,Property Damage Only Collision,NA,2,0,0,0,0,0,0,2020/11/17 00:00:00+00,NA,NA,NA,NA,NA,N
2464,Intersection,LATONA AVE NE AND NE 45TH ST,1,Property Damage Only Collision,NA,2,0,0,0,0,0,0,2020/11/07 00:00:00+00,NA,NA,NA,NA,NA,N
2475,Block,EAST MARGINAL WAY S BETWEEN S HUDSON ST AND S DAWSON ST,1,Property Damage Only Collision,Head On,2,0,0,2,0,0,0,2020/10/09 00:00:00+00,N,Raining,Wet,Dark - Street Lights On,NA,N
2481,Intersection,7TH AVE NE AND NE 45TH ST,1,Property Damage Only Collision,Sideswipe,2,0,0,2,0,0,0,2020/10/30 00:00:00+00,N,Clear,Dry,Daylight,NA,N
2491,Intersection,AURORA AVE N AND N 130TH ST,1,Property Damage Only Collision,Rear Ended,2,0,0,2,0,0,0,2020/10/24 00:00:00+00,N,Clear,Dry,Dark - Street Lights On,NA,N
2495,Intersection,4TH AVE AND UNIVERSITY ST,2,Injury Collision,Pedestrian,2,1,0,1,1,0,0,2020/09/29 00:00:00+00,N,Clear,Dry,Daylight,NA,N
2496,Intersection,22ND AVE S AND S COLLEGE ST,2,Injury Collision,NA,2,0,0,0,1,0,0,2020/11/12 00:00:00+00,NA,NA,NA,NA,NA,N
2508,Block,E MADISON ST BETWEEN 17TH AVE AND 18TH AVE,0,Unknown,NA,0,0,0,0,0,0,0,2020/11/18 00:00:00+00,NA,NA,NA,NA,NA,N
2514,Block,SW BARTON PL BETWEEN 22ND AVE SW AND SW BARTON ST,2,Injury Collision,NA,2,0,0,0,1,0,0,2020/11/16 00:00:00+00,NA,NA,NA,NA,NA,Y
2515,Intersection,27TH AVE NE AND NE 145TH ST,2,Injury Collision,Angles,2,0,0,2,1,0,0,2020/09/20 00:00:00+00,N,Clear,Dry,Daylight,NA,N
2528,Block,CALIFORNIA AVE SW BETWEEN ERSKINE WAY SW AND SW HUDSON ST,1,Property Damage Only Collision,NA,1,0,0,0,0,0,0,2020/11/07 00:00:00+00,NA,NA,NA,NA,NA,Y
2535,Block,SUMMIT AVE BETWEEN E HOWELL E ST AND E DENNY WAY,1,Property Damage Only Collision,Parked Car,2,0,0,2,0,0,0,2020/10/17 00:00:00+00,N,Clear,Dry,Dark - Street Lights On,NA,Y
2540,Intersection,AURORA AVE N AND N 90TH ST,1,Property Damage Only Collision,NA,2,0,0,0,0,0,0,2020/11/19 00:00:00+00,NA,NA,NA,NA,NA,N
2544,Intersection,5TH AVE N AND ROY ST,2,Injury Collision,Angles,2,0,0,2,1,0,0,2020/09/14 00:00:00+00,N,Clear,Dry,Daylight,NA,N
2548,Block,WEST MARGINAL WAY SW BETWEEN SW SPOKANE ST AND WEST MARGINAL TURN RD,2,Injury Collision,Rear Ended,4,0,0,4,1,0,0,2020/10/22 00:00:00+00,N,Overcast,Dry,Daylight,Y,N
2549,Intersection,JONES AVE NW AND NW 80TH ST,1,Property Damage Only Collision,Other,1,0,0,1,0,0,0,2020/10/17 00:00:00+00,N,Clear,Dry,Dark - Street Lights On,NA,N
2557,Intersection,28TH AVE NW AND NW 67TH S ST,0,Unknown,NA,0,0,0,0,0,0,0,2020/11/20 00:00:00+00,NA,NA,NA,NA,NA,N
2561,Intersection,5TH AVE AND WALL ST,1,Property Damage Only Collision,Angles,3,0,0,2,0,0,0,2020/10/23 00:00:00+00,N,Raining,Wet,Dark - Street Lights On,NA,N
2562,Intersection,BROADWAY AND JEFFERSON ST,2,Injury Collision,NA,2,0,0,0,1,0,0,2020/10/22 00:00:00+00,NA,NA,NA,NA,NA,N
2574,Block,S OREGON ST BETWEEN 31ST AVE S AND RENTON AVE S,1,Property Damage Only Collision,NA,1,0,0,0,0,0,0,2020/11/06 00:00:00+00,NA,NA,NA,NA,NA,N
2580,Block,JAMES ST BETWEEN TERRY AVE AND BOREN AVE,1,Property Damage Only Collision,NA,2,0,0,0,0,0,0,2020/11/23 00:00:00+00,NA,NA,NA,NA,NA,N
2588,Intersection,51ST AVE S AND RAINIER AVE S,2,Injury Collision,Other,3,0,0,2,1,0,0,2020/11/02 00:00:00+00,N,Clear,Dry,Daylight,NA,N
2595,Block,PIKE ST BETWEEN TERRY AVE AND BOREN AVE,1,Property Damage Only Collision,Sideswipe,2,0,0,2,0,0,0,2020/01/23 00:00:00+00,N,Raining,Wet,Daylight,NA,N
2622,Intersection,FREMONT AVE N AND N 85TH ST,2,Injury Collision,Left Turn,3,0,0,2,1,0,0,2020/01/22 00:00:00+00,N,Overcast,Wet,Dark - Street Lights On,NA,N
2643,Intersection,DELRIDGE WAY SW AND SW BARTON ST,1,Property Damage Only Collision,Angles,3,0,0,2,0,0,0,2020/10/02 00:00:00+00,N,Clear,Dry,Daylight,NA,N
2651,Intersection,E DENNY WAY AND E OLIVE WAY,1,Property Damage Only Collision,Left Turn,3,0,0,2,0,0,0,2020/02/21 00:00:00+00,N,Clear,Dry,Dark - Street Lights On,NA,N
2679,Intersection,RAINIER AVE S AND S OTHELLO ST,1,Property Damage Only Collision,Rear Ended,3,0,0,2,0,0,0,2020/07/30 00:00:00+00,N,Clear,Dry,Daylight,NA,N
2717,Intersection,4TH AVE S AND W SEA BR EB 4 AV OFF RP,2,Injury Collision,Angles,2,0,0,2,1,0,0,2020/02/17 00:00:00+00,N,Clear,Dry,Dark - Street Lights On,NA,N
2722,Intersection,15TH AVE NE AND NE 55TH ST,1,Property Damage Only Collision,Angles,6,0,0,4,0,0,0,2020/01/23 00:00:00+00,N,Raining,Wet,Daylight,NA,N
2742,Block,AURORA AVE N BETWEEN N 103RD S ST AND N 103RD N ST,2,Injury Collision,Left Turn,2,0,0,2,1,0,0,2020/10/20 00:00:00+00,N,Clear,Dry,Dark - Street Lights On,NA,N
2749,Block,SW SPOKANE ST BETWEEN SW SPOKANE W BR AND TERMINAL 5 ACCESS RP,1,Property Damage Only Collision,Rear Ended,5,0,0,3,0,0,0,2020/09/18 00:00:00+00,N,Overcast,Wet,Dark - Street Lights On,Y,N
2766,Block,38TH AVE S BETWEEN S TRENTON ST AND BEACON ER N AVE S,0,Unknown,NA,0,0,0,0,0,0,0,2020/06/12 00:00:00+00,NA,NA,NA,NA,NA,Y
2780,Block,RAINIER AVE S BETWEEN SEWARD PARK AVE S AND 57TH AVE S,2,Injury Collision,NA,3,0,0,0,1,0,0,2020/03/01 00:00:00+00,NA,NA,NA,NA,NA,N
2784,Block,CALIFORNIA AVE SW BETWEEN SW PORTLAND ST AND SW KENYON ST,2,Injury Collision,Parked Car,2,0,0,2,1,0,0,2020/05/04 00:00:00+00,N,Clear,Dry,Daylight,NA,N
2807,Intersection,4TH AVE AND BATTERY ST,2,Injury Collision,Angles,2,0,0,2,1,0,0,2020/04/09 00:00:00+00,N,Clear,Dry,Dusk,NA,N
2827,Block,4TH AVE BETWEEN JEFFERSON ST AND JAMES ST,1,Property Damage Only Collision,Sideswipe,2,0,0,2,0,0,0,2020/10/01 00:00:00+00,N,Clear,Dry,Daylight,NA,N
2880,Block,RAINIER AVE S BETWEEN S MEAD ST AND S JUNEAU ST,2,Injury Collision,Rear Ended,9,0,0,4,4,0,0,2020/02/19 00:00:00+00,N,Clear,Dry,NA,NA,N
2911,Block,ALKI AVE SW BETWEEN SW JERSEY ST AND SW ARKANSAS ST,2,Injury Collision,Rear Ended,3,0,0,2,2,0,0,2020/05/23 00:00:00+00,N,Clear,Dry,Daylight,NA,N
2913,Intersection,DELRIDGE WAY SW AND SW THISTLE ST,2,Injury Collision,Left Turn,5,0,0,3,1,0,0,2020/01/06 00:00:00+00,N,Raining,Wet,Dark - Street Lights On,NA,N
2920,Block,MINOR AVE N BETWEEN THOMAS ST AND HARRISON ST,1,Property Damage Only Collision,NA,2,0,0,0,0,0,0,2020/01/21 00:00:00+00,NA,NA,NA,NA,NA,Y
2964,Block,15TH AVE NE BETWEEN NE PACIFIC ST AND NE 40TH ST,1,Property Damage Only Collision,Sideswipe,2,0,0,2,0,0,0,2020/02/07 00:00:00+00,N,Overcast,Wet,Daylight,NA,N
2979,Intersection,PALATINE AVE N AND N 72ND ST,1,Property Damage Only Collision,Angles,3,0,0,2,0,0,0,2020/08/15 00:00:00+00,N,Clear,Dry,Daylight,NA,N
2996,Block,SW ROXBURY ST BETWEEN 20TH AVE SW AND 21ST AVE SW,2,Injury Collision,Rear Ended,5,0,0,3,1,0,0,2020/06/25 00:00:00+00,N,Clear,Dry,Daylight,NA,N
3017,Block,7TH AVE NW BETWEEN NW 60TH ST AND NW 62ND ST,1,Property Damage Only Collision,Parked Car,2,0,0,2,0,0,0,2020/09/30 00:00:00+00,N,Clear,Unknown,Daylight,NA,Y
3039,Block,S LANE ST BETWEEN 7TH AVE S AND 8TH AVE S,0,Unknown,NA,2,0,0,0,0,0,0,2020/10/16 00:00:00+00,NA,NA,NA,NA,NA,Y
3046,Block,DENNY WAY BETWEEN 7TH NB AVE N AND DEXTER AVE,2,Injury Collision,Rear Ended,2,0,0,2,1,0,0,2020/01/27 00:00:00+00,N,Clear,Dry,Dark - Street Lights On,NA,N
3085,Block,N 46 UPPER ST BETWEEN LINDEN AVE N AND AURORA AVE N,1,Property Damage Only Collision,NA,2,0,0,0,0,0,0,2020/11/13 00:00:00+00,NA,NA,NA,NA,NA,N
3125,Block,15TH AVE S BETWEEN S ATLANTIC ST AND S MASSACHUSETTS ST,2,Injury Collision,NA,2,0,0,0,1,0,0,2020/05/29 00:00:00+00,NA,NA,NA,NA,NA,Y
3126,Block,SW DAWSON ST BETWEEN 18TH AVE SW AND 21ST AVE SW,1,Property Damage Only Collision,Other,1,0,0,1,0,0,0,2020/01/08 00:00:00+00,N,Clear,Wet,Dark - Street Lights On,Y,N
3165,Intersection,30TH AVE NE AND NE 145TH ST,1,Property Damage Only Collision,Other,1,0,0,1,0,0,0,2020/02/29 00:00:00+00,N,Overcast,Wet,Dark - Street Lights On,NA,N
3229,Intersection,2ND AVE AND PIKE ST,2,Injury Collision,Pedestrian,2,1,0,1,1,0,0,2020/09/18 00:00:00+00,N,Clear,Dry,Dark - Street Lights On,NA,N
3259,Block,5TH AVE NE BETWEEN NE 45TH ST AND 45TH ST OFF RP,1,Property Damage Only Collision,Rear Ended,2,0,0,2,0,0,0,2020/02/24 00:00:00+00,N,Clear,Dry,Daylight,NA,N
3274,Intersection,INTERLAKE AVE N AND N 85TH W ST,1,Property Damage Only Collision,Right Turn,4,0,0,2,0,0,0,2020/08/20 00:00:00+00,N,Clear,Dry,Daylight,NA,N
3317,Intersection,15TH AVE NE AND NE 80TH ST,1,Property Damage Only Collision,NA,3,0,0,0,0,0,0,2020/01/29 00:00:00+00,NA,NA,NA,NA,NA,N
3372,Block,N NORTHGATE WAY BETWEEN CORLISS AVE N AND 1ST AVE NE,1,Property Damage Only Collision,Angles,2,0,0,2,0,0,0,2020/06/18 00:00:00+00,N,Clear,Dry,Daylight,NA,N
3386,Block,37TH AVE S BETWEEN S ORCAS ST AND S JUNEAU ST,1,Property Damage Only Collision,Other,1,0,0,1,0,0,0,2020/02/26 00:00:00+00,N,Clear,Dry,Daylight,NA,N
3414,Intersection,14TH AVE NW AND NW 52ND ST,2,Injury Collision,Angles,3,0,0,2,1,0,0,2020/01/24 00:00:00+00,N,Raining,Wet,Daylight,NA,N
3435,Block,E DENNY WAY BETWEEN SUMMIT AVE AND BELMONT AVE E,1,Property Damage Only Collision,NA,1,0,0,0,0,0,0,2020/11/13 00:00:00+00,NA,NA,NA,NA,NA,N
3444,Intersection,25TH AVE NE AND NE 55TH ST,2,Injury Collision,Left Turn,2,0,0,2,1,0,0,2020/02/18 00:00:00+00,N,Clear,Dry,Dark - Street Lights On,NA,N
3457,Block,6TH AVE BETWEEN BLANCHARD ST AND BELL ST,1,Property Damage Only Collision,Rear Ended,2,0,0,2,0,0,0,2020/03/07 00:00:00+00,N,Clear,Dry,Daylight,NA,N
3476,Intersection,1ST AVE NW AND NW 84TH ST,1,Property Damage Only Collision,Angles,2,0,0,2,0,0,0,2020/10/15 00:00:00+00,N,Clear,Dry,Daylight,NA,N
3483,Intersection,19TH AVE E AND E JOHN ST,2,Injury Collision,Pedestrian,2,1,0,1,1,0,0,2020/09/02 00:00:00+00,N,Clear,Dry,Daylight,NA,N
3500,Intersection,M L KING JR WR WAY S AND S GRAHAM ST,1,Property Damage Only Collision,NA,1,0,0,0,0,0,0,2020/01/18 00:00:00+00,NA,NA,NA,NA,NA,N
3516,Block,HOLMAN RD N BETWEEN N 104TH ST AND GREENWOOD AVE N,2b,Serious Injury Collision,Pedestrian,2,1,0,1,1,1,0,2020/03/30 00:00:00+00,N,Overcast,Dry,Daylight,NA,N
3542,Intersection,26TH AVE SW AND SW ROXBURY ST,2,Injury Collision,Left Turn,3,0,0,2,2,0,0,2020/01/31 00:00:00+00,N,Raining,Wet,Dark - Street Lights On,NA,N
3564,Alley,NA,0,Unknown,NA,0,0,0,0,0,0,0,2020/08/01 00:00:00+00,NA,NA,NA,NA,NA,N
3586,Block,SR99 TUNNEL NB BETWEEN S ROYAL BROUGHAM WAY OFF RP AND SR99 SB DEARBORN ST ON RP,1,Property Damage Only Collision,Other,1,0,0,1,0,0,0,2020/10/20 00:00:00+00,N,Clear,Dry,Daylight,NA,N
3625,Intersection,5TH AVE AND JAMES ST,1,Property Damage Only Collision,Angles,2,0,0,2,0,0,0,2020/08/03 00:00:00+00,N,Clear,Dry,Daylight,NA,N
3667,Intersection,5TH AVE S AND S DAWSON ST,2,Injury Collision,Cycles,3,0,1,1,1,0,0,2020/09/25 00:00:00+00,N,Overcast,Dry,Daylight,NA,N
3725,Intersection,36TH AVE SW AND SW AVALON WAY,1,Property Damage Only Collision,Left Turn,3,0,0,2,0,0,0,2020/04/16 00:00:00+00,N,Clear,Dry,Daylight,NA,N
3813,Intersection,30TH AVE NW AND NW MARKET ST,1,Property Damage Only Collision,NA,2,0,0,0,0,0,0,2020/11/10 00:00:00+00,NA,NA,NA,NA,NA,N
3829,Block,35TH AVE SW BETWEEN SW ANDOVER S ST AND SW DAKOTA ST,0,Unknown,NA,1,0,0,0,0,0,0,2020/10/07 00:00:00+00,NA,NA,NA,NA,NA,N
3836,Block,RAINIER AVE S BETWEEN S GENESEE S ST AND S OREGON ST,1,Property Damage Only Collision,Parked Car,2,0,0,2,0,0,0,2020/09/01 00:00:00+00,N,Clear,Dry,Dusk,NA,Y
3853,Block,MONTLAKE BLVD E BETWEEN E SHELBY ST AND MONTLAKE BR,1,Property Damage Only Collision,Rear Ended,2,0,0,2,0,0,0,2020/06/12 00:00:00+00,N,Raining,Wet,Daylight,NA,N
3854,Intersection,32ND AVE S AND S DAWSON ST,1,Property Damage Only Collision,NA,2,0,0,0,0,0,0,2020/01/12 00:00:00+00,NA,NA,NA,NA,NA,N
3957,Intersection,14TH AVE S AND S CLOVERDALE ST,1,Property Damage Only Collision,Angles,2,0,0,2,0,0,0,2020/09/20 00:00:00+00,N,Clear,Dry,Daylight,NA,N
4048,Block,7TH SB AVE N BETWEEN DENNY WAY AND JOHN ST,1,Property Damage Only Collision,Sideswipe,2,0,0,2,0,0,0,2020/01/30 00:00:00+00,N,Clear,Dry,Daylight,NA,N
4108,Block,AURORA AVE N BETWEEN N 117TH PL AND N 125TH ST,2,Injury Collision,NA,2,0,0,0,1,0,0,2020/11/19 00:00:00+00,NA,NA,NA,NA,NA,N
4166,Block,NW 85TH ST BETWEEN 24TH AVE NW AND 25TH AVE NW,1,Property Damage Only Collision,NA,2,0,0,0,0,0,0,2020/11/24 00:00:00+00,NA,NA,NA,NA,NA,N
4183,Block,37TH AVE SW BETWEEN SW ANDOVER ST AND SW DAKOTA ST,1,Property Damage Only Collision,Other,1,0,0,1,0,0,0,2020/09/27 00:00:00+00,N,Clear,Wet,Dark - Street Lights On,NA,N
4190,Block,BOREN AVE BETWEEN HOWELL ST AND STEWART ST,1,Property Damage Only Collision,Sideswipe,3,0,0,2,0,0,0,2020/08/02 00:00:00+00,N,Clear,Dry,Daylight,NA,N
4217,Block,COLUMBIA ST BETWEEN 3RD AVE AND 4TH AVE,1,Property Damage Only Collision,Parked Car,2,0,0,2,0,0,0,2020/10/21 00:00:00+00,N,Overcast,Wet,Daylight,NA,N
4229,Block,25TH AVE S BETWEEN S KING ST AND S LANE ST,1,Property Damage Only Collision,NA,2,0,0,0,0,0,0,2020/06/09 00:00:00+00,NA,NA,NA,NA,NA,Y
4242,Intersection,5TH AVE AND WALL ST,1,Property Damage Only Collision,Angles,2,0,0,2,0,0,0,2020/03/16 00:00:00+00,N,Clear,Dry,Daylight,NA,N
4271,Block,7TH AVE BETWEEN WESTLAKE AVE AND LENORA ST,1,Property Damage Only Collision,Sideswipe,2,0,0,2,0,0,0,2020/05/29 00:00:00+00,N,Fog/Smog/Smoke,Dry,Daylight,NA,N
4275,Block,SW HUDSON ST BETWEEN CALIFORNIA AVE SW AND LEWIS PL SW,1,Property Damage Only Collision,NA,2,0,0,0,0,0,0,2020/12/03 00:00:00+00,NA,NA,NA,NA,NA,Y
4287,Intersection,4TH AVE S AND S SPOKANE NR ST,1,Property Damage Only Collision,Angles,2,0,0,2,0,0,0,2020/06/05 00:00:00+00,N,Clear,Dry,Dark - Street Lights On,NA,N
4292,Intersection,35TH AVE SW AND SW MORGAN ST,1,Property Damage Only Collision,NA,2,0,0,0,0,0,0,2020/11/24 00:00:00+00,NA,NA,NA,NA,NA,N
4325,Intersection,LAKE WASHINGTON BLVD S AND S GENESEE WAY,2,Injury Collision,Rear Ended,3,0,0,2,2,0,0,2020/03/20 00:00:00+00,N,Clear,Dry,Daylight,NA,N
215742,Intersection,LAKE CITY WAY NE AND NE 127TH ST,1,Property Damage Only Collision,Angles,2,0,0,2,0,0,0,2020/07/28 00:00:00+00,N,Clear,Dry,Daylight,NA,N
215744,Intersection,3RD AVE NW AND NW 127TH ST,2,Injury Collision,Angles,2,0,0,2,1,0,0,2020/10/09 00:00:00+00,N,Raining,Wet,Dark - Street Lights On,NA,N
215745,Block,1ST AV S BR NB BETWEEN POINT A AND SR509 NB,1,Property Damage Only Collision,Rear Ended,2,0,0,2,0,0,0,2020/06/29 00:00:00+00,N,Clear,Dry,Daylight,NA,N
215747,Intersection,3RD AVE NW AND NW MARKET ST,2,Injury Collision,Angles,2,0,0,2,1,0,0,2020/06/19 00:00:00+00,N,Overcast,Dry,Daylight,NA,N
215748,Block,RAINIER AVE S BETWEEN S FINDLAY ST AND S ORCAS ST,1,Property Damage Only Collision,Rear Ended,3,0,0,3,0,0,0,2020/08/31 00:00:00+00,N,Clear,Dry,Daylight,NA,N
215750,Block,35TH AVE NE BETWEEN NE 70TH ST AND NE 73RD ST,2,Injury Collision,Rear Ended,2,0,0,2,1,0,0,2020/06/01 00:00:00+00,N,Clear,Dry,Daylight,NA,N
215754,Intersection,BAY ST AND ELLIOTT AVE,1,Property Damage Only Collision,NA,2,0,0,0,0,0,0,2020/08/31 00:00:00+00,NA,NA,NA,NA,NA,Y
215756,Block,LAKESIDE AVE S BETWEEN S MASSACHUSETTS ST AND 36TH AVE S,2,Injury Collision,Sideswipe,3,0,0,2,2,0,0,2020/07/05 00:00:00+00,N,Clear,Dry,Daylight,NA,N
215757,Block,HARBOR AVE SW BETWEEN SW HARBOR LN AND SW SPOKANE NR ST,1,Property Damage Only Collision,NA,1,0,0,0,0,0,0,2020/08/10 00:00:00+00,NA,NA,NA,NA,NA,Y
215758,Block,FAUNTLEROY WAY SW BETWEEN SW KENYON PL AND SW MONROE ST,1,Property Damage Only Collision,Parked Car,3,0,0,3,0,0,0,2020/07/15 00:00:00+00,N,Clear,Dry,Daylight,NA,N
215760,Block,62ND AVE NE BETWEEN NE 65TH ST AND NE 74TH ST,0,Unknown,NA,2,0,0,0,0,0,0,2020/09/01 00:00:00+00,NA,NA,NA,NA,NA,Y