OBJECTID,ADDRTYPE,LOCATION,SEVERITYCODE,SEVERITYDESC,COLLISIONTYPE,PERSONCOUNT,PEDCOUNT,PEDCYLCOUNT,VEHCOUNT,INJURIES,SERIOUSINJURIES,FATALITIES,INCDATE,UNDERINFL,WEATHER,ROADCOND,LIGHTCOND,SPEEDING,HITPARKEDCAR
216981,Intersection,RAINIER AVE S AND S HENDERSON ST,1,Property Damage Only Collision,Angles,2,0,0,2,0,0,0,2020/09/13 00:00:00+00,N,Fog/Smog/Smoke,Dry,Daylight,NA,N
216983,Block,5TH AVE S BETWEEN S JACKSON ST AND S KING ST,2b,Serious Injury Collision,Angles,5,0,0,2,2,1,0,2020/10/17 00:00:00+00,N,Other,Wet,NA,Y,N
216988,Intersection,LAKE CITY WAY NE AND NE 115TH ST,1,Property Damage Only Collision,NA,2,0,0,0,0,0,0,2020/09/02 00:00:00+00,NA,NA,NA,NA,NA,N
216990,Intersection,HIGHLAND PARK WAY SW AND SW OTHELLO ST,2,Injury Collision,Left Turn,5,0,0,2,1,0,0,2020/07/02 00:00:00+00,N,Clear,Dry,Daylight,NA,N
216991,Intersection,UNIVERSITY WAY NE AND NE 43RD ST,0,Unknown,NA,2,0,0,0,0,0,0,2020/09/21 00:00:00+00,NA,NA,NA,NA,NA,N
216992,Intersection,DEXTER AVE N AND ALOHA ST,2b,Serious Injury Collision,Cycles,2,0,1,1,1,1,0,2020/07/14 00:00:00+00,N,Clear,Dry,Daylight,NA,N
216994,Intersection,NICKERSON ST AND QUEEN ANNE AVE N,1,Property Damage Only Collision,Rear Ended,2,0,0,2,0,0,0,2020/09/17 00:00:00+00,N,Clear,Dry,Daylight,NA,N
216997,Intersection,20TH AVE NE AND NE 145TH ST,1,Property Damage Only Collision,NA,2,0,0,0,0,0,0,2020/07/18 00:00:00+00,NA,NA,NA,NA,NA,N
217001,Block,E NEWTON ST BETWEEN E NEWTON LOWER ST AND BOYLSTON AVE E,0,Unknown,NA,0,0,0,0,0,0,0,2020/07/19 00:00:00+00,NA,NA,NA,NA,NA,N
217003,Block,RAINIER AVE S BETWEEN S HUDSON ST AND 39TH N AVE S,1,Property Damage Only Collision,NA,1,0,0,0,0,0,0,2020/08/15 00:00:00+00,NA,NA,NA,NA,NA,N
217004,Block,S DAWSON ST BETWEEN 15TH AVE S AND 17TH AVE S,1,Property Damage Only Collision,Parked Car,2,0,0,2,0,0,0,2020/06/29 00:00:00+00,N,Clear,Dry,Daylight,NA,Y
217005,Block,S WILLOW ST BETWEEN 44TH AVE S AND 45TH AVE S,1,Property Damage Only Collision,Parked Car,2,0,0,2,0,0,0,2020/07/17 00:00:00+00,N,Clear,Dry,Dark - Street Lights On,NA,Y
217008,Intersection,6TH AVE AND JAMES ST,1,Property Damage Only Collision,Left Turn,2,0,0,2,0,0,0,2020/04/14 00:00:00+00,N,Clear,Dry,Daylight,NA,N
217011,Block,9TH AVE SW BETWEEN SW THISTLE ST AND SW CLOVERDALE ST,1,Property Damage Only Collision,NA,1,0,0,0,0,0,0,2020/08/09 00:00:00+00,NA,NA,NA,NA,NA,N
217013,Intersection,BEACON AVE S AND BEACON WR S AVE S,1,Property Damage Only Collision,Angles,2,0,0,2,0,0,0,2020/10/01 00:00:00+00,N,Clear,Dry,Daylight,NA,N
217014,Block,18TH AVE SW BETWEEN SW CHARLESTOWN ST AND DEAD END 1,0,Unknown,NA,2,0,0,0,0,0,0,2020/10/09 00:00:00+00,NA,NA,NA,NA,NA,Y
217016,Intersection,62ND AVE S AND S PRENTICE ST,1,Property Damage Only Collision,Angles,2,0,0,2,0,0,0,2020/08/25 00:00:00+00,N,Clear,Dry,Daylight,Y,N
217018,Block,3RD AVE S BETWEEN S HOLGATE ST AND S WALKER ST,1,Property Damage Only Collision,NA,2,0,0,0,0,0,0,2020/06/18 00:00:00+00,NA,NA,NA,NA,NA,N
217022,Block,GREENWOOD AVE N BETWEEN HOLMAN RD N AND N 107TH ST,2b,Serious Injury Collision,Angles,3,0,0,2,2,1,0,2020/07/26 00:00:00+00,N,Clear,Dry,Daylight,Y,N
217023,Intersection,1ST AVE AND BROAD ST,1,Property Damage Only Collision,NA,2,0,0,0,0,0,0,2020/09/21 00:00:00+00,NA,NA,NA,NA,NA,N
217024,Intersection,GREEN LAKE DR N AND STONE AVE N,2,Injury Collision,Cycles,2,0,1,1,1,0,0,2020/05/07 00:00:00+00,N,Clear,Dry,Daylight,NA,N
217026,Block,AURORA AVE N BETWEEN N 135TH ST AND N 137TH ST,1,Property Damage Only Collision,Rear Ended,2,0,0,2,0,0,0,2020/09/09 00:00:00+00,N,Clear,Dry,Daylight,NA,N
217028,Block,AURORA AVE N BETWEEN N 104TH ST AND N NORTHGATE WAY,1,Property Damage Only Collision,NA,2,0,0,0,0,0,0,2020/08/04 00:00:00+00,NA,NA,NA,NA,NA,N
217030,Intersection,CALIFORNIA AVE SW AND SW BRADFORD ST,0,Unknown,NA,0,0,0,0,0,0,0,2020/10/02 00:00:00+00,NA,NA,NA,NA,NA,Y
217034,Block,N 35TH ST BETWEEN 1ST AVE NW AND PHINNEY AVE N,2,Injury Collision,Angles,2,0,0,2,1,0,0,2020/07/14 00:00:00+00,N,Clear,Dry,Daylight,NA,N
217036,Intersection,25TH AVE NE AND NE BLAKELEY ST,1,Property Damage Only Collision,Rear Ended,2,0,0,2,0,0,0,2020/08/04 00:00:00+00,N,Clear,Dry,Daylight,NA,N
217038,Block,N 95TH ST BETWEEN LINDEN AVE N AND AURORA AVE N,1,Property Damage Only Collision,NA,2,0,0,0,0,0,0,2020/10/14 00:00:00+00,NA,NA,NA,NA,NA,Y
217041,Block,15TH AVE S BETWEEN S MCCLELLAN ST AND S FOREST ST,2,Injury Collision,Rear Ended,3,0,0,2,2,0,0,2020/07/02 00:00:00+00,N,Clear,Dry,Daylight,NA,N
217043,Block,ALKI AVE SW BETWEEN 62ND AVE SW AND 63RD AVE SW,0,Unknown,NA,0,0,0,0,0,0,0,2020/09/12 00:00:00+00,NA,NA,NA,NA,NA,Y
217044,Intersection,4TH AVE NE AND NE ELK PL,2,Injury Collision,Angles,3,0,0,2,1,0,0,2020/05/04 00:00:00+00,N,Clear,Dry,Daylight,NA,N
217046,Intersection,BEACON WR AVE S AND S ROSE ST,1,Property Damage Only Collision,NA,2,0,0,0,0,0,0,2020/09/15 00:00:00+00,NA,NA,NA,NA,NA,Y
217048,Intersection,24TH AVE AND E UNION ST,1,Property Damage Only Collision,Other,1,0,0,1,0,0,0,2020/07/31 00:00:00+00,N,Clear,Dry,Daylight,NA,N
217050,Block,15TH AVE BETWEEN E UNION ST AND E PIKE ST,1,Property Damage Only Collision,Parked Car,4,0,0,4,0,0,0,2020/09/19 00:00:00+00,N,Overcast,Wet,Dark - Street Lights On,NA,Y
217055,Alley,NA,0,Unknown,NA,0,0,0,0,0,0,0,2020/08/15 00:00:00+00,NA,NA,NA,NA,NA,N
217057,Intersection,40TH AVE SW AND SW BRANDON ST,1,Property Damage Only Collision,Parked Car,2,0,0,2,0,0,0,2020/06/24 00:00:00+00,N,Clear,Dry,Dark - No Street Lights,NA,Y
217058,Block,20TH AVE NE BETWEEN NE 85TH ST AND LAKE CITY WAY NE,0,Unknown,NA,2,0,0,0,0,0,0,2020/09/03 00:00:00+00,NA,NA,NA,NA,NA,Y
217062,Block,N 125TH ST BETWEEN INTERURBAN TRL AND AURORA AVE N,2,Injury Collision,Angles,3,0,0,2,2,0,0,2020/08/28 00:00:00+00,N,Clear,Dry,Daylight,NA,N
217066,Block,M L KING JR WAY S BETWEEN RAINIER AVE S AND S WINTHROP ST,1,Property Damage Only Collision,Head On,2,0,0,2,0,0,0,2020/05/24 00:00:00+00,N,Clear,Dry,Dark - Street Lights On,NA,N
217068,Block,4TH AVE BETWEEN BELL ST AND BATTERY ST,1,Property Damage Only Collision,Parked Car,2,0,0,2,0,0,0,2020/07/05 00:00:00+00,N,Clear,Dry,Daylight,NA,Y
217070,Block,M L KING JR WAY S BETWEEN S MCCLELLAN ST AND RAINIER AVE S,1,Property Damage Only Collision,Sideswipe,3,0,0,2,0,0,0,2020/09/28 00:00:00+00,N,Clear,Dry,Daylight,NA,N
217071,Block,RAINIER AVE S BETWEEN S FISHER PL AND 51ST AVE S,1,Property Damage Only Collision,Head On,2,0,0,2,0,0,0,2020/06/21 00:00:00+00,N,Clear,Dry,Daylight,NA,N
217072,Block,29TH AVE NE BETWEEN NE 55TH ST AND NE 60TH ST,1,Property Damage Only Collision,Parked Car,2,0,0,2,0,0,0,2020/10/16 00:00:00+00,N,Overcast,Dry,Daylight,NA,N
217075,Intersection,ROOSEVELT WAY NE AND NE 52ND ST,1,Property Damage Only Collision,Left Turn,3,0,0,2,0,0,0,2020/07/28 00:00:00+00,N,Clear,Dry,Daylight,NA,N
217078,Block,N 39TH ST BETWEEN WHITMAN AVE N AND WOODLAND PARK AVE N,1,Property Damage Only Collision,Parked Car,5,0,0,2,0,0,0,2020/10/10 00:00:00+00,N,Overcast,Dry,Daylight,NA,Y
217079,Intersection,12TH AVE S AND S KING ST,1,Property Damage Only Collision,Cycles,2,0,1,1,0,0,0,2020/07/23 00:00:00+00,N,Clear,Dry,Daylight,NA,N
217081,Intersection,FAIRVIEW AVE N AND MERCER ST,2,Injury Collision,Left Turn,2,0,0,2,1,0,0,2020/10/15 00:00:00+00,N,Overcast,Dry,Dark - Street Lights On,NA,N
217083,Intersection,54TH AVE S AND S FLETCHER ST,2,Injury Collision,NA,2,0,0,0,1,0,0,2020/09/11 00:00:00+00,NA,NA,NA,NA,NA,N
217085,Intersection,4TH AVE AND PINE ST,2,Injury Collision,NA,2,0,0,0,1,0,0,2020/07/06 00:00:00+00,NA,NA,NA,NA,NA,N
217090,Block,SW ADMIRAL WAY BETWEEN ADMIRAL AVALON RP AND SW ADMIRAL WY OFF RP,1,Property Damage Only Collision,Other,1,0,0,1,0,0,0,2020/07/13 00:00:00+00,N,Clear,Dry,Dark - Street Lights On,NA,N
217091,Block,S MYRTLE ST BETWEEN 46TH AVE S AND 48TH AVE S,1,Property Damage Only Collision,Parked Car,2,0,0,2,0,0,0,2020/09/17 00:00:00+00,N,Fog/Smog/Smoke,Dry,Daylight,NA,Y
217092,Block,3RD AVE BETWEEN BATTERY ST AND WALL ST,1,Property Damage Only Collision,Left Turn,2,0,0,2,0,0,0,2020/06/30 00:00:00+00,N,Raining,Wet,Daylight,NA,N
217094,Intersection,SAND POINT WAY NE AND NE 110TH ST,2,Injury Collision,Angles,2,0,0,2,1,0,0,2020/09/30 00:00:00+00,N,Clear,Dry,Daylight,NA,N
217096,Intersection,M L KING JR WAY S AND S JACKSON ST,2b,Serious Injury Collision,Angles,4,0,0,2,4,2,0,2020/08/17 00:00:00+00,N,Clear,Dry,Dark - Street Lights On,NA,N
217098,Intersection,7TH AVE AND MARION ST,0,Unknown,NA,0,0,0,0,0,0,0,2020/10/02 00:00:00+00,NA,NA,NA,NA,NA,N
217102,Block,SW SPOKANE BR BETWEEN SW SPOKANE E ST AND SW SPOKANE W ST,1,Property Damage Only Collision,Sideswipe,4,0,0,2,0,0,0,2020/05/29 00:00:00+00,N,Clear,Dry,Daylight,NA,N
217104,Block,BELLEVUE AVE E BETWEEN E DENNY WAY AND E LORETTA PL,2,Injury Collision,Pedestrian,2,1,0,1,1,0,0,2020/08/14 00:00:00+00,N,Clear,Dry,Daylight,NA,N
217106,Intersection,BEACON WR AVE S AND S COLUMBIAN WAY,2,Injury Collision,Angles,2,0,0,2,1,0,0,2020/10/11 00:00:00+00,N,Raining,Wet,Dark - Street Lights On,NA,N
217107,Intersection,8TH AVE S AND S DEARBORN ST,2,Injury Collision,Right Turn,2,0,0,2,1,0,0,2020/07/09 00:00:00+00,N,Clear,Dry,Daylight,NA,N
217111,Intersection,1ST AVE S AND OLSON PL SW,2,Injury Collision,Rear Ended,2,0,0,2,1,0,0,2020/08/17 00:00:00+00,N,Clear,Dry,Dark - Street Lights On,NA,N
217114,Intersection,3RD AVE NW AND NW 49TH ST,1,Property Damage Only Collision,Angles,2,0,0,2,0,0,0,2020/08/14 00:00:00+00,N,Clear,Dry,Daylight,NA,N
217116,Block,BAGLEY AVE N BETWEEN N 45TH ST AND N 46TH ST,1,Property Damage Only Collision,NA,2,0,0,0,0,0,0,2020/07/05 00:00:00+00,NA,NA,NA,NA,NA,Y
217118,Block,CALIFORNIA AVE SW BETWEEN SW FINDLAY ST AND SW JUNEAU ST,1,Property Damage Only Collision,Parked Car,2,0,0,2,0,0,0,2020/07/17 00:00:00+00,N,Clear,Dry,Unknown,NA,Y
217120,Intersection,23RD PL NE AND NE 145TH ST,2,Injury Collision,Left Turn,2,0,0,2,1,0,0,2020/08/11 00:00:00+00,N,Clear,Dry,Daylight,NA,N
217121,Block,S MCCLELLAN ST BETWEEN 31ST AVE S AND 32ND AVE S,1,Property Damage Only Collision,Sideswipe,2,0,0,2,0,0,0,2020/07/18 00:00:00+00,N,Clear,Dry,Dark - Street Lights On,NA,N
217122,Intersection,GOLDEN GARDENS DR NW AND SEAVIEW PL NW,1,Property Damage Only Collision,Other,1,0,0,1,0,0,0,2020/10/13 00:00:00+00,N,Raining,Wet,Daylight,NA,N
217125,Intersection,MERIDIAN AVE N AND N 145TH ST,1,Property Damage Only Collision,Angles,6,0,0,2,0,0,0,2020/07/06 00:00:00+00,N,Clear,Dry,Daylight,NA,N
217129,Intersection,15TH AVE S AND S HANFORD ST,0,Unknown,NA,0,0,0,0,0,0,0,2020/08/15 00:00:00+00,NA,NA,NA,NA,NA,Y
217133,Intersection,BELLEVUE AVE AND E DENNY WAY,2,Injury Collision,Left Turn,3,0,0,3,1,0,0,2020/07/16 00:00:00+00,N,Overcast,Dry,Daylight,NA,N
217135,Block,HARBOR AVE SW BETWEEN SW FLORIDA ST AND SW HARBOR LN,1,Property Damage Only Collision,Parked Car,3,0,0,2,0,0,0,2020/07/19 00:00:00+00,N,Clear,Dry,Dark - Street Lights On,NA,Y
217137,Block,INTERLAKE AVE N BETWEEN N 38TH ST AND N 39TH ST,1,Property Damage Only Collision,NA,1,0,0,0,0,0,0,2020/10/01 00:00:00+00,NA,NA,NA,NA,NA,N
217138,Block,35TH AVE SW BETWEEN SW HINDS ST AND SW SPOKANE ST,1,Property Damage Only Collision,NA,2,0,0,0,0,0,0,2020/07/17 00:00:00+00,NA,NA,NA,NA,NA,Y
217139,Block,35TH AVE SW BETWEEN SW RAYMOND ST AND SW GRAHAM ST,2,Injury Collision,Rear Ended,2,0,0,2,2,0,0,2020/10/09 00:00:00+00,N,Clear,Dry,Dusk,NA,N
217143,Intersection,20TH AVE NE AND NE 145TH ST,1,Property Damage Only Collision,Sideswipe,2,0,0,2,0,0,0,2020/07/29 00:00:00+00,N,Clear,Dry,Daylight,NA,N
217145,Block,BANNER WAY NE BETWEEN NE 85TH ST OFF RP AND CORLISS WAY N,1,Property Damage Only Collision,Other,1,0,0,1,0,0,0,2020/08/20 00:00:00+00,N,Raining,Wet,Daylight,Y,N
217146,Block,2ND AVE S BETWEEN S JACKSON ST AND S KING ST,1,Property Damage Only Collision,Head On,3,0,0,2,0,0,0,2020/08/16 00:00:00+00,N,Clear,Dry,Dark - Street Lights On,NA,N
217148,Block,NE 45TH ST BETWEEN THACKERAY PL NE AND LATONA AVE NE,1,Property Damage Only Collision,Angles,2,0,0,2,0,0,0,2020/10/18 00:00:00+00,N,Overcast,Wet,Daylight,NA,N
217150,Intersection,15TH AVE E AND E JOHN ST,2b,Serious Injury Collision,Pedestrian,2,1,0,1,1,1,0,2020/08/11 00:00:00+00,N,Clear,Dry,Daylight,NA,N
217152,Block,E MADISON ST BETWEEN 29TH W AVE E AND 29TH E AVE E,2,Injury Collision,Rear Ended,3,0,0,3,2,0,0,2020/08/20 00:00:00+00,N,Clear,Dry,Daylight,NA,N
217157,Block,SW HENDERSON ST BETWEEN 10TH AVE SW AND 11TH AVE SW,1,Property Damage Only Collision,Left Turn,2,0,0,2,0,0,0,2020/07/10 00:00:00+00,N,Clear,Dry,Daylight,NA,N
217158,Block,SW AVALON WAY BETWEEN 30TH AVE SW AND SW GENESEE ST,1,Property Damage Only Collision,Parked Car,4,0,0,4,0,0,0,2020/10/03 00:00:00+00,N,Fog/Smog/Smoke,Dry,Dark - Street Lights On,NA,Y
217159,Block,PHINNEY AVE N BETWEEN N 36TH ST AND N 39TH ST,1,Property Damage Only Collision,Left Turn,2,0,0,2,0,0,0,2020/06/17 00:00:00+00,N,Clear,Dry,Daylight,NA,N
217161,Block,48TH AVE NE BETWEEN NE 43RD ST AND NE 44TH ST,1,Property Damage Only Collision,NA,1,0,0,0,0,0,0,2020/09/21 00:00:00+00,NA,NA,NA,NA,NA,Y
217163,Block,ISLAND DR S BETWEEN S CLOVERDALE ST AND DEAD END S,1,Property Damage Only Collision,Parked Car,3,0,0,3,0,0,0,2020/07/28 00:00:00+00,N,Clear,Dry,Unknown,NA,Y
217165,Block,NW 53RD ST BETWEEN 14TH AVE NW AND 15TH AVE NW,0,Unknown,NA,0,0,0,0,0,0,0,2020/09/09 00:00:00+00,NA,NA,NA,NA,NA,N
217169,Block,LAKE CITY WAY NE BETWEEN NE 89TH ST AND NE 90TH ST,2b,Serious Injury Collision,Head On,2,0,0,2,1,1,0,2020/08/14 00:00:00+00,N,Clear,Dry,Daylight,NA,N
217171,Intersection,MERIDIAN AVE N AND N NORTHGATE WAY,2,Injury Collision,Other,1,0,0,1,1,0,0,2020/06/18 00:00:00+00,N,Clear,Dry,Daylight,NA,N
217173,Block,21ST AVE W BETWEEN W EMERSON PL AND W ELMORE ST,0,Unknown,NA,2,0,0,0,0,0,0,2020/10/16 00:00:00+00,NA,NA,NA,NA,NA,Y
217174,Block,N 105TH ST BETWEEN GREENWOOD AVE N AND PHINNEY AVE N,2,Injury Collision,NA,1,0,0,0,1,0,0,2020/08/10 00:00:00+00,NA,NA,NA,NA,NA,N
217178,Intersection,MERIDIAN AVE N AND N 130TH ST,2,Injury Collision,Angles,2,0,0,2,2,0,0,2020/08/28 00:00:00+00,N,Clear,Dry,Daylight,NA,N
217181,Intersection,BURKE GILMAN TRL AND NE 70TH ST,2,Injury Collision,Cycles,3,0,1,1,1,0,0,2020/09/02 00:00:00+00,N,Clear,Dry,Daylight,NA,N
217183,Intersection,4TH AVE S AND S ORCAS ST,2,Injury Collision,Angles,3,0,0,2,2,0,0,2020/06/26 00:00:00+00,N,Clear,Dry,Daylight,NA,N
217185,Block,14TH AVE NW BETWEEN NW 53RD ST AND NW 54TH ST,0,Unknown,NA,0,0,0,0,0,0,0,2020/07/14 00:00:00+00,NA,NA,NA,NA,NA,Y
217187,Block,SR509 SB BETWEEN 1ST AV S OFF RP AND CLOVERDALE ST ON RP,2,Injury Collision,Sideswipe,2,0,0,2,1,0,0,2020/08/06 00:00:00+00,N,Overcast,Dry,Daylight,NA,N
217188,Intersection,RAINIER AVE S AND S DEARBORN ST,1,Property Damage Only Collision,Sideswipe,2,0,0,2,0,0,0,2020/08/02 00:00:00+00,N,Clear,Dry,Daylight,NA,N
217189,Block,BEACON WR AVE S BETWEEN S WARSAW ST AND S HOLLY N ST,1,Property Damage Only Collision,Parked Car,2,0,0,2,0,0,0,2020/09/24 00:00:00+00,N,Clear,Dry,Daylight,NA,Y
217191,Intersection,AURORA AVE N AND N 125TH ST,2,Injury Collision,NA,2,0,0,0,1,0,0,2020/08/05 00:00:00+00,NA,NA,NA,NA,NA,N
217194,Intersection,RAINIER AVE S AND S BAYVIEW ST,1,Property Damage Only Collision,Left Turn,2,0,0,2,0,0,0,2020/06/17 00:00:00+00,N,Clear,Dry,Daylight,NA,N
217196,Block,S JUNEAU ST BETWEEN BEACON ER AVE S AND 25TH AVE S,1,Property Damage Only Collision,Parked Car,3,0,0,3,0,0,0,2020/09/17 00:00:00+00,N,Clear,Dry,Daylight,NA,Y
217197,Intersection,CORSON AVE S AND S NEBRASKA ST,1,Property Damage Only Collision,Left Turn,2,0,0,2,0,0,0,2020/08/13 00:00:00+00,N,Clear,Dry,Daylight,NA,N
217199,Intersection,4TH AVE S AND S LUCILE ST,2,Injury Collision,Angles,3,0,0,2,1,0,0,2020/04/20 00:00:00+00,N,Clear,Dry,Daylight,NA,N
217201,Block,JAMES ST BETWEEN BOREN AVE AND MINOR AVE,1,Property Damage Only Collision,Pedestrian,3,1,0,1,0,0,0,2020/01/23 00:00:00+00,N,Clear,Dry,Dark - Street Lights On,NA,N
217203,Block,WEST MARGINAL WAY SW BETWEEN HIGHLAND PARK WAY SW AND SW MYRTLE ST,1,Property Damage Only Collision,Other,2,0,0,1,0,0,0,2020/08/30 00:00:00+00,N,Clear,Dry,Dark - Street Lights On,NA,N
217208,Intersection,2ND AVE AND JAMES ST,2,Injury Collision,Angles,2,0,0,2,2,0,0,2020/08/21 00:00:00+00,N,Overcast,Dry,Daylight,NA,N
217210,Block,37TH AVE S BETWEEN S THISTLE ST AND S CLOVERDALE ST,1,Property Damage Only Collision,Parked Car,3,0,0,2,0,0,0,2020/07/02 00:00:00+00,N,Overcast,Dry,Daylight,Y,Y
217211,Block,MINOR AVE BETWEEN OLIVE WAY AND HOWELL ST,0,Unknown,NA,0,0,0,0,0,0,0,2020/09/08 00:00:00+00,NA,NA,NA,NA,NA,Y
217212,Block,SW LANDER ST BETWEEN 41ST AVE SW AND 42ND AVE SW,0,Unknown,NA,0,0,0,0,0,0,0,2020/07/23 00:00:00+00,NA,NA,NA,NA,NA,Y
217214,Block,HIGHLAND PARK WAY SW BETWEEN WEST MARGINAL WAY SW AND SW OTHELLO ST,1,Property Damage Only Collision,Other,2,0,0,2,0,0,0,2020/09/18 00:00:00+00,N,Raining,Wet,Daylight,NA,N
217215,Block,ALBION PL N BETWEEN N 34TH ST AND N 35TH ST,0,Unknown,NA,0,0,0,0,0,0,0,2020/07/16 00:00:00+00,NA,NA,NA,NA,NA,Y
217216,Block,23RD AVE E BETWEEN E JOHN ST AND E THOMAS ST,2,Injury Collision,Sideswipe,2,0,0,2,1,0,0,2020/01/10 00:00:00+00,N,Raining,Wet,Dark - Street Lights On,NA,N
217217,Intersection,ALASKAN WAY AND MARION ST,2,Injury Collision,Left Turn,5,0,0,2,5,0,0,2020/08/10 00:00:00+00,N,Clear,Dry,Daylight,NA,N
217218,Block,32ND AVE W BETWEEN W MANSELL ST AND W GOVERNMENT S WAY,1,Property Damage Only Collision,Parked Car,2,0,0,2,0,0,0,2020/08/23 00:00:00+00,N,Clear,Dry,Daylight,NA,Y
217219,Block,SW ROXBURY ST BETWEEN 25TH AVE SW AND 26TH AVE SW,1,Property Damage Only Collision,Rear Ended,2,0,0,2,0,0,0,2020/05/18 00:00:00+00,N,Clear,Dry,Daylight,NA,N
217220,Intersection,M L KING JR ER WAY S AND S GRAHAM ST,1,Property Damage Only Collision,Rear Ended,2,0,0,2,0,0,0,2020/05/30 00:00:00+00,N,Raining,Wet,Daylight,NA,N
217221,Block,45TH AVE NE BETWEEN PAISLEY DR NE AND NE 90TH ST,1,Property Damage Only Collision,Parked Car,3,0,0,2,0,0,0,2020/06/28 00:00:00+00,N,Clear,Dry,Daylight,NA,Y
217222,Intersection,18TH AVE S AND S JACKSON ST,0,Unknown,NA,0,0,0,0,0,0,0,2020/06/28 00:00:00+00,NA,NA,NA,NA,NA,N
217223,Block,M L KING JR WAY S BETWEEN S JUDKINS ST AND S IRVING ST,0,Unknown,NA,0,0,0,0,0,0,0,2020/09/17 00:00:00+00,NA,NA,NA,NA,NA,Y
217224,Block,AURORA AVE N BETWEEN N 130TH ST AND N 135TH ST,1,Property Damage Only Collision,Angles,3,0,0,2,0,0,0,2020/10/06 00:00:00+00,N,Clear,Dry,Daylight,NA,N
217225,Block,LAKE CITY WAY NE BETWEEN 24TH AVE NE AND NE 107TH ST,2,Injury Collision,Angles,3,0,0,2,2,0,0,2020/10/13 00:00:00+00,N,Overcast,Wet,Daylight,NA,N
217226,Block,ELLIOTT ER AVE W BETWEEN ELLIOTT AVE W AND WESTERN AVE W,1,Property Damage Only Collision,NA,2,0,0,0,0,0,0,2020/07/24 00:00:00+00,NA,NA,NA,NA,NA,N
217228,Block,BAGLEY AVE N BETWEEN N 45TH ST AND N 46TH ST,1,Property Damage Only Collision,Parked Car,2,0,0,2,0,0,0,2020/08/12 00:00:00+00,N,Clear,Dry,Daylight,NA,Y
217229,Intersection,DELRIDGE WAY SW AND SW ROXBURY ST,0,Unknown,NA,0,0,0,0,0,0,0,2020/10/02 00:00:00+00,NA,NA,NA,NA,NA,N
217230,Block,S DEARBORN ST BETWEEN POPLAR PL S AND DEARBORN PL S,2,Injury Collision,Other,1,0,0,1,1,0,0,2020/07/24 00:00:00+00,N,Overcast,Dry,Daylight,NA,N
217231,Block,HOLMAN RD N BETWEEN NW 103RD ST AND N 104TH ST,2,Injury Collision,Rear Ended,5,0,0,3,1,0,0,2020/07/12 00:00:00+00,N,Clear,Dry,Daylight,NA,N
217232,Block,7TH AVE NE BETWEEN NE 40TH ST AND NE 42ND ST,2,Injury Collision,Cycles,2,0,1,1,1,0,0,2020/08/25 00:00:00+00,N,Clear,Dry,Dark - Unknown Lighting,NA,N
217233,Block,S SPOKANE ST BETWEEN 19TH AVE S AND 20TH AVE S,1,Property Damage Only Collision,NA,1,0,0,0,0,0,0,2020/08/03 00:00:00+00,NA,NA,NA,NA,NA,N
217234,Intersection,M L KING JR WR WAY S AND S HOLDEN ST,2b,Serious Injury Collision,Pedestrian,2,1,0,1,1,1,0,2020/07/07 00:00:00+00,N,Overcast,Wet,Dark - Street Lights On,Y,N
217235,Intersection,9TH AVE NW AND NW 54TH ST,1,Property Damage Only Collision,Angles,2,0,0,2,0,0,0,2020/08/01 00:00:00+00,N,Clear,Dry,Dark - Unknown Lighting,NA,N
217236,Block,N 76TH ST BETWEEN WINONA AVE N AND KEEN WAY N,0,Unknown,NA,2,0,0,0,0,0,0,2020/09/06 00:00:00+00,NA,NA,NA,NA,NA,N
217237,Intersection,25TH AVE SW AND SW BARTON ST,1,Property Damage Only Collision,Angles,2,0,0,2,0,0,0,2020/09/27 00:00:00+00,N,Clear,Dry,Dark - Street Lights On,NA,N
217238,Block,RAINIER AVE S BETWEEN S KENNY ST AND S GRAHAM ST,2,Injury Collision,NA,2,0,0,0,1,0,0,2020/09/02 00:00:00+00,NA,NA,NA,NA,NA,N
217240,Block,20TH AVE NE BETWEEN NE 85TH ST AND LAKE CITY WAY NE,2,Injury Collision,Left Turn,2,0,0,2,1,0,0,2020/09/23 00:00:00+00,N,Raining,Wet,Daylight,NA,N
217241,Intersection,6TH AVE S AND S MICHIGAN ST,1,Property Damage Only Collision,Left Turn,2,0,0,2,0,0,0,2020/08/22 00:00:00+00,N,Clear,Dry,Daylight,NA,N
217242,Block,WEST MARGINAL WAY SW BETWEEN SW MYRTLE ST AND 2ND AVE SW,2,Injury Collision,NA,1,0,0,0,1,0,0,2020/08/13 00:00:00+00,NA,NA,NA,NA,NA,N
217244,Block,S DAWSON ST BETWEEN RENTON N AVE S AND 37TH AVE S,1,Property Damage Only Collision,NA,2,0,0,0,0,0,0,2020/06/26 00:00:00+00,NA,NA,NA,NA,NA,N
217246,Intersection,BOREALIS AVE AND DENNY WAY,1,Property Damage Only Collision,Left Turn,3,0,0,2,0,0,0,2020/08/02 00:00:00+00,N,Clear,Dry,Dark - Street Lights On,NA,N
217247,Intersection,N 35TH ST AND N PACIFIC ST,2,Injury Collision,Angles,3,0,0,2,2,0,0,2020/06/12 00:00:00+00,N,Raining,Wet,Daylight,NA,N