OBJECTID,ADDRTYPE,LOCATION,SEVERITYCODE,SEVERITYDESC,COLLISIONTYPE,PERSONCOUNT,PEDCOUNT,PEDCYLCOUNT,VEHCOUNT,INJURIES,SERIOUSINJURIES,FATALITIES,INCDATE,UNDERINFL,WEATHER,ROADCOND,LIGHTCOND,SPEEDING,HITPARKEDCAR
217553,Block,5TH AVE NE BETWEEN 145TH ST OFF RP AND NE 145TH ST,1,Property Damage Only Collision,Rear Ended,2,0,0,2,0,0,0,2020/07/23 00:00:00+00,N,Clear,Dry,Daylight,NA,N
217555,Block,STONE WAY N BETWEEN N 49TH ST AND N 50TH ST,2,Injury Collision,Cycles,2,0,1,1,1,0,0,2020/10/02 00:00:00+00,N,Clear,Dry,Daylight,NA,N
217556,Block,24TH AVE BETWEEN E CHERRY ST AND E COLUMBIA ST,0,Unknown,NA,0,0,0,0,0,0,0,2020/01/06 00:00:00+00,NA,NA,NA,NA,NA,Y
217557,Intersection,LEE ST AND TAYLOR AVE N,0,Unknown,NA,2,0,0,0,0,0,0,2020/09/18 00:00:00+00,NA,NA,NA,NA,NA,Y
217558,Intersection,2ND AVE AND CHERRY ST,1,Property Damage Only Collision,Angles,2,0,0,2,0,0,0,2020/07/23 00:00:00+00,N,Overcast,Dry,Daylight,NA,N
217559,Block,1ST AVE S BETWEEN S LANDER ST AND S FOREST ST,1,Property Damage Only Collision,Rear Ended,3,0,0,3,0,0,0,2020/08/09 00:00:00+00,N,Clear,Dry,Daylight,NA,N
217560,Intersection,BEACON WR AVE S AND S SPENCER ST,1,Property Damage Only Collision,Angles,2,0,0,2,0,0,0,2020/07/23 00:00:00+00,N,Clear,Dry,Daylight,NA,N
217561,Intersection,MAYNARD AL S AND S KING ST,2,Injury Collision,Pedestrian,2,1,0,1,1,0,0,2020/07/09 00:00:00+00,N,Clear,Dry,Daylight,NA,N
217562,Intersection,DELRIDGE WAY SW AND SW ORCHARD ST,1,Property Damage Only Collision,Left Turn,3,0,0,2,0,0,0,2020/08/25 00:00:00+00,N,Clear,Dry,Daylight,NA,N
217563,Block,NE 106TH ST BETWEEN 8TH AVE NE AND DEAD END 1,0,Unknown,NA,0,0,0,0,0,0,0,2020/08/05 00:00:00+00,NA,NA,NA,NA,NA,Y
217564,Intersection,CARLETON AVE S AND S BAILEY ST,1,Property Damage Only Collision,Sideswipe,2,0,0,2,0,0,0,2020/08/02 00:00:00+00,N,Clear,Dry,Dark - Street Lights On,NA,N
217565,Block,1ST AV S BR NB BETWEEN POINT A AND SR509 NB,1,Property Damage Only Collision,Rear Ended,2,0,0,2,0,0,0,2020/09/03 00:00:00+00,N,Clear,Dry,Daylight,Y,N
217566,Block,19TH AVE E BETWEEN E JOHN ST AND E THOMAS ST,1,Property Damage Only Collision,Parked Car,3,0,0,3,0,0,0,2020/08/23 00:00:00+00,N,Clear,Dry,Daylight,NA,Y
217567,Intersection,1ST AV S BR NB AND EAST MARGINAL WAY S,3,Fatality Collision,Angles,3,0,0,3,1,1,1,2020/09/13 00:00:00+00,N,Fog/Smog/Smoke,Dry,Dusk,Y,N
217568,Block,COLUMBIA ST BETWEEN 9TH AVE AND TERRY AVE,1,Property Damage Only Collision,Parked Car,2,0,0,2,0,0,0,2020/05/21 00:00:00+00,N,Clear,Wet,Daylight,NA,N
217570,Block,WESTLAKE AVE N BETWEEN HALLADAY ST AND NEWELL ST,2,Injury Collision,Head On,2,0,0,2,2,0,0,2020/09/18 00:00:00+00,N,Raining,Wet,Daylight,NA,N
217571,Block,5TH AVE W BETWEEN W MERCER ST AND W ROY ST,0,Unknown,NA,0,0,0,0,0,0,0,2020/08/24 00:00:00+00,NA,NA,NA,NA,NA,Y
217572,Intersection,DEARBORN OFF RP AND S DEARBORN ST,2,Injury Collision,Right Turn,4,0,0,2,2,0,0,2020/06/29 00:00:00+00,N,Clear,Dry,Dark - Street Lights On,NA,N
217574,Intersection,MERIDIAN AVE N AND N 130TH ST,2,Injury Collision,Angles,3,0,0,2,2,0,0,2020/07/22 00:00:00+00,N,Clear,Dry,Daylight,NA,N
217576,Block,47TH AVE S BETWEEN S THISTLE ST AND S CLOVERDALE ST,0,Unknown,NA,0,0,0,0,0,0,0,2020/08/29 00:00:00+00,NA,NA,NA,NA,NA,Y
217577,Block,GREENWOOD AVE N BETWEEN N 127TH ST AND N 130TH ST,2,Injury Collision,Rear Ended,3,0,0,3,1,0,0,2020/06/19 00:00:00+00,N,Clear,Dry,Daylight,NA,N
217578,Intersection,16TH AVE S AND EAST MARGINAL WAY S,1,Property Damage Only Collision,Angles,2,0,0,2,0,0,0,2020/08/11 00:00:00+00,N,Clear,Dry,Dark - Street Lights On,NA,N
217579,Intersection,24TH AVE E AND BOYER AVE E,2b,Serious Injury Collision,Left Turn,4,0,0,2,4,1,0,2020/08/19 00:00:00+00,N,Clear,Dry,Daylight,NA,N
217580,Intersection,POPLAR PL S AND S DEARBORN ST,2,Injury Collision,Angles,2,0,0,2,2,0,0,2020/06/25 00:00:00+00,N,Clear,Dry,Daylight,NA,N
217581,Block,8TH AVE NE BETWEEN NE 126TH ST AND NE 127TH ST,0,Unknown,NA,1,0,0,0,0,0,0,2020/08/30 00:00:00+00,NA,NA,NA,NA,NA,Y
217582,Block,CALIFORNIA AVE SW BETWEEN SW RAYMOND ST AND SW GRAHAM ST,1,Property Damage Only Collision,Rear Ended,3,0,0,2,0,0,0,2020/09/19 00:00:00+00,N,Clear,Dry,Daylight,NA,N
217583,Block,BANNER WAY NE BETWEEN NE 85TH ST OFF RP AND CORLISS WAY N,2,Injury Collision,Other,2,0,0,1,2,0,0,2020/06/13 00:00:00+00,N,Raining,Wet,Dusk,Y,N
217584,Block,1ST AVE NE BETWEEN NE 95TH ST AND NE 100TH ST,1,Property Damage Only Collision,Other,1,0,0,1,0,0,0,2020/10/02 00:00:00+00,N,Clear,Dry,Dark - Street Lights On,Y,N
217585,Block,1ST AVE S BETWEEN S ROYAL BROUGHAM WAY AND S ATLANTIC ST,1,Property Damage Only Collision,Left Turn,3,0,0,2,0,0,0,2020/09/24 00:00:00+00,N,Raining,Wet,Daylight,NA,N
217586,Intersection,3RD AVE AND PIKE ST,2,Injury Collision,NA,2,0,0,0,1,0,0,2020/07/29 00:00:00+00,NA,NA,NA,NA,NA,N
217587,Intersection,51ST AVE SW AND SW EDMUNDS ST,0,Unknown,NA,0,0,0,0,0,0,0,2020/07/22 00:00:00+00,NA,NA,NA,NA,NA,Y
217588,Intersection,BOREN AVE AND PIKE ST,1,Property Damage Only Collision,Angles,2,0,0,2,0,0,0,2020/09/13 00:00:00+00,N,Fog/Smog/Smoke,Dry,Dawn,NA,N
217589,Block,SYLVAN WAY SW BETWEEN SW SYLVAN HEIGHTS DR AND SW ORCHARD ST,2,Injury Collision,Other,2,0,0,1,2,0,0,2020/07/05 00:00:00+00,N,Clear,Dry,Daylight,NA,Y
217590,Block,HIGHLAND PARK WAY SW BETWEEN SW HOLDEN S ST AND SW PORTLAND ST,1,Property Damage Only Collision,Other,6,0,0,5,0,0,0,2020/06/17 00:00:00+00,N,Clear,Dry,Daylight,NA,N
217591,Intersection,19TH AVE E AND E MERCER ST,2,Injury Collision,Left Turn,2,0,0,2,1,0,0,2020/01/02 00:00:00+00,N,Raining,Wet,Daylight,NA,N
217592,Intersection,1ST AVE S AND S ORCAS ST,2,Injury Collision,Left Turn,2,0,0,2,1,0,0,2020/07/14 00:00:00+00,N,Clear,Dry,Daylight,NA,N
217593,Block,MONTLAKE BV ON RP BETWEEN SR520 WB AND MONTLAKE BLVD E,1,Property Damage Only Collision,Rear Ended,3,0,0,3,0,0,0,2020/06/01 00:00:00+00,N,Clear,Dry,Daylight,NA,N
217594,Intersection,18TH AVE AND E FIR ST,1,Property Damage Only Collision,Left Turn,2,0,0,2,0,0,0,2020/06/27 00:00:00+00,N,Overcast,Dry,Daylight,Y,N
217595,Intersection,35TH AVE SW AND SW AVALON WAY,1,Property Damage Only Collision,Other,1,0,0,1,0,0,0,2020/10/11 00:00:00+00,N,Overcast,Dry,Dark - Street Lights On,NA,N
217596,Intersection,5TH AVE NE AND 130TH ST OFF RP,1,Property Damage Only Collision,Rear Ended,2,0,0,2,0,0,0,2020/05/22 00:00:00+00,N,Overcast,Dry,Daylight,NA,N
217597,Block,WILSON AVE S BETWEEN S UPLAND RD AND S GRAHAM ST,2,Injury Collision,Cycles,2,0,1,1,1,0,0,2020/06/25 00:00:00+00,N,Clear,Dry,Daylight,NA,N
217598,Block,NE 45TH ST BETWEEN 11TH AVE NE AND 12TH AVE NE,2,Injury Collision,NA,2,0,0,0,1,0,0,2020/09/17 00:00:00+00,NA,NA,NA,NA,NA,N
217599,Block,RAINIER AVE S BETWEEN 54TH AVE S AND SEWARD PARK AVE S,1,Property Damage Only Collision,Parked Car,2,0,0,2,0,0,0,2020/06/22 00:00:00+00,N,Clear,Dry,Daylight,NA,N
217600,Block,51ST AVE S BETWEEN S CAMBRIDGE ST AND RENTON AVE S,1,Property Damage Only Collision,Parked Car,2,0,0,2,0,0,0,2020/08/25 00:00:00+00,N,Clear,Dry,Dark - Street Lights On,NA,N
217602,Intersection,BROOKLYN AVE NE AND NE 52ND ST,2,Injury Collision,Angles,3,0,0,2,1,0,0,2020/07/07 00:00:00+00,N,Clear,Dry,Daylight,NA,N
217603,Block,AIRPORT WAY S BETWEEN S CARSTENS PL AND S HOMER ST,1,Property Damage Only Collision,Parked Car,2,0,0,2,0,0,0,2020/01/27 00:00:00+00,N,Clear,Dry,Daylight,NA,N
217604,Block,40TH AVE NE BETWEEN NE 52ND PL AND NE 55TH ST,1,Property Damage Only Collision,NA,2,0,0,0,0,0,0,2020/09/07 00:00:00+00,NA,NA,NA,NA,NA,N
217605,Block,7TH AVE S BETWEEN S WELLER ST AND S LANE ST,2,Injury Collision,Other,2,0,0,1,1,0,0,2020/10/01 00:00:00+00,N,Overcast,Dry,Daylight,NA,N
217606,Intersection,BEACON AVE S AND S STEVENS ST,2,Injury Collision,Rear Ended,6,0,0,3,2,0,0,2020/08/13 00:00:00+00,N,Clear,Dry,Daylight,NA,N
217607,Block,M L KING JR WR WAY S BETWEEN S HENDERSON ST AND S FAIRBANKS ST,2,Injury Collision,Rear Ended,2,0,0,2,1,0,0,2020/08/16 00:00:00+00,N,Overcast,Dry,Daylight,NA,N
217608,Block,CORSON AVE S BETWEEN S MICHIGAN ST AND S EDDY ST,1,Property Damage Only Collision,Angles,2,0,0,2,0,0,0,2020/06/26 00:00:00+00,N,Clear,Dry,Daylight,NA,N
217609,Intersection,CARLETON AVE S AND S BAILEY ST,2,Injury Collision,Left Turn,2,0,0,2,1,0,0,2020/06/09 00:00:00+00,N,Overcast,Wet,Dark - Street Lights On,NA,N
217610,Intersection,6TH AVE AND BLANCHARD ST,2b,Serious Injury Collision,Angles,2,0,0,2,1,1,0,2020/06/25 00:00:00+00,N,Clear,Dry,Dark - Street Lights On,NA,N
217611,Intersection,PHINNEY AVE N AND N 46TH ST,2,Injury Collision,Angles,3,0,0,2,1,0,0,2020/07/14 00:00:00+00,N,Clear,Dry,Dark - Street Lights On,NA,N
217612,Block,ROOSEVELT WAY NE BETWEEN NE 55TH ST AND NE 56TH ST,2,Injury Collision,Cycles,2,0,1,1,1,0,0,2020/09/10 00:00:00+00,N,Clear,Dry,Daylight,NA,N
217613,Block,4TH AVE BETWEEN BELL ST AND BATTERY ST,1,Property Damage Only Collision,Left Turn,2,0,0,2,0,0,0,2020/09/25 00:00:00+00,N,Overcast,Wet,Daylight,NA,N
217614,Block,EAST GREEN LAKE DR N BETWEEN N 78TH ST AND STROUD AVE N,1,Property Damage Only Collision,NA,2,0,0,0,0,0,0,2020/09/19 00:00:00+00,NA,NA,NA,NA,NA,Y
217616,Block,39TH AVE S BETWEEN S DAWSON ST AND S BRANDON ST,0,Unknown,NA,2,0,0,0,0,0,0,2020/09/01 00:00:00+00,NA,NA,NA,NA,NA,Y
217617,Block,DENSMORE AVE N BETWEEN N 122ND ST AND N 125TH ST,1,Property Damage Only Collision,Other,1,0,0,1,0,0,0,2020/08/22 00:00:00+00,N,Clear,Dry,Daylight,Y,N
217618,Block,FAIRVIEW AVE E BETWEEN E LYNN ST AND E ROANOKE ST,0,Unknown,NA,0,0,0,0,0,0,0,2020/07/12 00:00:00+00,NA,NA,NA,NA,NA,Y
217620,Block,M L KING JR WAY S BETWEEN S WASHINGTON ST AND S JACKSON ST,2,Injury Collision,Cycles,2,0,1,1,1,0,0,2020/10/07 00:00:00+00,N,Clear,Dry,Daylight,NA,N
217621,Intersection,EVANSTON AVE N AND N 34TH ST,2,Injury Collision,Pedestrian,2,1,0,1,1,0,0,2020/01/09 00:00:00+00,N,Overcast,Dry,Dawn,NA,N
217622,Block,1ST AVE NE BETWEEN N 117TH ST AND NE 120TH ST,2,Injury Collision,Other,1,0,0,1,1,0,0,2020/07/03 00:00:00+00,N,Clear,Dry,Daylight,NA,N
217623,Block,N 49TH ST BETWEEN LINDEN AVE N AND AURORA AVE N,1,Property Damage Only Collision,Parked Car,2,0,0,2,0,0,0,2020/07/31 00:00:00+00,N,Clear,Dry,Daylight,NA,Y
217624,Intersection,UNIVERSITY WAY NE AND NE 45TH ST,1,Property Damage Only Collision,NA,2,0,0,0,0,0,0,2020/08/03 00:00:00+00,NA,NA,NA,NA,NA,N
217625,Alley,NA,2,Injury Collision,Angles,2,0,0,2,1,0,0,2020/08/07 00:00:00+00,N,Clear,Dry,Daylight,NA,N
217626,Intersection,RAINIER AVE S AND S HANFORD ST,2,Injury Collision,Angles,4,1,0,2,1,0,0,2020/02/15 00:00:00+00,N,Raining,Wet,Daylight,NA,N
217627,Block,AURORA AVE N BETWEEN GARFIELD ST AND HOWE ST,2b,Serious Injury Collision,Other,1,0,0,1,1,1,0,2020/10/18 00:00:00+00,N,Raining,Wet,Daylight,NA,N
217628,Intersection,7TH AVE NE AND NE 50TH ST,1,Property Damage Only Collision,Angles,2,0,0,2,0,0,0,2020/07/01 00:00:00+00,N,Clear,Dry,Daylight,NA,N
217629,Intersection,12TH AVE NE AND NE 62ND ST,1,Property Damage Only Collision,Angles,2,0,0,2,0,0,0,2020/07/11 00:00:00+00,N,Clear,Dry,Daylight,NA,N
217630,Block,S MAIN ST BETWEEN 14TH AVE S AND 16TH AVE S,0,Unknown,NA,0,0,0,0,0,0,0,2020/08/21 00:00:00+00,NA,NA,NA,NA,NA,Y
217631,Intersection,BOREN AVE AND MADISON ST,2,Injury Collision,Angles,2,0,0,2,1,0,0,2020/04/12 00:00:00+00,N,Clear,Dry,Daylight,NA,N
217633,Block,STONE AVE N BETWEEN N NORTHGATE WAY AND N 107TH ST,1,Property Damage Only Collision,Other,1,0,0,1,0,0,0,2020/08/16 00:00:00+00,N,Clear,Dry,Dusk,NA,N
217634,Block,NW 74TH ST BETWEEN 28TH AVE NW AND 30TH AVE NW,0,Unknown,NA,0,0,0,0,0,0,0,2020/08/24 00:00:00+00,NA,NA,NA,NA,NA,N
217635,Intersection,5TH AVE AND WALL ST,1,Property Damage Only Collision,Angles,2,0,0,2,0,0,0,2020/02/06 00:00:00+00,N,Raining,Wet,Daylight,NA,N
217636,Block,1ST AV S BR NB BETWEEN POINT A AND SR509 NB,1,Property Damage Only Collision,Rear Ended,2,0,0,2,0,0,0,2020/08/07 00:00:00+00,N,Clear,Dry,Daylight,NA,N
217638,Intersection,15TH SB AVE NW AND NW LEARY WAY,2,Injury Collision,Left Turn,2,0,0,2,2,0,0,2020/08/07 00:00:00+00,N,Overcast,Wet,Dark - Street Lights On,NA,N
217639,Block,MIDVALE AVE N BETWEEN N 85TH ST AND N 88TH ST,0,Unknown,NA,0,0,0,0,0,0,0,2020/07/03 00:00:00+00,NA,NA,NA,NA,NA,Y
217640,Block,4TH AVE S BETWEEN DIAGONAL AVE S AND COSTCO DR,1,Property Damage Only Collision,Rear Ended,3,0,0,2,0,0,0,2020/10/02 00:00:00+00,N,Clear,Dry,Daylight,NA,N
217641,Intersection,4TH AVE SB OFF RP AND EDGAR MARTINEZ DR S,2,Injury Collision,Angles,3,0,0,2,3,0,0,2020/02/23 00:00:00+00,N,Overcast,Dry,Dark - Street Lights On,NA,N
217642,Intersection,30TH AVE NE AND BURKE GILMAN TRL,2,Injury Collision,Cycles,2,0,1,1,1,0,0,2020/09/02 00:00:00+00,N,Clear,Dry,Daylight,NA,N
217643,Block,11TH AVE W BETWEEN W BARRETT ST AND W DRAVUS ST,1,Property Damage Only Collision,Parked Car,2,0,0,2,0,0,0,2020/10/10 00:00:00+00,N,Overcast,Wet,Unknown,NA,Y
217644,Block,35TH AVE SW BETWEEN SW HENDERSON ST AND SW BARTON ST,1,Property Damage Only Collision,Rear Ended,2,0,0,2,0,0,0,2020/09/26 00:00:00+00,N,Overcast,Wet,Daylight,Y,N
217645,Block,S SPOKANE ST BETWEEN BEACON AVE S AND 18TH AVE S,0,Unknown,NA,0,0,0,0,0,0,0,2020/09/11 00:00:00+00,NA,NA,NA,NA,NA,N
217646,Block,WEST MARGINAL WAY SW BETWEEN HIGHLAND PARK WAY SW AND SW MYRTLE ST,1,Property Damage Only Collision,Sideswipe,3,0,0,2,0,0,0,2020/07/01 00:00:00+00,N,Overcast,Dry,Daylight,NA,N
217647,Block,FRANCIS AVE N BETWEEN N 44TH ST AND N 45TH ST,1,Property Damage Only Collision,Parked Car,2,0,0,2,0,0,0,2020/09/27 00:00:00+00,N,Clear,Dry,Daylight,NA,Y
217648,Intersection,GREENWOOD AVE N AND N 47TH S ST,0,Unknown,NA,0,0,0,0,0,0,0,2020/07/23 00:00:00+00,NA,NA,NA,NA,NA,Y
217649,Intersection,20TH AVE NE AND NE 47TH ST,1,Property Damage Only Collision,Left Turn,2,0,0,2,0,0,0,2020/09/23 00:00:00+00,N,Raining,Wet,Daylight,NA,N
217650,Block,4TH AVE N BETWEEN NICKERSON ST AND FREMONT BR,2,Injury Collision,Angles,3,0,0,2,2,0,0,2020/07/27 00:00:00+00,N,Clear,Dry,Daylight,NA,N
217651,Intersection,KIRKWOOD PL N AND WOODLAWN AVE N,2,Injury Collision,Angles,2,0,0,2,1,0,0,2020/08/28 00:00:00+00,N,Clear,Dry,Daylight,NA,N
217652,Block,W SEATTLE BR WB OFF RP BETWEEN WEST SEATTLE BR WB AND W SEATTLE BR WB-CHELAN OFF RP,2,Injury Collision,Sideswipe,2,0,0,2,1,0,0,2020/02/14 00:00:00+00,N,Overcast,Dry,Daylight,NA,N
217653,Intersection,LAKE CITY WAY NE AND NE 98TH ST,2,Injury Collision,Angles,2,0,0,2,1,0,0,2020/01/06 00:00:00+00,N,Raining,Wet,Daylight,NA,N
217654,Block,W BOSTON ST BETWEEN 14TH AVE W AND 15TH AVE W,0,Unknown,NA,2,0,0,0,0,0,0,2020/08/19 00:00:00+00,NA,NA,NA,NA,NA,Y
217655,Block,BEACON AVE S BETWEEN 15TH AVE S AND S LANDER ST,2,Injury Collision,Parked Car,2,0,0,2,1,0,0,2020/07/11 00:00:00+00,N,Clear,Dry,Dark - Street Lights On,NA,Y
217656,Block,35TH AVE NE BETWEEN NE 90TH ST AND NE 91ST S ST,1,Property Damage Only Collision,Parked Car,2,0,0,2,0,0,0,2020/07/31 00:00:00+00,N,Clear,Dry,Dark - Street Lights On,NA,Y
217657,Intersection,AURORA AVE N AND N 103RD N ST,1,Property Damage Only Collision,Left Turn,2,0,0,2,0,0,0,2020/07/30 00:00:00+00,N,Clear,Dry,Dark - Street Lights On,NA,N
217658,Block,20TH AVE NE BETWEEN NE 96TH S ST AND NE 96TH N ST,1,Property Damage Only Collision,Parked Car,2,0,0,2,0,0,0,2020/10/20 00:00:00+00,N,Overcast,Wet,Daylight,NA,N
217659,Block,NW 61ST ST BETWEEN 14TH AVE NW AND 15TH AVE NW,0,Unknown,NA,2,0,0,0,0,0,0,2020/10/03 00:00:00+00,NA,NA,NA,NA,NA,Y
217661,Intersection,RAINIER AVE S AND S GRAHAM ST,1,Property Damage Only Collision,Other,3,0,0,2,0,0,0,2020/09/13 00:00:00+00,N,Clear,Dry,Dark - Street Lights On,Y,N
217663,Block,DISCOVERY PARK BLVD BETWEEN ALASKA AVE AND WEST POINT AVE W,1,Property Damage Only Collision,Head On,2,0,0,2,0,0,0,2020/09/09 00:00:00+00,N,Clear,Dry,Dark - No Street Lights,NA,Y
217664,Intersection,BEACON ER AVE S AND S COLUMBIAN WAY,1,Property Damage Only Collision,Angles,3,0,0,2,0,0,0,2020/09/11 00:00:00+00,N,Clear,Dry,Daylight,NA,N
217665,Block,LAKEWOOD AVE S BETWEEN S HORTON ST AND TERMINAL CT S,1,Property Damage Only Collision,Parked Car,2,0,0,2,0,0,0,2020/08/24 00:00:00+00,N,Clear,Dry,Dark - Street Lights On,NA,Y
217666,Block,26TH AVE S BETWEEN S WASHINGTON ST AND S JACKSON ST,1,Property Damage Only Collision,Other,1,0,0,1,0,0,0,2020/08/08 00:00:00+00,N,Clear,Unknown,Dawn,NA,N
217667,Block,NW 57TH ST BETWEEN 17TH AVE NW AND 20TH AVE NW,1,Property Damage Only Collision,Parked Car,4,0,0,4,0,0,0,2020/06/01 00:00:00+00,N,Clear,Dry,Daylight,NA,N
217668,Intersection,BROAD ST AND WESTERN AVE,1,Property Damage Only Collision,Rear Ended,3,0,0,2,0,0,0,2020/10/10 00:00:00+00,N,Raining,Wet,Dark - Street Lights On,NA,N
217669,Block,WEST MARGINAL WAY SW BETWEEN SW FRONT ST AND HIGHLAND PARK WAY SW,1,Property Damage Only Collision,NA,2,0,0,0,0,0,0,2020/08/03 00:00:00+00,NA,NA,NA,NA,NA,N
217670,Block,VIRGINIA ST BETWEEN 8TH AVE AND 9TH AVE,1,Property Damage Only Collision,Rear Ended,2,0,0,2,0,0,0,2020/06/25 00:00:00+00,N,Clear,Dry,Daylight,NA,N
217671,Block,29TH AVE S BETWEEN DEAD END N AND S MCCLELLAN ST,2,Injury Collision,NA,2,0,0,0,1,0,0,2020/07/01 00:00:00+00,NA,NA,NA,NA,NA,Y
217672,Block,S GRAHAM ST BETWEEN 39TH AVE S AND 42ND AVE S,1,Property Damage Only Collision,Other,1,0,0,1,0,0,0,2020/09/03 00:00:00+00,N,Clear,Dry,Dark - Street Lights On,NA,N
217673,Block,S KING ST BETWEEN MAYNARD AVE S AND MAYNARD AL S,0,Unknown,NA,0,0,0,0,0,0,0,2020/07/08 00:00:00+00,NA,NA,NA,NA,NA,Y
217674,Block,S LANDER ST BETWEEN 15TH AVE S AND BEACON AVE S,1,Property Damage Only Collision,Other,2,0,0,1,0,0,0,2020/08/27 00:00:00+00,N,Clear,Dry,Dark - Street Lights On,NA,N
217675,Block,4TH AVE BETWEEN BLANCHARD ST AND BELL ST,1,Property Damage Only Collision,NA,1,0,0,0,0,0,0,2020/08/12 00:00:00+00,NA,NA,NA,NA,NA,N
217676,Intersection,AURORA AVE N AND N 117TH PL,1,Property Damage Only Collision,Left Turn,2,0,0,2,0,0,0,2020/08/31 00:00:00+00,N,Clear,Dry,Dark - Street Lights On,NA,N
217677,Intersection,DELRIDGE WAY SW AND SW HENDERSON ST,1,Property Damage Only Collision,Head On,2,0,0,2,0,0,0,2020/08/17 00:00:00+00,N,Clear,Dry,Daylight,NA,N
217678,Block,E EDGAR ST BETWEEN YALE TER E AND EASTLAKE AVE E,1,Property Damage Only Collision,Parked Car,2,0,0,2,0,0,0,2020/07/08 00:00:00+00,N,Clear,Unknown,Unknown,NA,Y
217679,Intersection,1ST AVE NE AND NE NORTHGATE WAY,1,Property Damage Only Collision,NA,2,0,0,0,0,0,0,2020/01/23 00:00:00+00,NA,NA,NA,NA,NA,N
217680,Intersection,BEACON ER AVE S AND S HOLLY ST,1,Property Damage Only Collision,Angles,5,0,0,2,0,0,0,2020/08/10 00:00:00+00,N,Clear,Dry,Daylight,NA,N
217681,Block,8TH AVE NW BETWEEN NW 83RD ST AND NW 84TH ST,1,Property Damage Only Collision,Parked Car,3,0,0,3,0,0,0,2020/06/26 00:00:00+00,N,Clear,Dry,Dark - Street Lights On,NA,Y
217682,Block,ALKI AVE SW BETWEEN 62ND AVE SW AND 63RD AVE SW,0,Unknown,NA,0,0,0,0,0,0,0,2020/08/04 00:00:00+00,NA,NA,NA,NA,NA,Y
217683,Block,8TH AVE NE BETWEEN NE 90TH ST AND NE 91ST ST,1,Property Damage Only Collision,Parked Car,2,0,0,2,0,0,0,2020/08/05 00:00:00+00,N,Clear,Dry,Daylight,NA,Y
217684,Block,LINDEN AVE N BETWEEN N 85TH ST AND N 86TH ST,0,Unknown,NA,0,0,0,0,0,0,0,2020/10/10 00:00:00+00,NA,NA,NA,NA,NA,Y
217685,Intersection,CALIFORNIA AVE SW AND SW ATLANTIC ST,1,Property Damage Only Collision,Parked Car,2,0,0,2,0,0,0,2020/08/26 00:00:00+00,N,Clear,Dry,Dark - Street Lights On,NA,Y
217686,Block,WEST SEATTLE BR WB BETWEEN POINT A AND 35TH AVE SW,1,Property Damage Only Collision,Rear Ended,2,0,0,2,0,0,0,2020/01/22 00:00:00+00,N,Overcast,Wet,Dark - Street Lights On,NA,N
217687,Block,RAINIER AVE S BETWEEN 23RD AVE S AND S WALKER ST,2,Injury Collision,Rear Ended,9,0,0,2,4,0,0,2020/09/01 00:00:00+00,N,Clear,Dry,Daylight,NA,N
217688,Block,E ALLISON ST BETWEEN BROADWAY E AND FUHRMAN N AVE E,1,Property Damage Only Collision,NA,2,0,0,0,0,0,0,2020/06/22 00:00:00+00,NA,NA,NA,NA,NA,N
217689,Block,N 53RD ST BETWEEN MERIDIAN AVE N AND KEYSTONE PL N,1,Property Damage Only Collision,Parked Car,3,0,0,2,0,0,0,2020/08/21 00:00:00+00,N,Clear,Dry,Dark - Street Lights On,NA,Y
217691,Block,AURORA AVE N BETWEEN N 95TH ST AND N 96TH S ST,2,Injury Collision,Rear Ended,3,0,0,2,1,0,0,2020/07/14 00:00:00+00,N,Clear,Dry,Daylight,NA,N
217693,Intersection,AURORA AVE N AND N 98TH ST,0,Unknown,NA,2,0,0,0,0,0,0,2020/09/11 00:00:00+00,NA,NA,NA,NA,NA,Y
217694,Block,26TH AVE S BETWEEN S DEARBORN W ST AND S CHARLES ST,0,Unknown,NA,2,0,0,0,0,0,0,2020/09/12 00:00:00+00,NA,NA,NA,NA,NA,Y
217695,Block,YESLER WAY BETWEEN 6TH AVE AND 8TH AVE,1,Property Damage Only Collision,Parked Car,3,0,0,2,0,0,0,2020/07/01 00:00:00+00,N,Overcast,Dry,Dark - Street Lights On,NA,Y
217696,Block,9TH AVE N BETWEEN HARRISON ST AND REPUBLICAN ST,1,Property Damage Only Collision,NA,2,0,0,0,0,0,0,2020/07/01 00:00:00+00,NA,NA,NA,NA,NA,Y
217697,Block,5TH AVE N BETWEEN TAYLOR AVE N AND HOWE ST,1,Property Damage Only Collision,NA,2,0,0,0,0,0,0,2020/07/05 00:00:00+00,NA,NA,NA,NA,NA,Y
217698,Block,1ST AV S BR NB BETWEEN POINT A AND SR509 NB,1,Property Damage Only Collision,Rear Ended,2,0,0,2,0,0,0,2020/06/10 00:00:00+00,N,Clear,Dry,Daylight,NA,N
217699,Intersection,AURORA AVE N AND PROSPECT ST,2,Injury Collision,Sideswipe,3,0,0,2,1,0,0,2020/07/05 00:00:00+00,N,Clear,Dry,Daylight,NA,N
217700,Block,6TH AVE S BETWEEN S HINDS ST AND S SPOKANE NR ST,2,Injury Collision,Other,2,0,0,2,1,0,0,2020/07/23 00:00:00+00,N,Clear,Dry,Daylight,NA,N