OBJECTID,ADDRTYPE,LOCATION,SEVERITYCODE,SEVERITYDESC,COLLISIONTYPE,PERSONCOUNT,PEDCOUNT,PEDCYLCOUNT,VEHCOUNT,INJURIES,SERIOUSINJURIES,FATALITIES,INCDATE,UNDERINFL,WEATHER,ROADCOND,LIGHTCOND,SPEEDING,HITPARKEDCAR
217701,Intersection,2ND AVE AND JAMES ST,2,Injury Collision,Angles,5,1,0,2,1,0,0,2020/09/11 00:00:00+00,N,Fog/Smog/Smoke,Dry,Dark - Street Lights On,NA,N
217702,Intersection,S ALBRO PL AND S EDDY ST,1,Property Damage Only Collision,NA,2,0,0,0,0,0,0,2020/10/03 00:00:00+00,NA,NA,NA,NA,NA,N
217703,Block,SAND POINT WAY NE BETWEEN NE 107TH ST AND NE 110TH ST,1,Property Damage Only Collision,Head On,4,0,0,2,0,0,0,2020/07/13 00:00:00+00,N,Clear,Dry,Daylight,NA,N
217705,Intersection,1ST AVE W AND W MERCER ST,2,Injury Collision,Angles,2,0,0,2,1,0,0,2020/09/14 00:00:00+00,N,Fog/Smog/Smoke,Dry,Daylight,NA,N
217706,Intersection,BEACH DR SW AND SW EDMUNDS ST,2,Injury Collision,Cycles,2,0,1,1,1,0,0,2020/07/24 00:00:00+00,N,Clear,Dry,Daylight,NA,N
217707,Intersection,LINDEN AVE N AND N 89TH ST,2,Injury Collision,Angles,2,0,0,2,1,0,0,2020/05/30 00:00:00+00,N,Raining,Wet,Daylight,NA,N
217709,Block,26TH AVE SW BETWEEN SW OREGON ST AND SW ALASKA ST,2,Injury Collision,Parked Car,5,0,0,4,2,0,0,2020/06/28 00:00:00+00,N,Overcast,Wet,Daylight,NA,Y
217710,Intersection,1ST AVE AND BROAD ST,2,Injury Collision,NA,2,0,0,0,1,0,0,2020/01/02 00:00:00+00,NA,NA,NA,NA,NA,N
217711,Block,BANNER WAY NE BETWEEN NE 85TH ST OFF RP AND CORLISS WAY N,1,Property Damage Only Collision,Other,2,0,0,1,0,0,0,2020/06/12 00:00:00+00,N,Raining,Wet,Daylight,Y,N
217712,Block,CALIFORNIA AVE SW BETWEEN SW FINDLAY ST AND SW JUNEAU ST,0,Unknown,NA,0,0,0,0,0,0,0,2020/07/09 00:00:00+00,NA,NA,NA,NA,NA,Y
217713,Block,RAINIER AVE S BETWEEN S MCCLELLAN ST AND S FOREST ST,2,Injury Collision,Other,2,0,0,2,1,0,0,2020/06/06 00:00:00+00,N,Other,Unknown,Unknown,NA,N
217714,Intersection,6TH AVE S AND S SPOKANE NR ST,1,Property Damage Only Collision,Angles,2,0,0,2,0,0,0,2020/08/06 00:00:00+00,N,Raining,Wet,Dawn,NA,N
217715,Block,SW ROXBURY ST BETWEEN 26TH AVE SW AND 27TH AVE SW,2,Injury Collision,Rear Ended,2,0,0,2,1,0,0,2020/08/28 00:00:00+00,N,Clear,Dry,Daylight,NA,N
217716,Block,18TH AVE S BETWEEN S JACKSON ST AND S JACKSON PL,1,Property Damage Only Collision,Parked Car,2,0,0,2,0,0,0,2020/09/28 00:00:00+00,N,Clear,Dry,Dark - Street Lights On,NA,Y
217717,Block,N NORTHGATE WAY BETWEEN AURORA AVE N AND MIDVALE AVE N,2,Injury Collision,NA,1,0,0,0,1,0,0,2020/08/22 00:00:00+00,NA,NA,NA,NA,NA,N
217718,Block,15TH AVE S BETWEEN S OREGON ST AND S SNOQUALMIE ST,0,Unknown,NA,1,0,0,0,0,0,0,2020/10/06 00:00:00+00,NA,NA,NA,NA,NA,Y
217719,Alley,NA,0,Unknown,NA,0,0,0,0,0,0,0,2020/06/25 00:00:00+00,NA,NA,NA,NA,NA,N
217720,Block,S KENYON ST BETWEEN 7TH AVE S AND 8TH AVE S,1,Property Damage Only Collision,Parked Car,2,0,0,2,0,0,0,2020/07/19 00:00:00+00,N,Clear,Dry,Dark - Street Lights On,NA,Y
217721,Block,N 80TH ST BETWEEN FREMONT AVE N AND LINDEN AVE N,1,Property Damage Only Collision,Rear Ended,2,0,0,2,0,0,0,2020/10/10 00:00:00+00,N,Clear,Dry,Daylight,NA,N
217723,Intersection,14TH AVE AND E YESLER WAY,1,Property Damage Only Collision,Angles,3,0,0,2,0,0,0,2020/07/19 00:00:00+00,N,Clear,Dry,Daylight,NA,N
217724,Block,WOODLAWN AVE NE BETWEEN NE 71ST ST AND NE 72ND ST,0,Unknown,NA,0,0,0,0,0,0,0,2020/07/28 00:00:00+00,NA,NA,NA,NA,NA,Y
217725,Block,NE 123RD ST BETWEEN 28TH AVE NE AND LAKE CITY WAY NE,0,Unknown,NA,0,0,0,0,0,0,0,2020/01/31 00:00:00+00,NA,NA,NA,NA,NA,Y
217726,Intersection,NE NORTHGATE DR AND NE NORTHGATE WAY,1,Property Damage Only Collision,Left Turn,4,0,0,2,0,0,0,2020/08/20 00:00:00+00,N,Clear,Dry,Daylight,NA,N
217728,Block,FAUNTLEROY WAY SW BETWEEN SW ALASKA ST AND SW EDMUNDS ST,2,Injury Collision,Sideswipe,3,0,0,3,1,0,0,2020/05/24 00:00:00+00,N,Overcast,Dry,Daylight,NA,N
217729,Block,35TH AVE SW BETWEEN SW MORGAN ST AND SW HOLLY ST,2,Injury Collision,Sideswipe,2,0,0,2,1,0,0,2020/05/15 00:00:00+00,N,Clear,Dry,Daylight,NA,N
217730,Block,DAYTON AVE N BETWEEN N 42ND E ST AND N 43RD ST,1,Property Damage Only Collision,NA,2,0,0,0,0,0,0,2020/06/23 00:00:00+00,NA,NA,NA,NA,NA,N
217731,Intersection,4TH AVE N AND RAYE ST,1,Property Damage Only Collision,Angles,2,0,0,2,0,0,0,2020/06/24 00:00:00+00,N,Overcast,Dry,Daylight,NA,N
217732,Intersection,RAINIER AVE S AND S HENDERSON ST,2,Injury Collision,Angles,3,0,0,2,1,0,0,2020/08/23 00:00:00+00,N,Overcast,Dry,Daylight,NA,N
217733,Block,NE 125TH ST BETWEEN 30TH AVE NE AND LAKE CITY WAY NE,1,Property Damage Only Collision,Sideswipe,2,0,0,2,0,0,0,2020/10/14 00:00:00+00,N,Clear,Dry,Daylight,NA,N
217734,Block,S MICHIGAN ST BETWEEN 6TH AVE S AND 7TH AVE S,1,Property Damage Only Collision,Sideswipe,2,0,0,2,0,0,0,2020/10/07 00:00:00+00,N,Clear,Dry,Daylight,NA,N
217735,Block,15TH AVE W BETWEEN W NEWTON ST AND W ARMORY WAY,2,Injury Collision,Other,2,0,0,2,1,0,0,2020/09/21 00:00:00+00,N,Overcast,Dry,Daylight,NA,N
217736,Block,RAINIER AVE S BETWEEN S FISHER PL AND 51ST AVE S,2,Injury Collision,Other,2,0,0,1,1,0,0,2020/07/03 00:00:00+00,N,Clear,Dry,Dark - Street Lights On,NA,N
217737,Block,UNION ST BETWEEN 1ST AVE AND 2ND AVE,1,Property Damage Only Collision,Right Turn,2,0,0,2,0,0,0,2020/06/03 00:00:00+00,N,Clear,Dry,Daylight,NA,N
217738,Intersection,33RD AVE NE AND NE 125TH ST,1,Property Damage Only Collision,Angles,2,0,0,2,0,0,0,2020/06/25 00:00:00+00,N,Clear,Dry,Dark - Street Lights On,NA,N
217739,Intersection,EAST MARGINAL WAY S AND S IDAHO ST,2,Injury Collision,Right Turn,2,0,0,2,1,0,0,2020/09/18 00:00:00+00,N,Raining,Wet,Daylight,NA,N
217740,Intersection,RAINIER AVE S AND S EDMUNDS ST,2,Injury Collision,Cycles,3,0,1,1,1,0,0,2020/09/26 00:00:00+00,N,Clear,Dry,Daylight,NA,N
217741,Block,HARBOR AVE SW BETWEEN CALIFORNIA WAY SW AND FAIRMOUNT AVE SW,1,Property Damage Only Collision,Parked Car,2,0,0,2,0,0,0,2020/08/17 00:00:00+00,N,Clear,Dry,Daylight,NA,Y
217742,Block,AURORA AVE N BETWEEN HOWE ST AND LYNN ST,1,Property Damage Only Collision,Other,1,0,0,1,0,0,0,2020/08/08 00:00:00+00,N,Overcast,Dry,Daylight,NA,N
217743,Block,DEXTER AVE N BETWEEN DEXTER WAY N AND MCGRAW ST,1,Property Damage Only Collision,NA,2,0,0,0,0,0,0,2020/07/06 00:00:00+00,NA,NA,NA,NA,NA,N
217744,Block,NE 50TH ST BETWEEN ROOSEVELT WAY NE AND 11TH AVE NE,1,Property Damage Only Collision,Angles,3,0,0,2,0,0,0,2020/08/21 00:00:00+00,N,Clear,Dry,Daylight,NA,N
217745,Intersection,WELLESLEY WAY NE AND NE 65TH ST,1,Property Damage Only Collision,NA,2,0,0,0,0,0,0,2020/08/08 00:00:00+00,NA,NA,NA,NA,NA,Y
217746,Intersection,FAIRVIEW AVE N AND MERCER ST,1,Property Damage Only Collision,NA,1,0,0,0,0,0,0,2020/07/16 00:00:00+00,NA,NA,NA,NA,NA,N
217747,Intersection,5TH AVE AND STEWART ST,1,Property Damage Only Collision,Right Turn,4,0,0,2,0,0,0,2020/09/23 00:00:00+00,N,Clear,Wet,Daylight,NA,N
217748,Block,NE 73RD ST BETWEEN NE 73RD ST OFF RP AND ROOSEVELT WAY NE,1,Property Damage Only Collision,NA,1,0,0,0,0,0,0,2020/09/28 00:00:00+00,NA,NA,NA,NA,NA,Y
217750,Block,EASTLAKE AVE E BETWEEN ALOHA ST AND WARD ST,1,Property Damage Only Collision,Rear Ended,2,0,0,2,0,0,0,2020/10/08 00:00:00+00,N,Clear,Dry,Daylight,NA,N
217752,Block,SW ROXBURY ST BETWEEN KELSEY LN SW AND 22ND AVE SW,2,Injury Collision,Rear Ended,4,0,0,3,2,0,0,2020/06/10 00:00:00+00,N,Clear,Dry,Daylight,NA,N
217753,Block,SAND POINT WAY NE BETWEEN NE 55TH ST AND NE WINDERMERE RD,2,Injury Collision,Rear Ended,2,0,0,2,1,0,0,2020/09/09 00:00:00+00,N,Clear,Dry,Dusk,NA,N
217754,Block,S BANGOR ST BETWEEN 55TH AVE S AND 56TH AVE S,2,Injury Collision,Parked Car,2,0,0,2,1,0,0,2020/09/18 00:00:00+00,N,Overcast,Wet,Daylight,NA,N
217756,Intersection,17TH AVE NE AND NE NORTHGATE WAY,2,Injury Collision,Rear Ended,3,0,0,3,2,0,0,2020/09/10 00:00:00+00,N,Clear,Dry,Daylight,NA,N
217758,Block,S OTHELLO ST BETWEEN 43RD AVE S AND 44TH AVE S,0,Unknown,NA,2,0,0,0,0,0,0,2020/09/05 00:00:00+00,NA,NA,NA,NA,NA,N
217759,Block,LAKE CITY WAY NE BETWEEN FISCHER PL NE AND NE 104TH WAY,1,Property Damage Only Collision,Left Turn,4,0,0,2,0,0,0,2020/08/30 00:00:00+00,N,Raining,Wet,Dark - Street Lights On,NA,N
217760,Block,18TH AVE S BETWEEN DEAD END 1 AND S MASSACHUSETTS ST,1,Property Damage Only Collision,Other,6,0,0,6,0,0,0,2020/08/08 00:00:00+00,N,Overcast,Dry,Daylight,NA,Y
217761,Block,YALE AVE N BETWEEN STEWART ST AND JOHN ST,0,Unknown,NA,0,0,0,0,0,0,0,2020/07/08 00:00:00+00,NA,NA,NA,NA,NA,Y
217762,Intersection,35TH AVE NE AND NE 65TH ST,1,Property Damage Only Collision,Angles,2,0,0,2,0,0,0,2020/08/22 00:00:00+00,N,Overcast,Wet,Daylight,NA,N
217763,Intersection,14TH AVE S AND S MASSACHUSETTS ST,0,Unknown,NA,0,0,0,0,0,0,0,2020/07/23 00:00:00+00,NA,NA,NA,NA,NA,Y
217764,Block,SR509 NB BETWEEN HOLDEN ST OFF RP AND KENYON ON RP,1,Property Damage Only Collision,Rear Ended,2,0,0,2,0,0,0,2020/05/05 00:00:00+00,N,Clear,Dry,Daylight,Y,N
217765,Intersection,4TH AVE S AND S MICHIGAN ST,1,Property Damage Only Collision,Sideswipe,3,0,0,2,0,0,0,2020/05/14 00:00:00+00,N,Clear,Dry,Daylight,NA,N
217766,Block,24TH AVE E BETWEEN E MCGRAW ST AND E CALHOUN ST,1,Property Damage Only Collision,Other,2,0,0,1,0,0,0,2020/08/27 00:00:00+00,N,Clear,Dry,Dark - Street Lights On,Y,N
217767,Block,28TH AVE BETWEEN E YESLER WAY AND E SPRUCE ST,0,Unknown,NA,0,0,0,0,0,0,0,2020/08/15 00:00:00+00,NA,NA,NA,NA,NA,Y
217768,Block,42ND AVE S BETWEEN S WILLOW ST AND S MYRTLE N ST,2,Injury Collision,Parked Car,5,0,0,4,1,0,0,2020/06/11 00:00:00+00,N,Clear,Dry,Dark - Street Lights On,Y,N
217769,Block,E MADISON ST BETWEEN E PIKE ST AND 15TH AVE,0,Unknown,NA,0,0,0,0,0,0,0,2020/09/12 00:00:00+00,NA,NA,NA,NA,NA,N
217770,Intersection,23RD AVE S AND S MAIN ST,1,Property Damage Only Collision,Angles,2,0,0,2,0,0,0,2020/06/05 00:00:00+00,N,Clear,Dry,Daylight,NA,N
217771,Block,7TH AVE NE BETWEEN NE 43RD ST AND NE 45TH ST OFF RP,1,Property Damage Only Collision,Parked Car,2,0,0,2,0,0,0,2020/06/28 00:00:00+00,N,Partly Cloudy,Dry,Daylight,NA,Y
217773,Block,DAYTON AVE N BETWEEN N 68TH ST AND N 70TH ST,0,Unknown,NA,0,0,0,0,0,0,0,2020/09/18 00:00:00+00,NA,NA,NA,NA,NA,Y
217775,Block,1ST AV S BR NB BETWEEN POINT A AND SR509 NB,1,Property Damage Only Collision,Other,1,0,0,1,0,0,0,2020/06/30 00:00:00+00,N,Raining,Wet,Daylight,Y,N
217776,Block,WEST MARGINAL WAY SW BETWEEN SW BRANDON ST AND SW FRONT ST,2,Injury Collision,NA,1,0,0,0,1,0,0,2020/06/21 00:00:00+00,NA,NA,NA,NA,NA,N
217777,Block,20TH AVE W BETWEEN ELLIOTT BAY TRL AND THORNDYKE AVE W,1,Property Damage Only Collision,Angles,2,0,0,2,0,0,0,2020/08/05 00:00:00+00,N,Clear,Dry,Daylight,NA,N
217778,Block,SW SPOKANE NR ST BETWEEN WEST SEATTLE BRIDGE TRL AND 11TH AVE SW,1,Property Damage Only Collision,Other,1,0,0,1,0,0,0,2020/05/29 00:00:00+00,N,Clear,Dry,Daylight,NA,N
217779,Intersection,26TH AVE S AND S MCCLELLAN ST,2,Injury Collision,Cycles,3,0,1,1,1,0,0,2020/10/13 00:00:00+00,N,Clear,Dry,Daylight,NA,N
217780,Intersection,TAYLOR AVE N AND VALLEY ST,1,Property Damage Only Collision,Angles,2,0,0,2,0,0,0,2020/09/07 00:00:00+00,N,Clear,Dry,Daylight,NA,N
217782,Block,CORSON AVE S BETWEEN AIRPORT WAY S AND S CARSTENS PL,1,Property Damage Only Collision,Sideswipe,2,0,0,2,0,0,0,2020/10/01 00:00:00+00,N,Clear,Dry,Daylight,NA,N
217784,Intersection,6TH AVE NW AND HOLMAN RD NW,2,Injury Collision,Pedestrian,2,1,0,1,1,0,0,2020/09/02 00:00:00+00,N,Clear,Dry,Daylight,NA,N
217785,Block,AIRPORT WAY S BETWEEN S HOLGATE N ST AND S HOLGATE S ST,1,Property Damage Only Collision,Parked Car,2,0,0,2,0,0,0,2020/09/15 00:00:00+00,N,Clear,Dry,Daylight,NA,Y
217786,Intersection,5TH AVE AND PIKE ST,1,Property Damage Only Collision,Sideswipe,2,0,0,2,0,0,0,2020/08/07 00:00:00+00,N,Clear,Dry,Daylight,NA,N
217787,Block,S JUNEAU ST BETWEEN 46TH AVE S AND 47TH AVE S,1,Property Damage Only Collision,NA,2,0,0,0,0,0,0,2020/06/19 00:00:00+00,NA,NA,NA,NA,NA,Y
217788,Block,BEACH DR SW BETWEEN SW ANDOVER ST AND SW CARROLL ST,1,Property Damage Only Collision,Other,1,0,0,1,0,0,0,2020/08/31 00:00:00+00,N,Clear,Dry,Dark - Street Lights On,Y,Y
217789,Intersection,LAKE WASHINGTON BLVD E AND E MADISON ST,1,Property Damage Only Collision,NA,1,0,0,0,0,0,0,2020/07/23 00:00:00+00,NA,NA,NA,NA,NA,N
217790,Block,LAKE WASHINGTON BLVD S BETWEEN S MASSACHUSETTS ST AND LAKESIDE AVE S,1,Property Damage Only Collision,Other,1,0,0,1,0,0,0,2020/08/01 00:00:00+00,N,Clear,Dry,Dark - No Street Lights,NA,N
217791,Intersection,GREENWOOD AVE N AND N 112TH ST,1,Property Damage Only Collision,Other,1,0,0,1,0,0,0,2020/06/22 00:00:00+00,N,Clear,Dry,Dark - Street Lights On,NA,N
217792,Intersection,M L KING JR WAY E AND E JOHN ST,2,Injury Collision,Angles,3,0,0,2,1,0,0,2020/08/28 00:00:00+00,N,Clear,Dry,Daylight,NA,N
217793,Block,4TH AVE BETWEEN BLANCHARD ST AND BELL ST,1,Property Damage Only Collision,Sideswipe,2,0,0,2,0,0,0,2020/08/31 00:00:00+00,N,Clear,Dry,Daylight,NA,N
217794,Block,MINOR AVE BETWEEN OLIVE WAY AND HOWELL ST,2,Injury Collision,Rear Ended,2,0,0,2,1,0,0,2020/06/17 00:00:00+00,N,Clear,Dry,Daylight,NA,N
217795,Intersection,6TH AVE AND MADISON ST,1,Property Damage Only Collision,Sideswipe,2,0,0,2,0,0,0,2020/08/28 00:00:00+00,N,Clear,Dry,Daylight,NA,N
217796,Intersection,1ST AVE S AND S FIDALGO ST,2,Injury Collision,Left Turn,2,0,0,2,1,0,0,2020/08/19 00:00:00+00,N,Clear,Dry,Daylight,NA,N
217797,Block,LOYAL AVE NW BETWEEN GOLDEN GARDENS DR NW AND VIEW AVE NW,0,Unknown,NA,0,0,0,0,0,0,0,2020/07/10 00:00:00+00,NA,NA,NA,NA,NA,N
217799,Block,AURORA AVE N BETWEEN N 127TH ST AND N 128TH ST,2,Injury Collision,Rear Ended,2,0,0,2,1,0,0,2020/09/22 00:00:00+00,N,Clear,Dry,Daylight,NA,N
217800,Intersection,DENSMORE AVE N AND N 95TH ST,2,Injury Collision,Angles,2,0,0,2,1,0,0,2020/01/21 00:00:00+00,N,Clear,Wet,Daylight,NA,N
217801,Intersection,3RD AVE NW AND NW 45TH ST,1,Property Damage Only Collision,Angles,4,0,0,2,0,0,0,2020/05/30 00:00:00+00,N,Raining,Wet,Daylight,NA,N
217802,Intersection,49TH AVE SW AND SW CANADA DR,1,Property Damage Only Collision,NA,1,0,0,0,0,0,0,2020/06/24 00:00:00+00,NA,NA,NA,NA,NA,N
217803,Block,S GRAHAM ST BETWEEN 32ND AVE S AND 33RD AVE S,1,Property Damage Only Collision,Other,2,0,0,2,0,0,0,2020/08/05 00:00:00+00,N,Clear,Dry,Daylight,NA,N
217804,Intersection,HIGHLAND PARK WAY SW AND WEST MARGINAL WAY SW,2,Injury Collision,Rear Ended,3,0,0,2,2,0,0,2020/06/18 00:00:00+00,N,Clear,Dry,Dark - Street Lights On,NA,N
217805,Intersection,16TH AVE W AND SHIP CANAL TRL,2,Injury Collision,Head On,2,0,0,2,1,0,0,2020/08/21 00:00:00+00,N,Raining,Wet,Daylight,NA,N
217806,Block,20TH AVE SW BETWEEN SW TRENTON ST AND SW HENDERSON ST,1,Property Damage Only Collision,NA,2,0,0,0,0,0,0,2020/09/03 00:00:00+00,NA,NA,NA,NA,NA,Y
217807,Intersection,AIRPORT WAY S AND S HOLGATE SR ST,2,Injury Collision,Left Turn,2,0,0,2,1,0,0,2020/06/25 00:00:00+00,N,Clear,Dry,Daylight,NA,N
217808,Intersection,15TH AVE E AND E THOMAS N ST,1,Property Damage Only Collision,Angles,3,0,0,2,0,0,0,2020/06/02 00:00:00+00,N,Clear,Dry,Daylight,NA,N
217809,Block,SW BARTON ST BETWEEN 20TH AVE SW AND 21ST AVE SW,1,Property Damage Only Collision,Other,1,0,0,1,0,0,0,2020/09/19 00:00:00+00,N,Raining,Wet,Dark - Street Lights On,NA,N
217811,Intersection,10TH AVE AND E UNION ST,1,Property Damage Only Collision,Angles,2,0,0,2,0,0,0,2020/08/11 00:00:00+00,N,Clear,Dry,Daylight,NA,N
217812,Intersection,13TH AVE AND E CHERRY ST,2,Injury Collision,Angles,3,0,0,2,1,0,0,2020/08/04 00:00:00+00,N,Clear,Dry,Daylight,NA,N
217814,Block,SW BARTON PL BETWEEN 21ST AVE SW AND 22ND AVE SW,1,Property Damage Only Collision,Parked Car,3,0,0,3,0,0,0,2020/08/12 00:00:00+00,N,Clear,Dry,Daylight,NA,N
217816,Block,E JOHN ST BETWEEN E JOHN SR ST AND 15TH AVE E,1,Property Damage Only Collision,NA,2,0,0,0,0,0,0,2020/08/14 00:00:00+00,NA,NA,NA,NA,NA,Y
217817,Intersection,HOLMAN RD NW AND NW 90TH ST,1,Property Damage Only Collision,Angles,2,0,0,2,0,0,0,2020/06/24 00:00:00+00,N,Clear,Dry,Daylight,Y,N
217818,NA,NA,1,Property Damage Only Collision,Parked Car,2,0,0,2,0,0,0,2020/05/29 00:00:00+00,N,Clear,Dry,Daylight,NA,Y
217819,Block,RAINIER AVE S BETWEEN S PLUM ST AND 23RD AVE S,1,Property Damage Only Collision,Rear Ended,2,0,0,2,0,0,0,2020/10/23 00:00:00+00,N,Raining,Wet,Dark - Street Lights On,NA,N
217820,Block,RAINIER AVE S BETWEEN S CLOVERDALE ST AND S HENDERSON ST,2,Injury Collision,Rear Ended,2,0,0,2,1,0,0,2020/06/28 00:00:00+00,N,Clear,Dry,Daylight,NA,N
217821,Intersection,THOMAS ST AND WESTLAKE AVE N,2,Injury Collision,Left Turn,3,0,0,2,1,0,0,2020/08/28 00:00:00+00,N,Clear,Dry,Dark - Street Lights On,NA,N
217822,Intersection,46TH AVE S AND S LUCILE ST,1,Property Damage Only Collision,Other,1,0,0,1,0,0,0,2020/09/15 00:00:00+00,N,Overcast,Wet,Dark - Street Lights On,NA,N
217823,Block,BURKE GILMAN TRL BETWEEN 11TH AVE NW AND 8TH AVE NW,2,Injury Collision,Cycles,2,0,1,1,1,0,0,2020/06/22 00:00:00+00,N,Clear,Dry,Daylight,NA,N
217824,Block,NE 63RD ST BETWEEN SAND POINT WAY NE AND 60TH AVE NE,1,Property Damage Only Collision,NA,2,0,0,0,0,0,0,2020/10/16 00:00:00+00,NA,NA,NA,NA,NA,Y
217825,Intersection,AURORA AVE N AND N 127TH ST,1,Property Damage Only Collision,Angles,2,0,0,2,0,0,0,2020/06/30 00:00:00+00,N,Overcast,Dry,Daylight,NA,N
217826,Block,HIGHLAND PARK WAY SW BETWEEN 2ND AVE SW AND WEST MARGINAL WAY SW,2,Injury Collision,Rear Ended,2,0,0,2,2,0,0,2020/01/28 00:00:00+00,N,Overcast,Wet,Dark - No Street Lights,NA,N
217827,Block,23RD AVE BETWEEN E JEFFERSON ST AND E JAMES ST,2,Injury Collision,Other,1,0,0,1,1,0,0,2020/08/15 00:00:00+00,N,Clear,Dry,Dark - Street Lights On,NA,N
217828,Intersection,5TH AVE NE AND NE 45TH ST,1,Property Damage Only Collision,Sideswipe,2,0,0,2,0,0,0,2020/09/28 00:00:00+00,N,Clear,Dry,Daylight,NA,N
217829,Block,75TH AVE S BETWEEN RAINIER AVE S AND S TAFT ST,1,Property Damage Only Collision,Parked Car,2,0,0,2,0,0,0,2020/07/05 00:00:00+00,N,Clear,Dry,Dusk,NA,N
217830,Block,M L KING JR WR WAY S BETWEEN S CLOVERDALE ST AND S TRENTON ST,2,Injury Collision,Rear Ended,4,0,0,3,1,0,0,2020/07/04 00:00:00+00,N,Clear,Dry,Daylight,NA,N
217831,Intersection,AIRPORT WAY S AND CORSON AVE S,1,Property Damage Only Collision,Left Turn,2,0,0,2,0,0,0,2020/08/11 00:00:00+00,N,Overcast,Dry,Daylight,NA,N
217832,Intersection,3RD AVE NW AND NW 90TH ST,2,Injury Collision,Angles,3,0,0,2,1,0,0,2020/07/30 00:00:00+00,N,Clear,Dry,Daylight,NA,N
217833,Intersection,RENTON AVE S AND S HENDERSON ST,2,Injury Collision,Angles,2,0,0,2,2,0,0,2020/07/23 00:00:00+00,N,Raining,Wet,Dark - Street Lights On,NA,N
217834,Block,N 145TH ST BETWEEN LENORA PL N AND STONE AVE N,1,Property Damage Only Collision,Rear Ended,3,0,0,3,0,0,0,2020/08/19 00:00:00+00,N,Clear,Dry,Daylight,NA,N
217835,Intersection,12TH AVE NE AND NE 65TH ST,1,Property Damage Only Collision,Angles,2,0,0,2,0,0,0,2020/09/24 00:00:00+00,N,Clear,Dry,Dark - Street Lights On,NA,N
217837,Block,34TH AVE SW BETWEEN SW GRAHAM ST AND SW MORGAN ST,1,Property Damage Only Collision,Angles,2,0,0,2,0,0,0,2020/09/09 00:00:00+00,N,Clear,Dry,Daylight,NA,N
217838,Intersection,AURORA AVE N AND N 135TH ST,2,Injury Collision,Pedestrian,2,1,0,1,1,0,0,2020/07/14 00:00:00+00,N,Clear,Dry,Daylight,NA,N
217839,Block,NE 68TH ST BETWEEN 34TH AVE NE AND 35TH AVE NE,0,Unknown,NA,0,0,0,0,0,0,0,2020/08/04 00:00:00+00,NA,NA,NA,NA,NA,Y
217840,Intersection,M L KING JR WAY S AND S MCCLELLAN ST,2,Injury Collision,Rear Ended,2,0,0,2,1,0,0,2020/02/18 00:00:00+00,N,Clear,Dry,Daylight,NA,N
217841,Block,AURORA AVE N BETWEEN WARD ST AND PROSPECT ST,1,Property Damage Only Collision,NA,2,0,0,0,0,0,0,2020/09/22 00:00:00+00,NA,NA,NA,NA,NA,N
217843,Block,1ST AVE BETWEEN UNION ST AND PIKE ST,1,Property Damage Only Collision,Parked Car,2,0,0,2,0,0,0,2020/10/05 00:00:00+00,N,Clear,Dry,Dusk,NA,Y
217844,Intersection,51ST AVE S AND S BANGOR ST,2,Injury Collision,Rear Ended,2,0,0,2,1,0,0,2020/01/13 00:00:00+00,N,Snowing,Snow/Slush,Other,NA,N
217845,Intersection,5TH AVE AND PIKE ST,1,Property Damage Only Collision,Angles,3,0,0,3,0,0,0,2020/08/19 00:00:00+00,N,Clear,Dry,Daylight,NA,N
217846,Block,E ROANOKE ST BETWEEN MINOR AVE E AND YALE AVE E,1,Property Damage Only Collision,Parked Car,2,0,0,2,0,0,0,2020/05/28 00:00:00+00,N,Clear,Dry,Daylight,NA,Y
217847,Intersection,11TH AVE NW AND NW 85TH ST,2,Injury Collision,Angles,4,0,0,2,1,0,0,2020/08/04 00:00:00+00,N,Clear,Dry,Daylight,NA,N
217848,Block,JAMES ST BETWEEN 4TH AVE AND 5TH AVE,1,Property Damage Only Collision,Sideswipe,3,0,0,2,0,0,0,2020/05/28 00:00:00+00,N,Overcast,Dry,Dark - Street Lights On,NA,N
217849,Block,ROOSEVELT WAY NE BETWEEN NE 94TH ST AND NE 95TH ST,1,Property Damage Only Collision,Parked Car,5,0,0,5,0,0,0,2020/06/19 00:00:00+00,N,Clear,Dry,Dark - Street Lights On,Y,N
217850,Intersection,4TH AVE S AND S LANDER ST,2b,Serious Injury Collision,Left Turn,2,0,0,2,2,1,0,2020/10/26 00:00:00+00,N,Clear,Dry,Daylight,NA,N
217851,Block,RAINIER AVE S BETWEEN S ROSE S ST AND S THISTLE ST,1,Property Damage Only Collision,Parked Car,2,0,0,2,0,0,0,2020/07/29 00:00:00+00,N,Clear,Dry,Dark - Street Lights On,NA,N
217852,Block,N 50TH ST BETWEEN MIDVALE AVE N AND STONE AVE N,1,Property Damage Only Collision,Sideswipe,2,0,0,2,0,0,0,2020/03/20 00:00:00+00,N,Clear,Dry,Daylight,NA,N
217853,Intersection,RAINIER AVE S AND S ORCAS ST,1,Property Damage Only Collision,Rear Ended,2,0,0,2,0,0,0,2020/05/05 00:00:00+00,N,Clear,Dry,Daylight,NA,N
217854,Block,CHELAN AVE SW BETWEEN SW SPOKANE NR ST AND SW SPOKANE ST,1,Property Damage Only Collision,Sideswipe,2,0,0,2,0,0,0,2020/09/12 00:00:00+00,N,Fog/Smog/Smoke,Dry,Daylight,NA,N