OBJECTID,ADDRTYPE,LOCATION,SEVERITYCODE,SEVERITYDESC,COLLISIONTYPE,PERSONCOUNT,PEDCOUNT,PEDCYLCOUNT,VEHCOUNT,INJURIES,SERIOUSINJURIES,FATALITIES,INCDATE,UNDERINFL,WEATHER,ROADCOND,LIGHTCOND,SPEEDING,HITPARKEDCAR
218310,Block,E DENNY WAY BETWEEN 10TH AVE E AND 11TH AVE,1,Property Damage Only Collision,Parked Car,3,0,0,2,0,0,0,2020/08/31 00:00:00+00,N,Clear,Dry,Dark - Street Lights On,NA,Y
218311,Block,E JOHN ST BETWEEN E JOHN SR ST AND 15TH AVE E,1,Property Damage Only Collision,Parked Car,2,0,0,2,0,0,0,2020/07/30 00:00:00+00,N,Clear,Dry,Daylight,NA,Y
218312,Intersection,MAYNARD AVE S AND S KING ST,2,Injury Collision,Pedestrian,2,1,0,1,1,0,0,2020/06/23 00:00:00+00,N,Clear,Dry,Daylight,NA,N
218313,Block,SW TRENTON ST BETWEEN 25TH AVE SW AND 26TH AVE SW,1,Property Damage Only Collision,NA,2,0,0,0,0,0,0,2020/08/30 00:00:00+00,NA,NA,NA,NA,NA,N
218314,Intersection,1ST AVE AND MARION ST,2,Injury Collision,Angles,2,0,0,2,2,0,0,2020/06/18 00:00:00+00,N,Clear,Wet,Daylight,NA,N
218315,Block,S SOUTHERN ST BETWEEN 7TH AVE S AND DEAD END E,1,Property Damage Only Collision,Other,2,0,0,2,0,0,0,2020/07/09 00:00:00+00,N,Overcast,Dry,Daylight,NA,N
218316,Block,EVANSTON AVE N BETWEEN N 45TH W ST AND N 46TH ST,0,Unknown,NA,0,0,0,0,0,0,0,2020/09/24 00:00:00+00,NA,NA,NA,NA,NA,Y
218317,Block,BEACON ER AVE S BETWEEN 38TH S AVE S AND 39TH N AVE S,2b,Serious Injury Collision,Other,1,0,0,1,1,1,0,2020/09/13 00:00:00+00,N,Fog/Smog/Smoke,Dry,Dark - Street Lights On,Y,N
218318,Intersection,19TH AVE AND E MADISON ST,1,Property Damage Only Collision,NA,2,0,0,0,0,0,0,2020/07/02 00:00:00+00,NA,NA,NA,NA,NA,Y
218320,Block,E HARRISON ST BETWEEN BOYLSTON AVE E AND HARVARD AVE E,1,Property Damage Only Collision,NA,2,0,0,0,0,0,0,2020/08/16 00:00:00+00,NA,NA,NA,NA,NA,N
218321,Block,SW ROXBURY ST BETWEEN 24TH AVE SW AND 25TH AVE SW,2,Injury Collision,Rear Ended,5,0,0,3,1,0,0,2020/08/15 00:00:00+00,N,Clear,Dry,Daylight,NA,N
218322,Block,OLSON PL SW BETWEEN 2ND AVE SW AND 3RD AVE SW,1,Property Damage Only Collision,Rear Ended,2,0,0,2,0,0,0,2020/07/09 00:00:00+00,N,Raining,Wet,Daylight,NA,N
218323,Block,47TH AVE NE BETWEEN NE 54TH ST AND SAND POINT WAY NE,1,Property Damage Only Collision,NA,2,0,0,0,0,0,0,2020/02/03 00:00:00+00,NA,NA,NA,NA,NA,N
218324,Block,1ST AV S BR NB BETWEEN EAST MARGINAL WAY S AND 1ST AV S NB OFF RP,1,Property Damage Only Collision,Rear Ended,2,0,0,2,0,0,0,2020/07/11 00:00:00+00,N,Clear,Dry,Daylight,Y,N
218326,Block,N 103RD ST BETWEEN 1ST AVE NW AND GREENWOOD AVE N,1,Property Damage Only Collision,NA,2,0,0,0,0,0,0,2020/08/26 00:00:00+00,NA,NA,NA,NA,NA,Y
218327,Block,15TH AVE W BETWEEN 15TH EMERSON RP AND W EMERSON ST,2,Injury Collision,Angles,3,0,0,2,1,0,0,2020/06/29 00:00:00+00,N,Clear,Dry,Daylight,NA,N
218328,Block,32ND AVE S BETWEEN S ANGELINE ST AND S EDMUNDS ST,0,Unknown,NA,0,0,0,0,0,0,0,2020/07/22 00:00:00+00,NA,NA,NA,NA,NA,N
218329,Block,15TH AVE W BETWEEN 15TH EMERSON RP AND W EMERSON ST,1,Property Damage Only Collision,Sideswipe,2,0,0,2,0,0,0,2020/07/28 00:00:00+00,N,Overcast,Dry,Daylight,NA,N
218330,Intersection,CORLISS WAY N AND NE 80TH ST,1,Property Damage Only Collision,Other,1,0,0,1,0,0,0,2020/02/16 00:00:00+00,N,Overcast,Wet,Daylight,Y,N
218331,Block,M L KING JR ER WAY S BETWEEN S HOLLY ST AND S WILLOW ST,2,Injury Collision,Other,2,0,0,1,1,0,0,2020/07/14 00:00:00+00,N,Clear,Dry,Daylight,NA,N
218332,Intersection,BELLEVUE AVE E AND E MERCER ST,2,Injury Collision,Angles,2,0,0,2,1,0,0,2020/07/10 00:00:00+00,N,Clear,Dry,Daylight,NA,N
218333,Block,DELRIDGE WAY SW BETWEEN SW WEBSTER ST AND 21ST AVE SW TURN RD,1,Property Damage Only Collision,Angles,2,0,0,2,0,0,0,2020/10/13 00:00:00+00,N,Overcast,Wet,Daylight,NA,N
218334,Block,GREENWOOD AVE N BETWEEN N 79TH ST AND N 80TH ST,2,Injury Collision,Parked Car,2,0,0,2,1,0,0,2020/10/05 00:00:00+00,N,Clear,Dry,Daylight,NA,N
218335,NA,NA,0,Unknown,NA,0,0,0,0,0,0,0,2020/09/25 00:00:00+00,NA,NA,NA,NA,NA,Y
218336,Block,STONE AVE N BETWEEN N 131ST ST AND N 135TH ST,2,Injury Collision,Angles,2,0,0,2,1,0,0,2020/07/03 00:00:00+00,N,Clear,Dry,Daylight,NA,N
218337,Block,SW SPOKANE ST BETWEEN S SPOKANE ST AND SW KLICKITAT SR WAY,2b,Serious Injury Collision,NA,3,0,0,0,1,0,0,2020/10/10 00:00:00+00,NA,NA,NA,NA,NA,N
218338,Block,FREMONT AVE N BETWEEN N 85TH ST AND N 86TH ST,1,Property Damage Only Collision,NA,1,0,0,0,0,0,0,2020/08/10 00:00:00+00,NA,NA,NA,NA,NA,N
218339,Block,AURORA AVE N BETWEEN KEEN WAY N AND WINONA AVE N,1,Property Damage Only Collision,NA,2,0,0,0,0,0,0,2020/09/29 00:00:00+00,NA,NA,NA,NA,NA,N
218340,Block,AIRPORT WAY S BETWEEN S BRADFORD ST AND S ANDOVER ST,1,Property Damage Only Collision,Left Turn,3,0,0,2,0,0,0,2020/08/17 00:00:00+00,N,Clear,Dry,Daylight,NA,N
218341,Block,AURORA AVE N BETWEEN N 117TH PL AND N 125TH ST,2,Injury Collision,NA,2,0,0,0,1,0,0,2020/07/23 00:00:00+00,NA,NA,NA,NA,NA,N
218342,Block,LAKE CITY WAY NE BETWEEN NE 127TH ST AND NE 130TH ST,1,Property Damage Only Collision,Parked Car,2,0,0,2,0,0,0,2020/01/19 00:00:00+00,N,Clear,Dry,Dark - Street Lights Off,NA,N
218343,Intersection,ROOSEVELT WAY NE AND NE 75TH ST,2,Injury Collision,Angles,2,0,0,2,1,0,0,2020/08/13 00:00:00+00,N,Clear,Dry,Daylight,NA,N
218344,Block,NE 75TH ST BETWEEN LAKE CITY WAY NE AND 11TH AVE NE,2,Injury Collision,Rear Ended,3,0,0,2,1,0,0,2020/06/14 00:00:00+00,N,Clear,Dry,Dark - Street Lights On,NA,N
218345,Block,7TH AVE NE BETWEEN NE 45TH ST AND NE 45TH ST ON RP,0,Unknown,NA,0,0,0,0,0,0,0,2020/08/01 00:00:00+00,NA,NA,NA,NA,NA,N
218346,Intersection,BROOKLYN AVE NE AND NE 50TH ST,1,Property Damage Only Collision,Angles,2,0,0,2,0,0,0,2020/08/24 00:00:00+00,N,Clear,Dry,Dusk,NA,N
218347,Block,44TH AVE SW BETWEEN SW JUNEAU ST AND SW RAYMOND ST,1,Property Damage Only Collision,NA,2,0,0,0,0,0,0,2020/06/24 00:00:00+00,NA,NA,NA,NA,NA,Y
218348,Block,21ST AVE S BETWEEN S LUCILE ST AND S ORCAS ST,0,Unknown,NA,0,0,0,0,0,0,0,2020/09/05 00:00:00+00,NA,NA,NA,NA,NA,Y
218349,Block,FRANKLIN AVE E BETWEEN E BOSTON ST AND E LYNN ST,1,Property Damage Only Collision,Parked Car,2,0,0,2,0,0,0,2020/08/17 00:00:00+00,N,Clear,Dry,Daylight,NA,Y
218350,Intersection,M L KING JR WR WAY S AND S NORFOLK ST,1,Property Damage Only Collision,Rear Ended,2,0,0,2,0,0,0,2020/06/29 00:00:00+00,N,Clear,Dry,Daylight,Y,N
218351,Block,OCCIDENTAL AVE S BETWEEN YESLER WAY AND S WASHINGTON ST,1,Property Damage Only Collision,Parked Car,3,0,0,2,0,0,0,2020/01/31 00:00:00+00,N,Clear,Wet,Dark - Street Lights On,NA,Y
218352,Block,AURORA AVE N BETWEEN N 127TH ST AND N 128TH ST,1,Property Damage Only Collision,Sideswipe,2,0,0,2,0,0,0,2020/08/23 00:00:00+00,N,Clear,Dry,Dark - Street Lights On,NA,N
218354,Intersection,6TH AVE AND YESLER WAY,1,Property Damage Only Collision,Angles,2,0,0,2,0,0,0,2020/08/15 00:00:00+00,N,Clear,Dry,Dark - Street Lights On,NA,Y
218355,Block,SUMMIT AVE BETWEEN SPRING ST AND SENECA ST,2,Injury Collision,Cycles,2,0,1,1,1,0,0,2020/08/12 00:00:00+00,N,Clear,Dry,Daylight,NA,N
218356,Block,LAKE WASHINGTON BLVD S BETWEEN 50TH AVE S AND 51ST AVE S,2b,Serious Injury Collision,Head On,3,0,0,2,1,1,0,2020/07/16 00:00:00+00,N,Clear,Dry,Dark - No Street Lights,NA,N
218357,Intersection,CALIFORNIA AVE SW AND SW STEVENS ST,2,Injury Collision,Cycles,2,0,1,1,1,0,0,2020/08/04 00:00:00+00,N,Clear,Dry,Daylight,NA,N
218358,Intersection,BEACON ER AVE S AND S COLUMBIAN WAY,1,Property Damage Only Collision,Right Turn,2,0,0,2,0,0,0,2020/07/06 00:00:00+00,N,Clear,Dry,Daylight,NA,N
218359,Block,1ST AV S BR NB BETWEEN POINT A AND SR509 NB,2,Injury Collision,Rear Ended,2,0,0,2,1,0,0,2020/09/01 00:00:00+00,N,Clear,Dry,Daylight,Y,N
218360,Intersection,HIGHLAND PARK WAY SW AND WEST MARGINAL WAY SW,1,Property Damage Only Collision,Other,1,0,0,1,0,0,0,2020/09/24 00:00:00+00,N,Raining,Wet,Daylight,NA,N
218361,Intersection,43RD AVE NE AND NE 41ST ST,1,Property Damage Only Collision,Angles,2,0,0,2,0,0,0,2020/06/25 00:00:00+00,N,Clear,Dry,Daylight,NA,N
218362,Block,1ST AVE BETWEEN MARION ST AND MADISON ST,2,Injury Collision,Angles,2,0,0,2,1,0,0,2020/09/25 00:00:00+00,N,Raining,Wet,Daylight,NA,N
218363,Block,NE NORTHGATE WAY BETWEEN 1ST AVE NE AND NE NORTHGATE DR,1,Property Damage Only Collision,NA,2,0,0,0,0,0,0,2020/10/08 00:00:00+00,NA,NA,NA,NA,NA,N
218364,Block,NW 77TH ST BETWEEN 18TH AVE NW AND 19TH AVE NW,0,Unknown,NA,0,0,0,0,0,0,0,2020/06/22 00:00:00+00,NA,NA,NA,NA,NA,Y
218365,Block,6TH AVE S BETWEEN S MAIN ST AND S JACKSON ST,1,Property Damage Only Collision,Parked Car,2,0,0,2,0,0,0,2020/05/27 00:00:00+00,N,Clear,Dry,Daylight,NA,Y
218366,Block,MONTLAKE BR BETWEEN POINT A AND NE PACIFIC ST,1,Property Damage Only Collision,NA,2,0,0,0,0,0,0,2020/09/12 00:00:00+00,NA,NA,NA,NA,NA,N
218367,Intersection,HIGHLAND PARK WAY SW AND WEST MARGINAL WAY SW,0,Unknown,NA,0,0,0,0,0,0,0,2020/09/01 00:00:00+00,NA,NA,NA,NA,NA,N
218368,Block,FAUNTLEROY WAY SW BETWEEN SW EDMUNDS ST AND SW HUDSON ST,1,Property Damage Only Collision,Parked Car,5,0,0,5,0,0,0,2020/08/10 00:00:00+00,N,Clear,Dry,Dark - Street Lights On,NA,Y
218369,Intersection,GREEN LAKE DR N AND N 80TH ST,2,Injury Collision,Cycles,2,0,1,1,2,0,0,2020/01/16 00:00:00+00,N,Clear,Wet,Daylight,NA,N
218370,Block,UNIVERSITY BR ON RP BETWEEN NE 40 UPPER ST AND NE CAMPUS WB PY,1,Property Damage Only Collision,NA,2,0,0,0,0,0,0,2020/08/13 00:00:00+00,NA,NA,NA,NA,NA,N
218371,Intersection,24TH AVE NW AND NW MARKET ST,1,Property Damage Only Collision,NA,2,0,0,0,0,0,0,2020/08/01 00:00:00+00,NA,NA,NA,NA,NA,N
218372,Intersection,17TH AVE SW AND SW ROXBURY ST,1,Property Damage Only Collision,Rear Ended,2,0,0,2,0,0,0,2020/06/01 00:00:00+00,N,Clear,Dry,Dark - Street Lights On,NA,N
218373,Block,SW AVALON WAY BETWEEN SW GENESEE ST AND 35TH AVE SW,0,Unknown,NA,0,0,0,0,0,0,0,2020/09/10 00:00:00+00,NA,NA,NA,NA,NA,Y
218374,Block,S DEARBORN ST BETWEEN M L KING JR WAY S AND 28TH S AVE S,1,Property Damage Only Collision,Parked Car,2,0,0,2,0,0,0,2020/05/11 00:00:00+00,N,Clear,Dry,Daylight,NA,N
218375,Block,1ST AVE W BETWEEN W BLAINE ST AND W HOWE ST,0,Unknown,NA,2,0,0,0,0,0,0,2020/10/08 00:00:00+00,NA,NA,NA,NA,NA,Y
218376,Intersection,RAINIER AVE S AND S GRAHAM ST,2,Injury Collision,NA,3,0,0,0,2,0,0,2020/09/17 00:00:00+00,NA,NA,NA,NA,NA,N
218377,Block,5TH AVE BETWEEN WALL ST AND VINE ST,1,Property Damage Only Collision,Parked Car,2,0,0,2,0,0,0,2020/09/03 00:00:00+00,N,Clear,Dry,Daylight,NA,N
218378,Intersection,PHINNEY AVE N AND N 39TH ST,1,Property Damage Only Collision,Angles,4,0,0,2,0,0,0,2020/10/13 00:00:00+00,N,Clear,Dry,Daylight,NA,N
218379,Block,MONTLAKE BLVD NE BETWEEN 25TH AVE NE AND NE 44TH ST,1,Property Damage Only Collision,Other,2,0,0,2,0,0,0,2020/06/28 00:00:00+00,N,Clear,Dry,Daylight,NA,N
218380,Intersection,30TH AVE NE AND NE 125TH ST,1,Property Damage Only Collision,Angles,2,0,0,2,0,0,0,2020/02/02 00:00:00+00,N,Overcast,Wet,Dark - Street Lights On,NA,N
218381,Block,15TH AVE NW BETWEEN NW 83RD ST AND NW 85TH ST,1,Property Damage Only Collision,Rear Ended,2,0,0,2,0,0,0,2020/06/27 00:00:00+00,N,Raining,Wet,Daylight,NA,N
218382,Block,N 145TH ST BETWEEN WHITMAN AVE N AND AURORA AVE N,2,Injury Collision,Pedestrian,2,1,0,1,1,0,0,2020/09/13 00:00:00+00,N,Clear,Dry,Daylight,NA,N
218383,Intersection,FRANKLIN AVE E AND E HOWE ST,1,Property Damage Only Collision,Parked Car,2,0,0,2,0,0,0,2020/08/12 00:00:00+00,N,Clear,Dry,Daylight,NA,N
218384,Block,RENTON AVE S BETWEEN S TRENTON ST AND S HENDERSON ST,0,Unknown,NA,0,0,0,0,0,0,0,2020/07/12 00:00:00+00,NA,NA,NA,NA,NA,Y
218385,Intersection,M L KING JR WR WAY S AND S HOLLY ST,1,Property Damage Only Collision,NA,2,0,0,0,0,0,0,2020/06/22 00:00:00+00,NA,NA,NA,NA,NA,N
218386,Block,WESTERN AVE BETWEEN VINE ST AND CEDAR ST,0,Unknown,NA,0,0,0,0,0,0,0,2020/07/11 00:00:00+00,NA,NA,NA,NA,NA,Y
218387,Intersection,CARLETON AVE S AND S BAILEY ST,1,Property Damage Only Collision,NA,1,0,0,0,0,0,0,2020/08/01 00:00:00+00,NA,NA,NA,NA,NA,N
218388,Intersection,AURORA AVE N AND N NORTHGATE WAY,2,Injury Collision,Pedestrian,2,1,0,1,1,0,0,2020/07/06 00:00:00+00,N,Clear,Dry,Daylight,NA,N
218389,Block,S MICHIGAN ST BETWEEN 7TH AVE S AND CORSON AVE S,1,Property Damage Only Collision,Sideswipe,3,0,0,2,0,0,0,2020/08/21 00:00:00+00,N,Raining,Wet,Daylight,NA,N
218390,Block,WEST MARGINAL WAY SW BETWEEN SW FRONT ST AND HIGHLAND PARK WAY SW,1,Property Damage Only Collision,Other,1,0,0,1,0,0,0,2020/09/05 00:00:00+00,N,Clear,Dry,Daylight,NA,N
218391,Intersection,4TH AVE S AND S JACKSON ST,2,Injury Collision,Angles,5,0,0,2,1,0,0,2020/09/15 00:00:00+00,N,Fog/Smog/Smoke,Dry,Dusk,NA,N
218393,Block,BIGELOW AVE N BETWEEN BLAINE ST AND NEWTON ST,0,Unknown,NA,1,0,0,0,0,0,0,2020/08/26 00:00:00+00,NA,NA,NA,NA,NA,Y
218394,Block,SPRING ST BETWEEN 4TH AVE AND 5TH AVE,1,Property Damage Only Collision,Sideswipe,6,0,0,2,0,0,0,2020/08/23 00:00:00+00,N,Clear,Dry,Dark - Street Lights On,NA,N
218395,Intersection,BOREN AVE AND UNION ST,2,Injury Collision,Rear Ended,3,0,0,2,1,0,0,2020/08/01 00:00:00+00,N,Clear,Dry,Dark - Street Lights On,NA,N
218397,Block,E OLIVE WAY BETWEEN E HOWELL ST AND E DENNY WAY,1,Property Damage Only Collision,Parked Car,2,0,0,2,0,0,0,2020/06/25 00:00:00+00,N,Clear,Dry,Unknown,NA,N
218399,Block,RAINIER AVE S BETWEEN 75TH AVE S AND CITY LIMITS,2,Injury Collision,Other,1,0,0,1,1,0,0,2020/07/12 00:00:00+00,N,Overcast,Dry,Dawn,NA,N
218400,Block,S ORCAS ST BETWEEN JUNEAU TER S AND RENTON AVE S,1,Property Damage Only Collision,Parked Car,2,0,0,2,0,0,0,2020/07/08 00:00:00+00,N,Overcast,Dry,Dawn,NA,Y
218401,Intersection,5TH AVE AND BLANCHARD ST,2,Injury Collision,Left Turn,2,0,0,2,1,0,0,2020/08/21 00:00:00+00,N,Overcast,Dry,Daylight,NA,N
218402,Block,N 107TH ST BETWEEN MERIDIAN AVE N AND BAGLEY AVE N,1,Property Damage Only Collision,NA,1,0,0,0,0,0,0,2020/07/29 00:00:00+00,NA,NA,NA,NA,NA,Y
218403,NA,NA,0,Unknown,NA,0,0,0,0,0,0,0,2020/07/08 00:00:00+00,NA,NA,NA,NA,NA,N
218404,Block,6TH AVE S BETWEEN S WASHINGTON ST AND S MAIN ST,1,Property Damage Only Collision,Other,2,0,0,1,0,0,0,2020/10/11 00:00:00+00,N,Overcast,Dry,Dark - Street Lights On,NA,N
218405,Intersection,8TH AVE NW AND NW 80TH ST,2,Injury Collision,Cycles,3,0,1,1,1,0,0,2020/09/02 00:00:00+00,N,Clear,Dry,Daylight,NA,N
218406,Intersection,8TH AVE NW AND NW 85TH ST,2,Injury Collision,Sideswipe,5,0,0,4,1,0,0,2020/07/04 00:00:00+00,N,Clear,Dry,Daylight,NA,N
218407,Intersection,ROOSEVELT WAY NE AND NE 42ND S ST,1,Property Damage Only Collision,Sideswipe,2,0,0,2,0,0,0,2020/09/03 00:00:00+00,N,Clear,Dry,Daylight,NA,N
218408,Block,JAMES ST BETWEEN 9TH AVE AND TERRY AVE,1,Property Damage Only Collision,Rear Ended,2,0,0,2,0,0,0,2020/05/22 00:00:00+00,N,Clear,Dry,Daylight,NA,N
218410,Block,20TH AVE S BETWEEN S NYE PL AND S CHARLES ST,1,Property Damage Only Collision,Parked Car,3,0,0,3,0,0,0,2020/07/12 00:00:00+00,N,Clear,Dry,Dark - Street Lights On,NA,Y
218411,Block,35TH AVE NE BETWEEN NE 55TH ST AND NE 57TH ST,2,Injury Collision,Angles,3,0,0,2,1,0,0,2020/08/07 00:00:00+00,N,Clear,Dry,Daylight,NA,N
218412,Block,NE 55TH ST BETWEEN SAND POINT WAY NE AND 54TH AVE NE,1,Property Damage Only Collision,Parked Car,3,0,0,2,0,0,0,2020/01/30 00:00:00+00,N,Clear,Wet,Dark - Street Lights On,NA,Y
218413,Intersection,51ST AVE S AND S RYAN WAY,1,Property Damage Only Collision,Angles,2,0,0,2,0,0,0,2020/09/28 00:00:00+00,N,Clear,Dry,Daylight,NA,N
218415,Block,EAST MARGINAL WAY S BETWEEN S FIDALGO ST AND 1ST AVE S,1,Property Damage Only Collision,Left Turn,5,0,0,2,0,0,0,2020/08/20 00:00:00+00,N,Clear,Dry,Daylight,NA,N
218416,Intersection,AURORA AVE N AND N 135TH ST,2,Injury Collision,Rear Ended,2,0,0,2,1,0,0,2020/05/29 00:00:00+00,N,Clear,Dry,Dark - Street Lights On,NA,N
218417,Block,E MCGILVRA ST BETWEEN 42ND AVE E AND 43RD AVE E,1,Property Damage Only Collision,NA,1,0,0,0,0,0,0,2020/08/02 00:00:00+00,NA,NA,NA,NA,NA,Y
218418,Intersection,RAINIER AVE S AND S HOLDEN ST,2,Injury Collision,Angles,3,0,0,2,1,0,0,2020/06/10 00:00:00+00,N,Overcast,Wet,Daylight,NA,N
218419,Intersection,4TH AVE S AND S JACKSON ST,1,Property Damage Only Collision,Angles,2,0,0,2,0,0,0,2020/07/15 00:00:00+00,N,Clear,Dry,Daylight,NA,N
218420,Block,N 96TH ST BETWEEN LINDEN AVE N AND AURORA N AVE N,0,Unknown,NA,0,0,0,0,0,0,0,2020/10/06 00:00:00+00,NA,NA,NA,NA,NA,Y
218421,Block,JOHN ST BETWEEN 1ST AVE N AND WARREN AVE N,1,Property Damage Only Collision,Parked Car,2,0,0,2,0,0,0,2020/09/10 00:00:00+00,N,Fog/Smog/Smoke,Dry,Daylight,NA,N
218422,Block,RAINIER AVE S BETWEEN S ADAMS ST AND S GENESEE N ST,1,Property Damage Only Collision,NA,2,0,0,0,0,0,0,2020/10/13 00:00:00+00,NA,NA,NA,NA,NA,N
218423,Block,DEXTER AVE N BETWEEN WHEELER ST AND HALLADAY ST,1,Property Damage Only Collision,Other,1,0,0,1,0,0,0,2020/07/19 00:00:00+00,N,Clear,Dry,Daylight,NA,N
218424,Intersection,1ST AVE AND MARION ST,1,Property Damage Only Collision,Angles,3,0,0,2,0,0,0,2020/10/12 00:00:00+00,N,Overcast,Wet,Daylight,NA,N
218425,Block,8TH AVE NE BETWEEN WEEDIN PL NE AND NE 67TH ST,0,Unknown,NA,0,0,0,0,0,0,0,2020/08/06 00:00:00+00,NA,NA,NA,NA,NA,Y
218426,Block,AURORA AVE N BETWEEN N 130TH ST AND N 135TH ST,2,Injury Collision,Rear Ended,2,0,0,2,2,0,0,2020/06/07 00:00:00+00,N,Clear,Wet,Daylight,NA,N
218427,Block,9TH AVE BETWEEN ALDER ST AND JEFFERSON ST,2,Injury Collision,Pedestrian,2,1,0,1,1,0,0,2020/07/29 00:00:00+00,N,Clear,Dry,Dark - Street Lights On,NA,N
218428,Intersection,AURORA AVE N AND N 117TH PL,1,Property Damage Only Collision,Left Turn,3,0,0,2,0,0,0,2020/08/24 00:00:00+00,N,Clear,Dry,Daylight,NA,N
218429,Intersection,2ND AVE SW AND HIGHLAND PARK WAY SW,1,Property Damage Only Collision,Rear Ended,6,0,0,4,0,0,0,2020/07/29 00:00:00+00,N,Clear,Dry,Daylight,NA,N
218430,Intersection,MALDEN AVE E AND E HARRISON ST,1,Property Damage Only Collision,Angles,3,0,0,2,0,0,0,2020/01/17 00:00:00+00,N,Overcast,Wet,Daylight,NA,N
218431,Block,RENTON AVE S BETWEEN S BARTON ST AND S FLETCHER ST,1,Property Damage Only Collision,Parked Car,4,0,0,4,0,0,0,2020/08/21 00:00:00+00,N,Other,Unknown,Dark - Street Lights On,NA,Y
218432,Intersection,BROOKLYN AVE NE AND NE 65TH ST,2b,Serious Injury Collision,Angles,3,1,0,2,3,1,0,2020/08/02 00:00:00+00,N,Clear,Dry,Daylight,NA,N
218433,Block,N 104TH ST BETWEEN LINDEN AVE N AND AURORA AVE N,0,Unknown,NA,2,0,0,0,0,0,0,2020/07/20 00:00:00+00,NA,NA,NA,NA,NA,Y
218434,Intersection,5TH AVE AND SENECA ST,1,Property Damage Only Collision,Other,2,0,0,2,0,0,0,2020/07/16 00:00:00+00,N,Clear,Dry,Daylight,NA,N
218435,Block,SW AVALON WAY BETWEEN 30TH AVE SW AND SW GENESEE ST,1,Property Damage Only Collision,Head On,3,0,0,2,0,0,0,2020/06/08 00:00:00+00,N,Clear,Dry,Dawn,NA,N
218436,Intersection,3RD AVE NW AND NW 120TH ST,2,Injury Collision,Angles,3,0,0,2,3,0,0,2020/09/11 00:00:00+00,N,Clear,Dry,Daylight,NA,N
218438,Block,NE 42ND ST BETWEEN 9TH AVE NE AND ROOSEVELT S WAY NE,1,Property Damage Only Collision,Parked Car,2,0,0,2,0,0,0,2020/09/10 00:00:00+00,N,Clear,Dry,Daylight,NA,N
218440,Block,S HOLGATE ST BETWEEN 1ST AVE S AND OCCIDENTAL AVE S,3,Fatality Collision,NA,2,0,0,0,0,0,1,2020/10/02 00:00:00+00,NA,NA,NA,NA,NA,N
218441,Alley,NA,1,Property Damage Only Collision,Other,1,0,0,1,0,0,0,2020/06/13 00:00:00+00,N,Overcast,Dry,Daylight,NA,N
218442,Block,LAKE PARK DR S BETWEEN LAKE WASHINGTON BLVD S AND SHORELAND DR S,2,Injury Collision,Other,5,0,0,1,3,0,0,2020/08/23 00:00:00+00,N,Clear,Dry,Dusk,NA,N
218444,Intersection,9TH AVE SW AND SW ROXBURY ST,1,Property Damage Only Collision,Sideswipe,2,0,0,2,0,0,0,2020/06/26 00:00:00+00,N,Clear,Dry,Daylight,NA,N
218446,Intersection,SWIFT AVE S AND S GRAHAM ST,2,Injury Collision,Left Turn,7,0,0,3,4,0,0,2020/09/02 00:00:00+00,N,Clear,Dry,Daylight,NA,N
218447,Intersection,14TH AVE S AND S OREGON ST,1,Property Damage Only Collision,Angles,3,0,0,2,0,0,0,2020/07/19 00:00:00+00,N,Clear,Dry,Daylight,NA,N
218448,Intersection,5TH AVE S AND S WELLER ST,0,Unknown,NA,0,0,0,0,0,0,0,2020/07/12 00:00:00+00,NA,NA,NA,NA,NA,Y
218449,Block,1ST AVE S BETWEEN S JACKSON ST AND S KING ST,1,Property Damage Only Collision,Rear Ended,2,0,0,2,0,0,0,2020/06/22 00:00:00+00,N,Clear,Dry,Daylight,NA,N
218450,Block,RENTON AVE S BETWEEN S FOUNTAIN ST AND S FOUNTAIN PL,2,Injury Collision,Rear Ended,2,0,0,2,1,0,0,2020/10/03 00:00:00+00,N,Overcast,Dry,Daylight,NA,N
218451,Block,HARBOR AVE SW BETWEEN ALKI AVE SW AND SW CALIFORNIA PL,1,Property Damage Only Collision,Parked Car,4,0,0,3,0,0,0,2020/06/22 00:00:00+00,N,Clear,Dry,Dusk,NA,Y
218452,Intersection,3RD AVE AND SPRING ST,2,Injury Collision,Pedestrian,2,1,0,1,1,0,0,2020/07/20 00:00:00+00,N,Clear,Dry,Dark - Street Lights On,NA,N
218453,Intersection,MIDVALE AVE N AND N 145TH ST,2,Injury Collision,Angles,2,0,0,2,1,0,0,2020/06/10 00:00:00+00,N,Clear,Dry,Daylight,NA,N
218454,Intersection,RENTON AVE S AND S CLOVERDALE ST,2,Injury Collision,Angles,2,0,0,2,1,0,0,2020/09/13 00:00:00+00,N,Clear,Dry,Daylight,NA,N
218455,Intersection,3RD AVE NW AND NW 77TH ST,2,Injury Collision,Cycles,3,0,1,1,1,0,0,2020/07/13 00:00:00+00,N,Clear,Dry,Daylight,NA,N
218456,Block,5TH AVE BETWEEN PINE ST AND OLIVE WAY,1,Property Damage Only Collision,Left Turn,3,0,0,2,0,0,0,2020/06/25 00:00:00+00,N,Clear,Dry,Daylight,NA,N
218457,Block,S JACKSON ST BETWEEN 12TH AVE S AND 14TH AVE S,2,Injury Collision,Pedestrian,2,1,0,1,1,0,0,2020/09/10 00:00:00+00,N,Clear,Dry,Daylight,NA,N