OBJECTID,ADDRTYPE,LOCATION,SEVERITYCODE,SEVERITYDESC,COLLISIONTYPE,PERSONCOUNT,PEDCOUNT,PEDCYLCOUNT,VEHCOUNT,INJURIES,SERIOUSINJURIES,FATALITIES,INCDATE,UNDERINFL,WEATHER,ROADCOND,LIGHTCOND,SPEEDING,HITPARKEDCAR
218607,Intersection,5TH AVE NE AND NE 145TH ST,1,Property Damage Only Collision,Angles,4,0,0,3,0,0,0,2020/09/05 00:00:00+00,N,Clear,Dry,Daylight,NA,N
218608,Intersection,BEACON WR AVE S AND S WARSAW ST,2,Injury Collision,Angles,5,0,0,2,1,0,0,2020/09/27 00:00:00+00,N,Clear,Dry,Daylight,NA,N
218610,Block,UNIVERSITY WAY NE BETWEEN NE 52ND ST AND NE 55TH ST,1,Property Damage Only Collision,Parked Car,7,0,0,2,0,0,0,2020/08/28 00:00:00+00,N,Clear,Dry,Dark - Street Lights On,NA,N
218611,Intersection,HIGHLAND PARK WAY SW AND SW HOLDEN N ST,1,Property Damage Only Collision,Rear Ended,4,0,0,2,0,0,0,2020/07/09 00:00:00+00,N,Clear,Dry,Daylight,NA,N
218612,Block,GREENWOOD AVE N BETWEEN N 134TH ST AND N 136TH ST,1,Property Damage Only Collision,Rear Ended,2,0,0,2,0,0,0,2020/08/08 00:00:00+00,N,Clear,Dry,Daylight,NA,Y
218613,Block,S GENESEE ST BETWEEN 42ND AVE S AND 43RD AVE S,1,Property Damage Only Collision,Head On,2,0,0,2,0,0,0,2020/09/10 00:00:00+00,N,Clear,Dry,Dark - Street Lights On,NA,N
218614,Block,9TH AVE BETWEEN ALDER ST AND JEFFERSON ST,1,Property Damage Only Collision,Parked Car,2,0,0,2,0,0,0,2020/09/15 00:00:00+00,N,Clear,Dry,Daylight,NA,N
218616,Block,DEXTER AVE N BETWEEN GARFIELD N ST AND HAYES ST,0,Unknown,NA,0,0,0,0,0,0,0,2020/10/14 00:00:00+00,NA,NA,NA,NA,NA,Y
218617,Intersection,DENNY WAY AND DEXTER AVE,2,Injury Collision,Left Turn,4,0,0,2,1,0,0,2020/01/03 00:00:00+00,N,Clear,Dry,Dark - Street Lights On,NA,N
218618,Intersection,REPUBLICAN ST AND TERRY AVE N,1,Property Damage Only Collision,Angles,2,0,0,2,0,0,0,2020/08/11 00:00:00+00,N,Clear,Dry,Daylight,NA,N
218619,Intersection,1ST AVE S AND S STACY ST,2,Injury Collision,Other,1,0,0,1,1,0,0,2020/08/09 00:00:00+00,N,Clear,Dry,Daylight,NA,N
218620,Intersection,30TH AVE SW AND SW BARTON ST,1,Property Damage Only Collision,NA,2,0,0,0,0,0,0,2020/08/17 00:00:00+00,NA,NA,NA,NA,NA,N
218621,Block,23RD AVE NW BETWEEN NW 65TH ST AND NW 67TH ST,0,Unknown,Pedestrian,3,2,0,1,0,0,0,2020/05/06 00:00:00+00,N,Clear,Wet,Daylight,Y,Y
218622,Block,EAST MARGINAL WAY S BETWEEN S MEAD ST AND S FIDALGO ST,2b,Serious Injury Collision,Left Turn,2,0,0,2,2,1,0,2020/07/08 00:00:00+00,N,Clear,Dry,Daylight,NA,N
218623,Block,BALLARD BR BETWEEN 15TH AVE W AND POINT A,1,Property Damage Only Collision,NA,2,0,0,0,0,0,0,2020/09/19 00:00:00+00,NA,NA,NA,NA,NA,N
218624,Block,MERCER NR ST BETWEEN 9TH AVE N AND WESTLAKE AVE N,1,Property Damage Only Collision,Right Turn,2,0,0,2,0,0,0,2020/08/11 00:00:00+00,N,Clear,Dry,Daylight,NA,N
218625,Block,SWIFT AVE S BETWEEN COVELLO W DR S AND COVELLO E DR S,1,Property Damage Only Collision,Sideswipe,2,0,0,2,0,0,0,2020/07/12 00:00:00+00,N,Clear,Dry,Daylight,NA,N
218626,Block,S BARTON PL BETWEEN 50TH S AVE S AND 51ST AVE S,1,Property Damage Only Collision,Parked Car,3,0,0,2,0,0,0,2020/04/26 00:00:00+00,N,Clear,Dry,Daylight,NA,N
218627,Block,5TH AVE BETWEEN BELL ST AND BATTERY ST,1,Property Damage Only Collision,Parked Car,3,0,0,3,0,0,0,2020/09/26 00:00:00+00,N,Overcast,Dry,Dark - Street Lights On,NA,N
218628,Block,S DEARBORN ST BETWEEN DEARBORN ST OFF RP AND 13TH AVE S,1,Property Damage Only Collision,Rear Ended,3,0,0,2,0,0,0,2020/09/01 00:00:00+00,N,Clear,Dry,Daylight,NA,N
218629,Intersection,AURORA AVE N AND N NORTHGATE WAY,1,Property Damage Only Collision,Rear Ended,2,0,0,2,0,0,0,2020/06/26 00:00:00+00,N,Clear,Dry,Daylight,NA,N
218630,Block,23RD AVE BETWEEN E TERRACE ST AND E JEFFERSON ST,1,Property Damage Only Collision,Rear Ended,3,0,0,2,0,0,0,2020/09/06 00:00:00+00,N,Clear,Dry,Daylight,NA,N
218631,Block,22ND AVE S BETWEEN S CHARLES ST AND S NORMAN ST,0,Unknown,NA,2,0,0,0,0,0,0,2020/08/09 00:00:00+00,NA,NA,NA,NA,NA,Y
218632,Intersection,PHINNEY AVE N AND N 46TH ST,1,Property Damage Only Collision,Rear Ended,3,0,0,2,0,0,0,2020/07/11 00:00:00+00,N,Clear,Dry,Daylight,NA,N
218633,Intersection,2ND AVE N AND ROY ST,1,Property Damage Only Collision,Angles,2,0,0,2,0,0,0,2020/02/07 00:00:00+00,N,Raining,Wet,Dark - Street Lights On,NA,N
218634,Intersection,21ST AVE SW TURN RD AND DELRIDGE WAY SW,1,Property Damage Only Collision,Rear Ended,3,0,0,2,0,0,0,2020/08/19 00:00:00+00,N,Clear,Dry,Dark - Street Lights On,NA,N
218636,Block,NW 59TH ST BETWEEN 8TH AVE NW AND 9TH AVE NW,0,Unknown,NA,2,0,0,0,0,0,0,2020/08/30 00:00:00+00,NA,NA,NA,NA,NA,N
218637,Block,56TH AVE S BETWEEN S FLETCHER ST AND S ROXBURY E ST,1,Property Damage Only Collision,NA,2,0,0,0,0,0,0,2020/08/09 00:00:00+00,NA,NA,NA,NA,NA,N
218638,Block,31ST AVE S BETWEEN S MASSACHUSETTS ST AND S GRAND ST,2,Injury Collision,Parked Car,2,0,0,2,1,0,0,2020/07/02 00:00:00+00,N,Overcast,Dry,Daylight,NA,Y
218639,Intersection,51ST AVE S AND RAINIER AVE S,2,Injury Collision,NA,2,0,0,0,1,0,0,2020/07/31 00:00:00+00,NA,NA,NA,NA,NA,N
218640,Block,S OTHELLO ST BETWEEN RAINIER AVE S AND SEWARD PARK AVE S,2,Injury Collision,Rear Ended,3,0,0,2,2,0,0,2020/07/01 00:00:00+00,N,Clear,Dry,Daylight,NA,N
218641,Block,SW HENDERSON ST BETWEEN 17TH AVE SW AND 18TH AVE SW,2,Injury Collision,Angles,3,0,0,3,1,0,0,2020/09/27 00:00:00+00,N,Clear,Dry,Daylight,NA,N
218642,Intersection,M L KING JR WR WAY S AND S ALASKA ST,1,Property Damage Only Collision,Sideswipe,2,0,0,2,0,0,0,2020/09/22 00:00:00+00,N,Clear,Dry,Daylight,NA,N
218643,Intersection,CORSON AVE S AND S MICHIGAN ST,2,Injury Collision,Rear Ended,2,0,0,2,1,0,0,2020/04/25 00:00:00+00,N,Clear,Dry,Daylight,NA,N
218644,Block,32ND AVE NE BETWEEN NE 123RD ST AND NE 125TH ST,1,Property Damage Only Collision,Parked Car,5,0,0,5,0,0,0,2020/06/23 00:00:00+00,N,Clear,Dry,Daylight,NA,Y
218645,Block,CORLISS AVE N BETWEEN N 45TH ST AND N 46TH ST,1,Property Damage Only Collision,Parked Car,2,0,0,2,0,0,0,2020/10/17 00:00:00+00,N,Overcast,Wet,Dark - Street Lights On,NA,Y
218646,Block,N 85TH ST BETWEEN LINDEN AVE N AND AURORA AVE N,0,Unknown,NA,0,0,0,0,0,0,0,2020/06/20 00:00:00+00,NA,NA,NA,NA,NA,N
218647,Intersection,19TH AVE AND E CHERRY ST,2,Injury Collision,Angles,2,0,0,2,1,0,0,2020/08/03 00:00:00+00,N,Clear,Dry,Daylight,NA,N
218648,Block,4TH AVE S BETWEEN S STACY ST AND S LANDER ST,1,Property Damage Only Collision,Rear Ended,2,0,0,2,0,0,0,2020/10/01 00:00:00+00,N,Clear,Dry,Daylight,NA,N
218650,Block,DENNY WAY BETWEEN 7TH NB AVE N AND DEXTER AVE,2,Injury Collision,Rear Ended,2,0,0,2,1,0,0,2020/07/31 00:00:00+00,N,Clear,Dry,Daylight,NA,N
218651,Block,1ST AVE S BETWEEN S SPOKANE SR ST AND S ANDOVER ST,1,Property Damage Only Collision,Other,1,0,0,1,0,0,0,2020/07/20 00:00:00+00,N,Clear,Dry,Dark - Street Lights On,NA,N
218652,Intersection,15TH AVE NW AND NW 67TH ST,2,Injury Collision,Pedestrian,2,1,0,1,1,0,0,2020/01/06 00:00:00+00,N,Raining,Wet,Dark - Street Lights On,NA,N
218653,Block,MAGNOLIA BLVD W BETWEEN W HOWE W ST AND MONTAVISTA PL W,1,Property Damage Only Collision,Parked Car,2,0,0,2,0,0,0,2020/08/05 00:00:00+00,N,Clear,Dry,Daylight,NA,N
218654,Block,S OREGON ST BETWEEN 35TH AVE S AND RAINIER AVE S,0,Unknown,NA,0,0,0,0,0,0,0,2020/08/21 00:00:00+00,NA,NA,NA,NA,NA,Y
218655,Block,M L KING JR WR WAY S BETWEEN S HOLLY ST AND S WILLOW ST,1,Property Damage Only Collision,Parked Car,2,0,0,2,0,0,0,2020/08/12 00:00:00+00,N,Clear,Dry,Daylight,NA,N
218656,Intersection,RAINIER AVE S AND S KENYON ST,2,Injury Collision,Angles,5,0,0,2,2,0,0,2020/07/05 00:00:00+00,N,Clear,Dry,Dark - Street Lights On,NA,N
218657,Block,N 85TH ST BETWEEN FREMONT AVE N AND LINDEN AVE N,1,Property Damage Only Collision,Parked Car,2,0,0,2,0,0,0,2020/10/01 00:00:00+00,N,Fog/Smog/Smoke,Dry,Daylight,NA,Y
218658,Block,N 116TH ST BETWEEN CORLISS AVE N AND DEAD END,1,Property Damage Only Collision,Other,1,0,0,1,0,0,0,2020/10/02 00:00:00+00,N,Fog/Smog/Smoke,Dry,Dark - Street Lights On,NA,N
218659,Block,WALL ST BETWEEN 4TH AVE AND 5TH AVE,2,Injury Collision,NA,1,0,0,0,1,0,0,2020/08/28 00:00:00+00,NA,NA,NA,NA,NA,N
218660,Intersection,RAINIER AVE S AND S ALASKA ST,2,Injury Collision,Angles,2,0,0,2,1,0,0,2020/06/18 00:00:00+00,N,Clear,Dry,Daylight,NA,N
218661,Intersection,EAST MARGINAL WAY S AND S FIDALGO ST,2,Injury Collision,NA,2,0,0,0,1,0,0,2020/10/20 00:00:00+00,NA,NA,NA,NA,NA,N
218662,Intersection,4TH AVE AND MARION ST,0,Unknown,NA,0,0,0,0,0,0,0,2020/06/28 00:00:00+00,NA,NA,NA,NA,NA,Y
218663,Block,WEST SEATTLE BR EB BETWEEN ALASKAN WY VI NB ON RP AND DELRIDGE-W SEATTLE BR EB ON RP,1,Property Damage Only Collision,Sideswipe,4,0,0,3,0,0,0,2020/01/22 00:00:00+00,N,Raining,Wet,Dawn,NA,N
218664,Block,11TH AVE NW BETWEEN NW 52ND ST AND NW 53RD ST,1,Property Damage Only Collision,NA,2,0,0,0,0,0,0,2020/08/26 00:00:00+00,NA,NA,NA,NA,NA,Y
218665,Block,12TH AVE S BETWEEN S KING ST AND S WELLER ST,1,Property Damage Only Collision,Parked Car,2,0,0,2,0,0,0,2020/09/30 00:00:00+00,N,Clear,Dry,Daylight,NA,Y
218666,Block,40TH AVE S BETWEEN S WEBSTER ST AND S AUSTIN ST,1,Property Damage Only Collision,Right Turn,3,0,0,2,0,0,0,2020/08/14 00:00:00+00,N,Clear,Dry,Daylight,NA,Y
218667,Block,EAST MARGINAL WAY S BETWEEN S FIDALGO ST AND 1ST AVE S,1,Property Damage Only Collision,NA,2,0,0,0,0,0,0,2020/07/31 00:00:00+00,NA,NA,NA,NA,NA,N
218668,Block,WEST MARGINAL WAY S BETWEEN 1ST AVE S AND S HOLDEN ST,2,Injury Collision,Rear Ended,4,0,0,4,1,0,0,2020/02/13 00:00:00+00,N,Overcast,Dry,Daylight,NA,N
218669,Block,AURORA BR BETWEEN RAYE ST AND BRIDGE WAY N,2,Injury Collision,Sideswipe,2,0,0,2,1,0,0,2020/06/02 00:00:00+00,N,Clear,Dry,Daylight,NA,N
218670,Intersection,9TH AVE N AND ROY ST,2,Injury Collision,Angles,2,0,0,2,2,0,0,2020/08/10 00:00:00+00,N,Clear,Dry,Daylight,NA,N
218671,Block,CALIFORNIA AVE SW BETWEEN SW HINDS N ST AND SW HINDS S ST,1,Property Damage Only Collision,Rear Ended,2,0,0,2,0,0,0,2020/05/27 00:00:00+00,N,Overcast,Dry,Daylight,NA,N
218672,Block,SW BARTON ST BETWEEN 14TH AVE SW AND 15TH AVE SW,1,Property Damage Only Collision,Parked Car,2,0,0,2,0,0,0,2020/10/10 00:00:00+00,N,Overcast,Dry,Daylight,NA,Y
218673,Intersection,LAKESIDE AVE S AND S LESCHI PL,1,Property Damage Only Collision,Other,1,0,0,1,0,0,0,2020/09/14 00:00:00+00,N,Overcast,Dry,Dark - Street Lights On,NA,N
218674,Intersection,BOREN AVE AND OLIVE WAY,2,Injury Collision,Left Turn,3,0,0,2,1,0,0,2020/09/02 00:00:00+00,N,Clear,Dry,Daylight,NA,N
218675,Block,WEST SEATTLE BR EB BETWEEN ALASKAN WY VI NB ON RP AND DELRIDGE-W SEATTLE BR EB ON RP,1,Property Damage Only Collision,Sideswipe,1,0,0,1,0,0,0,2020/01/10 00:00:00+00,N,Raining,Wet,Dusk,Y,N
218676,Intersection,BROADWAY E AND E OLIVE WAY,2,Injury Collision,Pedestrian,2,1,0,1,1,0,0,2020/09/13 00:00:00+00,N,Fog/Smog/Smoke,Dry,Daylight,NA,N
218677,Block,DIBBLE AVE NW BETWEEN NW 100TH ST AND NW 105TH ST,1,Property Damage Only Collision,Parked Car,2,0,0,2,0,0,0,2020/08/24 00:00:00+00,N,Clear,Dry,Dark - Street Lights On,NA,Y
218678,Alley,NA,1,Property Damage Only Collision,Other,1,0,0,1,0,0,0,2020/08/12 00:00:00+00,N,Overcast,Dry,Daylight,NA,N
218680,Intersection,FEDERAL AVE E AND E LYNN ST,0,Unknown,NA,0,0,0,0,0,0,0,2020/10/08 00:00:00+00,NA,NA,NA,NA,NA,N
218682,Block,S NORFOLK ST BETWEEN WATERS ER AVE S AND DEAD END 2,1,Property Damage Only Collision,NA,2,0,0,0,0,0,0,2020/07/27 00:00:00+00,NA,NA,NA,NA,NA,Y
218683,Intersection,EVANSTON AVE N AND N 104TH ST,2,Injury Collision,Cycles,2,0,1,1,1,0,0,2020/06/24 00:00:00+00,N,Clear,Dry,Daylight,NA,N
218684,Block,12TH AVE BETWEEN E MADISON ST AND E PIKE ST,1,Property Damage Only Collision,Sideswipe,2,0,0,2,0,0,0,2020/09/11 00:00:00+00,N,Fog/Smog/Smoke,Dry,Dark - Street Lights On,NA,N
218685,Block,15TH AVE W BETWEEN W WHEELER ST AND GILMAN DR W,2,Injury Collision,Head On,3,0,0,2,1,0,0,2020/07/10 00:00:00+00,N,Clear,Dry,Daylight,NA,N
218686,Intersection,30TH AVE NE AND NE 65TH W ST,2,Injury Collision,Angles,2,0,0,2,1,0,0,2020/06/27 00:00:00+00,N,Overcast,Dry,Daylight,NA,N
218687,Intersection,38TH AVE NW AND SEAVIEW AVE NW,1,Property Damage Only Collision,Other,1,0,0,1,0,0,0,2020/10/04 00:00:00+00,N,Other,Wet,Dark - Street Lights On,NA,N
218688,Intersection,E DENNY WAY AND E OLIVE WAY,1,Property Damage Only Collision,NA,2,0,0,0,0,0,0,2020/06/26 00:00:00+00,NA,NA,NA,NA,NA,N
218689,Block,E CHERRY ST BETWEEN 12TH AVE AND 13TH AVE,1,Property Damage Only Collision,Rear Ended,2,0,0,2,0,0,0,2020/01/23 00:00:00+00,N,Raining,Wet,Dark - Street Lights On,NA,N
218690,Block,SW ADMIRAL WAY BETWEEN 42ND AVE SW AND CALIFORNIA AVE SW,2,Injury Collision,Cycles,2,0,1,1,1,0,0,2020/10/23 00:00:00+00,N,Raining,Wet,Dark - Street Lights On,NA,N
218691,Intersection,14TH AVE S AND S CLOVERDALE ST,1,Property Damage Only Collision,Angles,3,0,0,2,0,0,0,2020/10/01 00:00:00+00,N,Clear,Dry,Daylight,NA,N
218692,Block,N 115TH ST BETWEEN STONE AVE N AND MERIDIAN AVE N,1,Property Damage Only Collision,Head On,2,0,0,2,0,0,0,2020/07/08 00:00:00+00,N,Clear,Dry,Daylight,NA,N
218693,Intersection,ROOSEVELT WAY NE AND NE NORTHGATE WAY,2,Injury Collision,Angles,2,0,0,2,2,0,0,2020/08/16 00:00:00+00,N,Clear,Dry,Daylight,NA,N
218694,Block,S HENDERSON ST BETWEEN CARKEEK DR S AND M L KING JR WR WAY S,1,Property Damage Only Collision,NA,2,0,0,0,0,0,0,2020/07/22 00:00:00+00,NA,NA,NA,NA,NA,N
218695,Intersection,LAKE CITY WAY NE AND NE 145TH ST,1,Property Damage Only Collision,Sideswipe,2,0,0,2,0,0,0,2020/05/25 00:00:00+00,N,Raining,Wet,Daylight,NA,N
218696,Block,HARBOR AVE SW BETWEEN ALKI AVE SW AND SW CALIFORNIA PL,2,Injury Collision,Cycles,2,0,1,1,1,0,0,2020/07/19 00:00:00+00,N,Clear,Dry,Daylight,NA,N
218697,Intersection,12TH AVE SW AND SW TRENTON ST,1,Property Damage Only Collision,Other,1,0,0,1,0,0,0,2020/10/10 00:00:00+00,N,Raining,Wet,Dark - Street Lights On,Y,N
218698,Block,WESTLAKE AVE BETWEEN LENORA ST AND BLANCHARD ST,1,Property Damage Only Collision,Cycles,2,0,1,1,0,0,0,2020/09/01 00:00:00+00,N,Clear,Dry,Daylight,NA,N
218699,Block,20TH AVE S BETWEEN S WELLER ST AND S LANE ST,0,Unknown,NA,0,0,0,0,0,0,0,2020/10/08 00:00:00+00,NA,NA,NA,NA,NA,Y
218701,Block,WESTLAKE AVE N BETWEEN NEWELL ST AND NICKERSON ST,1,Property Damage Only Collision,Other,1,0,0,1,0,0,0,2020/08/05 00:00:00+00,N,Clear,Dry,Dawn,NA,N
218702,Intersection,20TH AVE NW AND NW MARKET ST,2,Injury Collision,Pedestrian,4,1,0,1,1,0,0,2020/02/27 00:00:00+00,N,Clear,Dry,Daylight,NA,N
218703,Block,CORSON AVE S BETWEEN S HARNEY ST AND S MICHIGAN ST,1,Property Damage Only Collision,Other,1,0,0,1,0,0,0,2020/08/22 00:00:00+00,N,Raining,Wet,Dark - Street Lights On,NA,N
218705,Block,13TH AVE S BETWEEN S JUDKINS ST AND S ATLANTIC ST,0,Unknown,NA,0,0,0,0,0,0,0,2020/09/28 00:00:00+00,NA,NA,NA,NA,NA,Y
218707,Intersection,9TH AVE N AND ROY ST,1,Property Damage Only Collision,Angles,2,0,0,2,0,0,0,2020/07/26 00:00:00+00,N,Clear,Dry,Daylight,NA,N
218708,Intersection,GREEN LAKE DR N AND STONE AVE N,0,Unknown,NA,0,0,0,0,0,0,0,2020/07/31 00:00:00+00,NA,NA,NA,NA,NA,Y
218709,Block,GREENWOOD AVE N BETWEEN N 110TH ST AND N 112TH ST,2,Injury Collision,Other,1,0,0,1,1,0,0,2020/08/16 00:00:00+00,N,Clear,Dry,Daylight,NA,N
218710,Intersection,FAIRVIEW AVE N AND MERCER ST,1,Property Damage Only Collision,Left Turn,2,0,0,2,0,0,0,2020/07/16 00:00:00+00,N,Clear,Dry,Daylight,NA,N
218711,Block,N 46TH ST BETWEEN EVANSTON AVE N AND FREMONT AVE N,1,Property Damage Only Collision,NA,2,0,0,0,0,0,0,2020/07/08 00:00:00+00,NA,NA,NA,NA,NA,N
218712,Block,HIGHLAND PARK WAY SW BETWEEN WEST MARGINAL WAY SW AND SW OTHELLO ST,2,Injury Collision,Other,4,0,0,2,2,0,0,2020/09/04 00:00:00+00,N,Clear,Dry,Daylight,NA,N
218713,Block,MARY AVE NW BETWEEN NW 100TH ST AND DEAD END,1,Property Damage Only Collision,NA,2,0,0,0,0,0,0,2020/07/16 00:00:00+00,NA,NA,NA,NA,NA,Y
218714,Block,BEACH DR SW BETWEEN SW OREGON ST AND SW SNOQUALMIE ST,0,Unknown,NA,0,0,0,0,0,0,0,2020/08/02 00:00:00+00,NA,NA,NA,NA,NA,Y
218715,Block,RAINIER AVE S BETWEEN S BAYVIEW ST AND S MCCLELLAN ST,2,Injury Collision,Rear Ended,8,0,0,3,1,0,0,2020/09/06 00:00:00+00,N,Clear,Dry,Dark - Street Lights On,NA,N
218716,Block,SW MYRTLE ST BETWEEN 12TH AVE SW AND 13TH AVE SW,0,Unknown,NA,2,0,0,0,0,0,0,2020/08/25 00:00:00+00,NA,NA,NA,NA,NA,Y
218717,Intersection,9TH AVE N AND WESTLAKE AVE N,1,Property Damage Only Collision,NA,2,0,0,0,0,0,0,2020/08/21 00:00:00+00,NA,NA,NA,NA,NA,N
218718,Block,AIRPORT WAY S BETWEEN S OTHELLO ST AND MILITARY RD S,1,Property Damage Only Collision,Other,1,0,0,1,0,0,0,2020/06/30 00:00:00+00,N,Clear,Dry,Daylight,NA,N
218720,Block,16TH AVE S BETWEEN S ORCAS ST AND S JUNEAU ST,1,Property Damage Only Collision,Angles,2,0,0,2,0,0,0,2020/10/02 00:00:00+00,N,Clear,Dry,Daylight,NA,N
218721,Intersection,14TH AVE NW AND NW 54TH ST,2,Injury Collision,Angles,3,0,0,2,1,0,0,2020/08/14 00:00:00+00,N,Clear,Dry,Daylight,NA,N
218722,Intersection,1ST AVE W AND W MERCER ST,0,Unknown,NA,0,0,0,0,0,0,0,2020/07/19 00:00:00+00,NA,NA,NA,NA,NA,Y
218724,Intersection,ROOSEVELT WAY NE AND NE 64TH ST,2,Injury Collision,Left Turn,2,0,0,2,1,0,0,2020/08/07 00:00:00+00,N,Clear,Dry,Daylight,NA,N
218726,Intersection,5TH AVE NE AND NE NORTHLAKE WAY,2,Injury Collision,Rear Ended,2,0,0,2,1,0,0,2020/08/27 00:00:00+00,N,Clear,Dry,Daylight,NA,N
218727,Block,20TH AVE NW BETWEEN NW 58TH ST AND NW 59TH ST,1,Property Damage Only Collision,NA,2,0,0,0,0,0,0,2020/06/30 00:00:00+00,NA,NA,NA,NA,NA,Y
218728,Block,FOX AVE S BETWEEN S WILLOW ST AND S MYRTLE ST,1,Property Damage Only Collision,Parked Car,2,0,0,2,0,0,0,2020/07/06 00:00:00+00,N,Clear,Dry,Daylight,NA,Y
218729,Block,WEST MARGINAL TURN RD BETWEEN WEST MARGINAL WAY SW AND SW SPOKANE ST,1,Property Damage Only Collision,Rear Ended,2,0,0,2,0,0,0,2020/07/11 00:00:00+00,N,Clear,Dry,Daylight,NA,N
218730,Intersection,5TH AVE NE AND NE 145TH ST,2,Injury Collision,Left Turn,4,0,0,2,1,0,0,2020/02/15 00:00:00+00,N,Raining,Wet,Dark - Street Lights On,NA,N
218731,Block,RAINIER AVE S BETWEEN S ANDOVER ST AND S DAKOTA ST,2,Injury Collision,Other,1,0,0,1,1,0,0,2020/10/20 00:00:00+00,N,Clear,Dry,Daylight,NA,N
218732,Block,DELRIDGE WAY SW BETWEEN PUGET BLVD SW AND SW BRANDON ST,0,Unknown,NA,0,0,0,0,0,0,0,2020/09/23 00:00:00+00,NA,NA,NA,NA,NA,N
218733,Block,N 103RD ST BETWEEN GREENWOOD AVE N AND DAYTON AVE N,2,Injury Collision,Cycles,4,0,1,1,1,0,0,2020/07/14 00:00:00+00,N,Clear,Dry,Daylight,NA,N
218734,Block,24TH AVE E BETWEEN E NEWTON S ST AND E NEWTON N ST,1,Property Damage Only Collision,Sideswipe,2,0,0,2,0,0,0,2020/09/25 00:00:00+00,N,Raining,Wet,Daylight,NA,N
218735,Block,26TH AVE W BETWEEN W BARRETT ST AND W DRAVUS UPPER ST,0,Unknown,NA,2,0,0,0,0,0,0,2020/09/28 00:00:00+00,NA,NA,NA,NA,NA,Y
218736,Intersection,1ST AVE N AND JOHN ST,2,Injury Collision,Left Turn,3,0,0,2,1,0,0,2020/07/22 00:00:00+00,N,Clear,Dry,Daylight,NA,N
218737,Block,AURORA AVE N BETWEEN N 96TH N ST AND N 97TH ST,1,Property Damage Only Collision,Rear Ended,2,0,0,2,0,0,0,2020/05/28 00:00:00+00,N,Clear,Dry,Daylight,NA,N
218738,Block,NE 140TH ST BETWEEN 30TH AVE NE AND 32ND AVE NE,1,Property Damage Only Collision,Parked Car,2,0,0,2,0,0,0,2020/09/25 00:00:00+00,N,Other,Unknown,Unknown,NA,N
218739,Block,MERCER SR ST BETWEEN 9TH AVE N AND WESTLAKE AVE N,2,Injury Collision,Rear Ended,3,0,0,2,1,0,0,2020/08/26 00:00:00+00,N,Clear,Dry,Daylight,NA,N
218740,Block,RAINIER AVE S BETWEEN S KENYON ST AND S ELMGROVE ST,1,Property Damage Only Collision,Other,2,0,0,2,0,0,0,2020/07/09 00:00:00+00,N,Clear,Dry,Daylight,NA,N
218741,Block,42ND AVE SW BETWEEN SW WALKER ST AND SW COLLEGE ST,1,Property Damage Only Collision,Parked Car,2,0,0,2,0,0,0,2020/01/23 00:00:00+00,N,Raining,Wet,Dark - No Street Lights,NA,Y
218742,Block,24TH AVE BETWEEN E SPRING ST AND E UNION ST,0,Unknown,NA,0,0,0,0,0,0,0,2020/08/31 00:00:00+00,NA,NA,NA,NA,NA,Y
218743,Block,BANNER WAY NE BETWEEN NE 85TH ST OFF RP AND CORLISS WAY N,2,Injury Collision,Other,2,0,0,2,1,0,0,2020/05/31 00:00:00+00,N,Raining,Wet,Daylight,Y,N
218744,Block,RAINIER AVE S BETWEEN S HENDERSON ST AND S DIRECTOR N ST,1,Property Damage Only Collision,Sideswipe,3,0,0,2,0,0,0,2020/09/05 00:00:00+00,N,Clear,Dry,Daylight,NA,N
218745,Block,S MICHIGAN ST BETWEEN 7TH AVE S AND CORSON AVE S,1,Property Damage Only Collision,Sideswipe,2,0,0,2,0,0,0,2020/06/08 00:00:00+00,N,Clear,Dry,Daylight,NA,N
218746,Block,SUNNYSIDE AVE N BETWEEN N 75TH ST AND N 77TH ST,1,Property Damage Only Collision,NA,2,0,0,0,0,0,0,2020/06/23 00:00:00+00,NA,NA,NA,NA,NA,Y
218747,Block,1ST AV S BR NB BETWEEN EAST MARGINAL WAY S AND 1ST AV S NB OFF RP,2,Injury Collision,Sideswipe,6,0,0,4,3,0,0,2020/09/07 00:00:00+00,N,Clear,Dry,Daylight,NA,N
218748,Block,15TH AVE S BETWEEN S NEVADA ST AND S COLUMBIAN S WAY,2,Injury Collision,Rear Ended,8,0,0,3,1,0,0,2020/09/06 00:00:00+00,N,Clear,Dry,Daylight,NA,N
218749,Intersection,RAINIER AVE S AND S KENYON ST,2,Injury Collision,Angles,2,0,0,2,2,0,0,2020/06/23 00:00:00+00,N,Clear,Dry,Daylight,NA,N
218750,Intersection,3RD AVE NW AND NW 85TH ST,1,Property Damage Only Collision,Angles,3,0,0,2,0,0,0,2020/08/20 00:00:00+00,N,Overcast,Dry,Daylight,NA,N
218752,Intersection,DELRIDGE WAY SW AND SW THISTLE ST,1,Property Damage Only Collision,Parked Car,2,0,0,2,0,0,0,2020/06/26 00:00:00+00,N,Clear,Dry,Daylight,NA,Y
218753,Block,WEST SEATTLE BR EB BETWEEN ALASKAN WY VI NB ON RP AND DELRIDGE-W SEATTLE BR EB ON RP,1,Property Damage Only Collision,Rear Ended,2,0,0,2,0,0,0,2020/01/23 00:00:00+00,N,Raining,Wet,Dawn,Y,N