OBJECTID,ADDRTYPE,LOCATION,SEVERITYCODE,SEVERITYDESC,COLLISIONTYPE,PERSONCOUNT,PEDCOUNT,PEDCYLCOUNT,VEHCOUNT,INJURIES,SERIOUSINJURIES,FATALITIES,INCDATE,UNDERINFL,WEATHER,ROADCOND,LIGHTCOND,SPEEDING,HITPARKEDCAR
218754,Block,LAKE CITY WAY NE BETWEEN NE 95TH ST AND NE 98TH ST,2,Injury Collision,Rear Ended,2,0,0,2,1,0,0,2020/08/23 00:00:00+00,N,Clear,Dry,Daylight,NA,N
218755,Intersection,38TH AVE NW AND SEAVIEW AVE NW,1,Property Damage Only Collision,Other,1,0,0,1,0,0,0,2020/07/22 00:00:00+00,N,Clear,Dry,Dark - Unknown Lighting,NA,N
218756,Intersection,BEACH DR SW AND SW ANDOVER ST,2,Injury Collision,Cycles,2,0,1,1,1,0,0,2020/04/26 00:00:00+00,N,Overcast,Dry,Dark - Street Lights On,NA,N
218757,Block,N 34TH ST BETWEEN EVANSTON AVE N AND FREMONT AVE N,0,Unknown,NA,0,0,0,0,0,0,0,2020/07/08 00:00:00+00,NA,NA,NA,NA,NA,Y
218758,Intersection,13TH AVE AND E MADISON ST,1,Property Damage Only Collision,Sideswipe,2,0,0,2,0,0,0,2020/06/29 00:00:00+00,N,Overcast,Dry,Daylight,NA,N
218759,Block,SW HOLDEN ST BETWEEN 16TH AVE SW AND 17TH AVE SW,2,Injury Collision,Rear Ended,2,0,0,2,1,0,0,2020/06/15 00:00:00+00,N,Raining,Wet,Daylight,NA,N
218760,Block,BEACH DR SW BETWEEN SW SHORE PL AND SW JUNEAU ST,0,Unknown,NA,2,0,0,0,0,0,0,2020/07/19 00:00:00+00,NA,NA,NA,NA,NA,Y
218761,Block,ALKI AVE SW BETWEEN 55TH AVE SW AND 56TH AVE SW,1,Property Damage Only Collision,Parked Car,2,0,0,2,0,0,0,2020/07/15 00:00:00+00,N,Clear,Dry,Daylight,NA,N
218762,Intersection,M L KING JR WAY S AND S MCCLELLAN ST,2,Injury Collision,Angles,3,0,0,2,1,0,0,2020/09/09 00:00:00+00,N,Clear,Dry,Daylight,NA,N
218763,Block,N NORTHLAKE WAY BETWEEN N 36TH ST AND EASTERN AVE N,1,Property Damage Only Collision,Parked Car,2,0,0,2,0,0,0,2020/08/27 00:00:00+00,N,Clear,Dry,Daylight,NA,N
218764,Block,3RD AVE BETWEEN YESLER WAY AND JAMES ST,1,Property Damage Only Collision,Other,3,0,0,2,0,0,0,2020/09/11 00:00:00+00,N,Fog/Smog/Smoke,Dry,Dark - Street Lights On,NA,N
218766,Intersection,9TH AVE SW AND SW HENDERSON ST,1,Property Damage Only Collision,NA,1,0,0,0,0,0,0,2020/09/25 00:00:00+00,NA,NA,NA,NA,NA,N
218767,Block,HOLMAN RD N BETWEEN N 104TH ST AND GREENWOOD AVE N,1,Property Damage Only Collision,Rear Ended,2,0,0,2,0,0,0,2020/08/25 00:00:00+00,N,Clear,Dry,Dark - Street Lights On,NA,N
218768,Block,SW GRAHAM ST BETWEEN HIGH POINT DR SW AND 29TH AVE SW,1,Property Damage Only Collision,NA,2,0,0,0,0,0,0,2020/07/15 00:00:00+00,NA,NA,NA,NA,NA,Y
218770,Block,DAYTON AVE N BETWEEN N 104TH ST AND N 105TH ST,1,Property Damage Only Collision,Parked Car,3,0,0,3,0,0,0,2020/09/11 00:00:00+00,N,Fog/Smog/Smoke,Dry,Dark - Street Lights On,NA,Y
218771,Block,HARRISON ST BETWEEN 8TH AVE N AND 9TH AVE N,1,Property Damage Only Collision,Rear Ended,2,0,0,2,0,0,0,2020/01/26 00:00:00+00,N,Raining,Wet,Dark - Street Lights On,NA,N
218772,Block,3RD AVE S BETWEEN S LANDER ST AND S FOREST ST,1,Property Damage Only Collision,Other,1,0,0,1,0,0,0,2020/05/03 00:00:00+00,N,Clear,Dry,Daylight,NA,N
218773,Block,NE 130TH ST BETWEEN 22ND AVE NE AND 23RD AVE NE,1,Property Damage Only Collision,Other,2,0,0,1,0,0,0,2020/07/23 00:00:00+00,N,Clear,Dry,Daylight,NA,N
218774,Block,BANNER WAY NE BETWEEN NE 80TH ST AND 85TH ST ON RP,1,Property Damage Only Collision,Other,1,0,0,1,0,0,0,2020/08/06 00:00:00+00,N,Raining,Wet,Daylight,Y,N
218775,Block,S AVON ST BETWEEN 56TH AVE S AND 59TH AVE S,1,Property Damage Only Collision,Parked Car,3,0,0,2,0,0,0,2020/08/10 00:00:00+00,N,Clear,Dry,Dark - Street Lights On,NA,Y
218776,Block,OLSON PL SW BETWEEN 2ND AVE SW AND 3RD AVE SW,1,Property Damage Only Collision,Rear Ended,5,0,0,5,0,0,0,2020/06/23 00:00:00+00,N,Clear,Dry,Daylight,NA,N
218777,Block,25TH AVE NE BETWEEN NE 55TH ST AND NE 57TH ST,1,Property Damage Only Collision,Other,2,0,0,2,0,0,0,2020/08/21 00:00:00+00,N,Clear,Dry,Daylight,NA,N
218778,Intersection,FAUNTLEROY WAY SW AND SW AVALON WAY,1,Property Damage Only Collision,Other,1,0,0,1,0,0,0,2020/10/24 00:00:00+00,N,Overcast,Dry,Daylight,NA,N
218779,Intersection,8TH AVE NW AND NW 127TH ST,2,Injury Collision,Angles,3,0,0,2,1,0,0,2020/07/02 00:00:00+00,N,Overcast,Dry,Daylight,NA,N
218780,Intersection,11TH AVE AND E UNION ST,1,Property Damage Only Collision,Rear Ended,2,0,0,2,0,0,0,2020/05/20 00:00:00+00,N,Clear,Dry,Dark - Street Lights On,NA,N
218781,Intersection,BROADWAY AND E UNION ST,2,Injury Collision,Cycles,2,0,1,1,1,0,0,2020/05/20 00:00:00+00,N,Raining,Wet,Daylight,NA,N
218783,Block,1ST AV S BR NB BETWEEN POINT A AND SR509 NB,1,Property Damage Only Collision,Rear Ended,2,0,0,2,0,0,0,2020/07/31 00:00:00+00,N,Clear,Dry,Daylight,NA,N
218784,Block,EAST FRONTAGE RD S BETWEEN S ROYAL BROUGHAM WAY AND S ATLANTIC ST,1,Property Damage Only Collision,Other,1,0,0,1,0,0,0,2020/07/20 00:00:00+00,N,Clear,Dry,Dark - Street Lights On,NA,N
218786,Block,NE 145TH ST BETWEEN 19TH AVE NE AND 20TH AVE NE,1,Property Damage Only Collision,Sideswipe,2,0,0,2,0,0,0,2020/07/18 00:00:00+00,N,Clear,Dry,Daylight,NA,N
218788,Block,4TH AVE S BETWEEN COSTCO DR AND 4TH AV S VI,1,Property Damage Only Collision,Parked Car,2,0,0,2,0,0,0,2020/09/05 00:00:00+00,N,Clear,Dry,Daylight,NA,Y
218789,Block,LAKE WASHINGTON BLVD BETWEEN E JEFFERSON ST AND FULLERTON AVE,2,Injury Collision,Sideswipe,3,0,0,2,2,0,0,2020/07/18 00:00:00+00,N,Clear,Dry,Daylight,NA,N
218790,Intersection,43RD AVE S AND LAKE WASHINGTON BLVD S,2b,Serious Injury Collision,Parked Car,2,0,0,2,1,1,0,2020/07/10 00:00:00+00,N,Clear,Dry,Daylight,NA,N
218791,Block,S KENNY ST BETWEEN 44TH AVE S AND RAINIER AVE S,1,Property Damage Only Collision,Parked Car,2,0,0,2,0,0,0,2020/06/17 00:00:00+00,N,Clear,Dry,Dark - Street Lights On,NA,Y
218792,Block,SW LANDER ST BETWEEN SW ADMIRAL W WAY AND SW CAMPBELL PL,1,Property Damage Only Collision,Parked Car,2,0,0,2,0,0,0,2020/09/03 00:00:00+00,N,Clear,Dry,Daylight,NA,Y
218793,Block,4TH AVE S BETWEEN COSTCO DR AND 4TH AV S VI,1,Property Damage Only Collision,Head On,4,0,0,2,0,0,0,2020/09/04 00:00:00+00,N,Clear,Dry,Daylight,NA,N
218794,Intersection,QUEEN ANNE DR AND WARREN AVE N,1,Property Damage Only Collision,Angles,2,0,0,2,0,0,0,2020/09/14 00:00:00+00,N,Fog/Smog/Smoke,Dry,Dark - Street Lights On,NA,N
218795,NA,NA,0,Unknown,NA,0,0,0,0,0,0,0,2020/09/25 00:00:00+00,NA,NA,NA,NA,NA,Y
218796,Block,MERCER ST BETWEEN WARREN AVE N AND 2ND AVE N,1,Property Damage Only Collision,Rear Ended,4,0,0,3,0,0,0,2020/02/15 00:00:00+00,N,Overcast,Dry,Daylight,NA,N
218797,Block,5TH AVE NE BETWEEN NE 43RD ST AND NE 44TH ST,0,Unknown,NA,2,0,0,0,0,0,0,2020/10/02 00:00:00+00,NA,NA,NA,NA,NA,Y
218798,Intersection,16TH AVE NE AND NE 47TH ST,0,Unknown,NA,2,0,0,0,0,0,0,2020/08/22 00:00:00+00,NA,NA,NA,NA,NA,N
218799,Block,S HUDSON ST BETWEEN 35TH AVE S AND 37TH AVE S,1,Property Damage Only Collision,Parked Car,2,0,0,2,0,0,0,2020/07/16 00:00:00+00,N,Other,Unknown,Unknown,NA,Y
218800,Block,SW ADMIRAL WAY BETWEEN SW ADMIRAL WY OFF RP AND SW CITY VIEW ST,2,Injury Collision,Other,2,0,0,2,1,0,0,2020/07/03 00:00:00+00,N,Overcast,Dry,Daylight,NA,N
218801,Intersection,9TH AVE AND JAMES ST,1,Property Damage Only Collision,Pedestrian,2,1,0,1,0,0,0,2020/10/02 00:00:00+00,N,Overcast,Dry,Daylight,NA,N
218802,Block,SW SPOKANE ST BETWEEN TERMINAL 5 ACCESS RP AND WEST MARGINAL TURN RD,2,Injury Collision,Rear Ended,3,0,0,2,1,0,0,2020/07/15 00:00:00+00,N,Clear,Dry,Daylight,NA,N
218803,Block,N 85TH ST BETWEEN AURORA AVE N AND NESBIT AVE N,1,Property Damage Only Collision,Rear Ended,2,0,0,2,0,0,0,2020/07/07 00:00:00+00,N,Overcast,Dry,Daylight,NA,N
218804,Intersection,1ST AVE W AND W MERCER ST,2,Injury Collision,Other,1,0,0,1,1,0,0,2020/10/01 00:00:00+00,N,Clear,Dry,Dark - Street Lights On,NA,N
218805,Block,1ST AVE S BETWEEN SW KENYON ST AND S CLOVERDALE W ST,1,Property Damage Only Collision,Rear Ended,2,0,0,2,0,0,0,2020/09/29 00:00:00+00,N,Clear,Dry,Daylight,NA,N
218806,Intersection,3RD AVE W AND W HARRISON ST,2,Injury Collision,Angles,4,0,0,2,1,0,0,2020/06/14 00:00:00+00,N,Clear,Dry,Daylight,NA,N
218808,Block,S MICHIGAN ST BETWEEN 7TH AVE S AND CORSON AVE S,2,Injury Collision,Angles,3,0,0,3,1,0,0,2020/08/07 00:00:00+00,N,Clear,Dry,Daylight,NA,N
218809,Block,DELRIDGE WAY SW BETWEEN SW FINDLAY ST AND SW JUNEAU ST,1,Property Damage Only Collision,Other,2,0,0,2,0,0,0,2020/08/06 00:00:00+00,N,Clear,Dry,Daylight,NA,N
218810,Intersection,CHELAN AVE SW AND WEST MARGINAL WAY SW,2,Injury Collision,NA,2,0,0,0,1,0,0,2020/07/03 00:00:00+00,NA,NA,NA,NA,NA,N
218812,Block,SW ROXBURY ST BETWEEN 20TH AVE SW AND 21ST AVE SW,2,Injury Collision,Rear Ended,3,0,0,3,1,0,0,2020/09/08 00:00:00+00,N,Clear,Dry,Daylight,NA,N
218814,Intersection,1ST AVE AND UNIVERSITY ST,2,Injury Collision,Parked Car,4,0,0,4,1,0,0,2020/08/15 00:00:00+00,N,Clear,Dry,Dark - Street Lights On,NA,Y
218815,Block,1ST AVE BETWEEN PIKE ST AND PINE ST,0,Unknown,NA,2,0,0,0,0,0,0,2020/07/21 00:00:00+00,NA,NA,NA,NA,NA,Y
218816,Intersection,20TH AVE NW AND NW MARKET ST,2,Injury Collision,Rear Ended,2,0,0,2,1,0,0,2020/08/02 00:00:00+00,N,Clear,Dry,Daylight,NA,N
218817,Intersection,MERCER ST AND MERCER S SR ST,1,Property Damage Only Collision,NA,1,0,0,0,0,0,0,2020/07/31 00:00:00+00,NA,NA,NA,NA,NA,N
218818,Block,MYERS WAY S BETWEEN OLSON PL SW AND CITY LIMITS,1,Property Damage Only Collision,Other,2,0,0,2,0,0,0,2020/10/16 00:00:00+00,N,Overcast,Dry,Daylight,NA,N
218819,Intersection,38TH AVE SW AND SW MANNING ST,2,Injury Collision,Angles,3,0,0,2,1,0,0,2020/08/23 00:00:00+00,N,Clear,Dry,Dark - Street Lights On,NA,N
218820,Block,1ST AVE S BETWEEN S FRONT ST AND S MICHIGAN N ST,1,Property Damage Only Collision,Rear Ended,2,0,0,2,0,0,0,2020/06/25 00:00:00+00,N,Clear,Dry,Daylight,NA,N
218821,Intersection,20TH AVE AND E YESLER WAY,2,Injury Collision,Left Turn,3,0,0,2,2,0,0,2020/09/05 00:00:00+00,N,Clear,Dry,Daylight,NA,N
218822,Intersection,AURORA AVE N AND N 125TH ST,2,Injury Collision,Angles,4,0,0,3,3,0,0,2020/09/09 00:00:00+00,N,Clear,Dry,Daylight,NA,N
218823,Intersection,15TH SB AVE NW AND NW LEARY WAY,2,Injury Collision,Left Turn,2,0,0,2,2,0,0,2020/07/29 00:00:00+00,N,Clear,Dry,Daylight,NA,N
218824,Block,S MICHIGAN ST BETWEEN 7TH AVE S AND CORSON AVE S,1,Property Damage Only Collision,Sideswipe,3,0,0,2,0,0,0,2020/09/28 00:00:00+00,N,Clear,Dry,Daylight,NA,N
218825,Intersection,STONE AVE N AND N 145TH ST,2,Injury Collision,Angles,2,0,0,2,1,0,0,2020/06/19 00:00:00+00,N,Clear,Dry,Daylight,Y,N
218826,Intersection,4TH AVE S AND EAST MARGINAL WAY S,1,Property Damage Only Collision,Sideswipe,2,0,0,2,0,0,0,2020/10/09 00:00:00+00,N,Clear,Dry,Daylight,NA,N
218827,Block,S DEARBORN ST BETWEEN DEARBORN ST OFF RP AND 13TH AVE S,1,Property Damage Only Collision,NA,4,0,0,0,0,0,0,2020/07/18 00:00:00+00,NA,NA,NA,NA,NA,N
218828,Block,M L KING JR ER WAY S BETWEEN S HENDERSON ST AND S DIRECTOR ST,2,Injury Collision,Other,1,0,0,1,1,0,0,2020/07/15 00:00:00+00,N,Clear,Dry,Dark - Street Lights On,NA,N
218830,Alley,NA,0,Unknown,NA,0,0,0,0,0,0,0,2020/08/30 00:00:00+00,NA,NA,NA,NA,NA,N
218831,Block,48TH AVE SW BETWEEN HOLLY CT SW AND BEACH DR SW,2,Injury Collision,Parked Car,3,0,0,3,1,0,0,2020/08/10 00:00:00+00,N,Clear,Dry,Dark - Street Lights On,NA,N
218832,Intersection,15TH AVE NW AND NW 57TH ST,1,Property Damage Only Collision,Angles,2,0,0,2,0,0,0,2020/06/19 00:00:00+00,N,Clear,Dry,Daylight,NA,N
218833,Block,SEAVIEW AVE NW BETWEEN NW 67TH ST AND NW 75TH ST,1,Property Damage Only Collision,Other,3,0,0,2,0,0,0,2020/08/13 00:00:00+00,N,Clear,Dry,Daylight,NA,N
218834,Block,RAINIER AVE S BETWEEN S KEPPLER ST AND S PILGRIM ST,1,Property Damage Only Collision,Other,2,0,0,1,0,0,0,2020/05/23 00:00:00+00,N,Raining,Wet,Dark - Street Lights On,NA,N
218835,Block,SEAVIEW AVE NW BETWEEN 38TH AVE NW AND NW 61ST ST,1,Property Damage Only Collision,Parked Car,3,0,0,3,0,0,0,2020/08/15 00:00:00+00,N,Clear,Dry,Dusk,Y,Y
218837,Block,NW 64TH ST BETWEEN 24TH AVE NW AND 26TH AVE NW,1,Property Damage Only Collision,NA,1,0,0,0,0,0,0,2020/08/25 00:00:00+00,NA,NA,NA,NA,NA,Y
218838,Block,15TH AVE NE BETWEEN NE 86TH ST AND NE 88TH ST,1,Property Damage Only Collision,Sideswipe,2,0,0,2,0,0,0,2020/06/13 00:00:00+00,N,Clear,Dry,Daylight,NA,N
218839,Block,SEWARD PARK AVE S BETWEEN OAKHURST S RD S AND WILSON N AVE S,1,Property Damage Only Collision,NA,2,0,0,0,0,0,0,2020/08/05 00:00:00+00,NA,NA,NA,NA,NA,N
218841,Block,W RAYE ST BETWEEN 5TH S AVE W AND 6TH AVE W,2,Injury Collision,NA,2,0,0,0,1,0,0,2020/07/02 00:00:00+00,NA,NA,NA,NA,NA,Y
218843,Intersection,BOREN AVE AND PINE ST,2,Injury Collision,Angles,3,0,1,2,1,0,0,2020/08/24 00:00:00+00,N,Clear,Dry,Daylight,NA,N
218844,Intersection,47TH AVE NE AND SAND POINT WAY NE,2,Injury Collision,Left Turn,2,0,0,2,2,0,0,2020/08/15 00:00:00+00,N,Clear,Dry,Daylight,NA,N
218845,Block,35TH AVE SW BETWEEN SW ROXBURY ST AND SW 97TH ST,1,Property Damage Only Collision,Rear Ended,3,0,0,3,0,0,0,2020/08/13 00:00:00+00,N,Clear,Dry,Daylight,NA,N
218846,Intersection,6TH AVE AND CHERRY ST,1,Property Damage Only Collision,NA,2,0,0,0,0,0,0,2020/07/02 00:00:00+00,NA,NA,NA,NA,NA,N
218847,Intersection,15TH AVE NE AND NE 94TH ST,1,Property Damage Only Collision,Angles,2,0,0,2,0,0,0,2020/06/30 00:00:00+00,N,Clear,Dry,Daylight,NA,N
218848,Intersection,3RD AVE NW AND NW 110TH ST,2,Injury Collision,Angles,4,0,0,2,1,0,0,2020/07/18 00:00:00+00,N,Clear,Dry,Daylight,NA,N
218849,Intersection,INTERLAKE AVE N AND N NORTHGATE WAY,1,Property Damage Only Collision,Angles,2,0,0,2,0,0,0,2020/07/05 00:00:00+00,N,Clear,Dry,Daylight,NA,N
218850,Block,15TH AVE S BETWEEN GOLF DR S AND S ATLANTIC ST,2,Injury Collision,Parked Car,4,0,0,4,1,0,0,2020/07/04 00:00:00+00,N,Clear,Dry,Daylight,NA,N
218851,Block,HIGHLAND PARK WAY SW BETWEEN WEST MARGINAL WAY SW AND SW OTHELLO ST,1,Property Damage Only Collision,Rear Ended,2,0,0,2,0,0,0,2020/08/21 00:00:00+00,N,Clear,Dry,Dark - Street Lights On,Y,N
218852,Intersection,32ND AVE SW AND SW TRENTON ST,2,Injury Collision,Angles,2,0,0,2,1,0,0,2020/09/13 00:00:00+00,N,Fog/Smog/Smoke,Dry,Daylight,Y,N
218853,Block,1ST AV S BR NB BETWEEN POINT A AND SR509 NB,2,Injury Collision,Rear Ended,2,0,0,2,2,0,0,2020/08/13 00:00:00+00,N,Clear,Dry,Daylight,Y,N
218855,Block,MCGILVRA BLVD E BETWEEN E LYNN ST AND E MCGILVRA ST,1,Property Damage Only Collision,NA,1,0,0,0,0,0,0,2020/09/03 00:00:00+00,NA,NA,NA,NA,NA,Y
218856,Block,DENSMORE AVE N BETWEEN N 85TH ST AND N 88TH ST,0,Unknown,NA,2,0,0,0,0,0,0,2020/08/25 00:00:00+00,NA,NA,NA,NA,NA,Y
218857,Intersection,OLSON PL SW AND SW ROXBURY ST,1,Property Damage Only Collision,Rear Ended,2,0,0,2,0,0,0,2020/06/29 00:00:00+00,N,Overcast,Dry,Daylight,NA,N
218859,Block,SW YANCY ST BETWEEN 28TH AVE SW AND 30TH AVE SW,0,Unknown,NA,1,0,0,0,0,0,0,2020/10/07 00:00:00+00,NA,NA,NA,NA,NA,Y
218860,Block,5TH AVE BETWEEN LENORA ST AND BLANCHARD ST,1,Property Damage Only Collision,Angles,5,0,0,2,0,0,0,2020/01/25 00:00:00+00,N,Overcast,Wet,Dark - Street Lights On,NA,N
218861,Intersection,14TH AVE S AND S CONCORD ST,2,Injury Collision,Left Turn,3,0,0,3,1,0,0,2020/07/13 00:00:00+00,N,Clear,Dry,Daylight,NA,N
218862,Block,S ROYAL BROUGHAM WAY BETWEEN 1ST AVE S AND OCCIDENTAL AVE S,1,Property Damage Only Collision,Other,1,0,0,1,0,0,0,2020/06/02 00:00:00+00,N,Clear,Dry,Daylight,NA,N
218863,Block,HOWELL ST BETWEEN YALE AVE AND EASTLAKE AVE,1,Property Damage Only Collision,Other,4,0,0,4,0,0,0,2020/08/06 00:00:00+00,N,Clear,Dry,Daylight,NA,Y
218864,Intersection,28TH AVE W AND W BLAINE ST,2,Injury Collision,Pedestrian,2,1,0,1,1,0,0,2020/08/06 00:00:00+00,N,Raining,Wet,Daylight,NA,N
218865,Block,NE 68TH ST BETWEEN 12TH AVE NE AND 15TH N AVE NE,1,Property Damage Only Collision,Parked Car,4,0,0,4,0,0,0,2020/09/14 00:00:00+00,N,Fog/Smog/Smoke,Dry,Dark - Street Lights On,NA,Y
218866,Block,SW SPOKANE BR BETWEEN SW SPOKANE E ST AND SW SPOKANE W ST,1,Property Damage Only Collision,NA,2,0,0,0,0,0,0,2020/08/28 00:00:00+00,NA,NA,NA,NA,NA,N
218867,Block,STONE AVE N BETWEEN N 90TH W ST AND N 91ST ST,1,Property Damage Only Collision,NA,2,0,0,0,0,0,0,2020/06/24 00:00:00+00,NA,NA,NA,NA,NA,N
218868,Intersection,38TH AVE S AND S ANDOVER ST,0,Unknown,NA,0,0,0,0,0,0,0,2020/07/07 00:00:00+00,NA,NA,NA,NA,NA,Y
218869,Block,S WASHINGTON ST BETWEEN 24TH AVE S AND 25TH AVE S,1,Property Damage Only Collision,Parked Car,3,0,0,3,0,0,0,2020/02/19 00:00:00+00,N,Overcast,Dry,Unknown,NA,N
218870,Block,4TH AVE S BETWEEN DIAGONAL AVE S AND COSTCO DR,1,Property Damage Only Collision,Sideswipe,2,0,0,2,0,0,0,2020/06/25 00:00:00+00,N,Clear,Dry,Daylight,NA,N
218872,Intersection,MONTLAKE BLVD NE AND NE PACIFIC ST,2,Injury Collision,Rear Ended,2,0,0,2,1,0,0,2020/07/29 00:00:00+00,N,Clear,Dry,Daylight,NA,N
218873,Block,BROADWAY BETWEEN CHERRY ST AND E COLUMBIA ST,0,Unknown,NA,0,0,0,0,0,0,0,2020/07/07 00:00:00+00,NA,NA,NA,NA,NA,Y
218874,Intersection,FREMONT AVE N AND N 38TH ST,0,Unknown,NA,0,0,0,0,0,0,0,2020/02/02 00:00:00+00,NA,NA,NA,NA,NA,Y
218875,Block,EAST MARGINAL NB WAY S BETWEEN DUWAMISH AVE S AND ALASKAN WY VI NB,2,Injury Collision,Rear Ended,3,0,0,2,3,0,0,2020/08/15 00:00:00+00,N,Clear,Dry,Daylight,NA,N
218877,Intersection,2ND AVE NW AND NW 90TH ST,2,Injury Collision,Angles,2,0,0,2,1,0,0,2020/07/27 00:00:00+00,N,Clear,Dry,Daylight,NA,N
218878,Block,1ST AVE NW BETWEEN N 57TH ST AND N 58TH ST,0,Unknown,NA,2,0,0,0,0,0,0,2020/07/10 00:00:00+00,NA,NA,NA,NA,NA,Y
218879,Block,1ST AVE S BETWEEN S FINDLAY ST AND S ORCAS ST,2,Injury Collision,Pedestrian,2,1,0,1,1,0,0,2020/10/01 00:00:00+00,N,Clear,Dry,Dark - Street Lights On,NA,N
218880,Intersection,45TH AVE SW AND SW HINDS ST,1,Property Damage Only Collision,Rear Ended,3,0,0,2,0,0,0,2020/09/23 00:00:00+00,N,Raining,Wet,Daylight,NA,N
218881,Block,NW 54TH ST BETWEEN 32ND AVE NW AND NW 54TH SR ST,1,Property Damage Only Collision,Angles,2,0,0,2,0,0,0,2020/09/28 00:00:00+00,N,Clear,Dry,Dawn,NA,N
218882,Block,CORSON AVE S BETWEEN S HARNEY ST AND S MICHIGAN ST,1,Property Damage Only Collision,Rear Ended,2,0,0,2,0,0,0,2020/10/07 00:00:00+00,N,Clear,Dry,Daylight,NA,N
218883,Block,40TH AVE SW BETWEEN SW ALASKA ST AND SW EDMUNDS ST,1,Property Damage Only Collision,Parked Car,3,0,0,3,0,0,0,2020/08/15 00:00:00+00,N,Clear,Dry,Dark - Street Lights On,NA,Y
218884,Block,OLSON PL SW BETWEEN 1ST AVE S AND 2ND AVE SW,2,Injury Collision,Rear Ended,2,0,0,2,1,0,0,2020/07/21 00:00:00+00,N,Clear,Dry,Daylight,NA,N
218885,Block,E OLIVE WAY BETWEEN SUMMIT AVE E AND E JOHN ST,1,Property Damage Only Collision,Parked Car,2,0,0,2,0,0,0,2020/06/21 00:00:00+00,N,Clear,Dry,Daylight,NA,Y
218886,Block,2ND AVE NW BETWEEN NW 49TH ST AND NW 50TH ST,1,Property Damage Only Collision,NA,1,0,0,0,0,0,0,2020/07/13 00:00:00+00,NA,NA,NA,NA,NA,N
218887,Block,NE 75TH ST BETWEEN 17TH E AVE NE AND 18TH AVE NE,1,Property Damage Only Collision,Angles,3,0,0,2,0,0,0,2020/01/21 00:00:00+00,N,Overcast,Dry,Daylight,NA,N
218888,Intersection,2ND AVE SW AND OLSON PL SW,1,Property Damage Only Collision,Rear Ended,2,0,0,2,0,0,0,2020/09/26 00:00:00+00,N,Raining,Wet,Daylight,NA,N
218889,Block,HIGHLAND PARK WAY SW BETWEEN 2ND AVE SW AND WEST MARGINAL WAY SW,2,Injury Collision,Rear Ended,4,0,0,3,1,0,0,2020/07/30 00:00:00+00,N,Clear,Dry,Daylight,NA,N
218890,Intersection,6TH AVE W AND W BLAINE ST,2,Injury Collision,Angles,2,0,0,2,2,0,0,2020/08/07 00:00:00+00,N,Clear,Dry,Daylight,NA,N
218891,Block,UNIVERSITY WAY NE BETWEEN NE PACIFIC ST AND NE 40TH ST,1,Property Damage Only Collision,Angles,2,0,0,2,0,0,0,2020/02/14 00:00:00+00,N,Clear,Wet,Dark - Street Lights On,NA,N
218892,Intersection,DELRIDGE WAY SW AND SW KENYON ST,2,Injury Collision,Angles,2,0,0,2,1,0,0,2020/07/10 00:00:00+00,N,Overcast,Dry,Daylight,NA,N
218893,Block,BENTON PL SW BETWEEN DEAD END AND BEACH DR SW,1,Property Damage Only Collision,Parked Car,2,0,0,2,0,0,0,2020/07/26 00:00:00+00,N,Clear,Dry,Daylight,NA,N
218894,Intersection,35TH AVE NE AND NE 82ND ST,1,Property Damage Only Collision,Other,1,0,0,1,0,0,0,2020/07/11 00:00:00+00,N,Clear,Dry,Dark - Street Lights On,Y,N
218895,Block,SW HOLDEN ST BETWEEN HIGHLAND PK N WAY SW AND 11TH AVE SW,1,Property Damage Only Collision,Parked Car,4,0,0,2,0,0,0,2020/09/10 00:00:00+00,N,Clear,Dry,Dark - Unknown Lighting,NA,Y
218896,Block,2ND AVE BETWEEN UNION ST AND PIKE ST,1,Property Damage Only Collision,Parked Car,2,0,0,2,0,0,0,2020/09/27 00:00:00+00,N,Clear,Dry,Daylight,NA,Y
218898,Block,BROADWAY BETWEEN MARION ST AND MADISON ST,1,Property Damage Only Collision,Parked Car,2,0,0,2,0,0,0,2020/09/19 00:00:00+00,N,Overcast,Unknown,Daylight,NA,Y
218899,Intersection,4TH AVE S AND SEATTLE BLVD S,2,Injury Collision,Cycles,2,0,1,1,1,0,0,2020/07/13 00:00:00+00,N,Clear,Dry,Daylight,NA,N
218900,Intersection,6TH AVE AND JAMES ST,1,Property Damage Only Collision,Left Turn,5,0,0,2,0,0,0,2020/07/26 00:00:00+00,N,Clear,Dry,Daylight,NA,N
218901,Intersection,DELRIDGE WAY SW AND SW EDMUNDS ST,2,Injury Collision,Other,1,0,0,1,1,0,0,2020/10/11 00:00:00+00,N,Raining,Wet,Dark - Street Lights On,NA,N
218902,Intersection,RENTON AVE S AND S ROXBURY ST,2,Injury Collision,Angles,2,0,0,2,1,0,0,2020/09/30 00:00:00+00,N,Clear,Dry,Dark - Street Lights On,NA,N
218904,Block,PHINNEY AVE N BETWEEN N 56TH ST AND N 58TH ST,1,Property Damage Only Collision,Rear Ended,3,0,0,2,0,0,0,2020/08/24 00:00:00+00,N,Clear,Dry,Daylight,NA,N