OBJECTID,ADDRTYPE,LOCATION,SEVERITYCODE,SEVERITYDESC,COLLISIONTYPE,PERSONCOUNT,PEDCOUNT,PEDCYLCOUNT,VEHCOUNT,INJURIES,SERIOUSINJURIES,FATALITIES,INCDATE,UNDERINFL,WEATHER,ROADCOND,LIGHTCOND,SPEEDING,HITPARKEDCAR
218906,Intersection,6TH AVE AND BLANCHARD ST,1,Property Damage Only Collision,NA,2,0,0,0,0,0,0,2020/08/25 00:00:00+00,NA,NA,NA,NA,NA,Y
218907,Block,NE 103RD ST BETWEEN 8TH AVE NE AND ROOSEVELT WAY NE,1,Property Damage Only Collision,Other,2,0,0,1,0,0,0,2020/06/19 00:00:00+00,N,Clear,Dry,Daylight,NA,N
218908,Intersection,8TH AVE SW AND SW ROXBURY ST,1,Property Damage Only Collision,Left Turn,2,0,0,2,0,0,0,2020/08/12 00:00:00+00,N,Clear,Dry,Daylight,NA,N
218909,Block,DELRIDGE WAY SW BETWEEN SW GENESEE ST AND SW OREGON ST,1,Property Damage Only Collision,Other,1,0,0,1,0,0,0,2020/07/26 00:00:00+00,N,Clear,Dry,Dark - Street Lights On,Y,N
218910,Block,W NICKERSON ST BETWEEN 6TH AVE W AND 8TH AVE W,2b,Serious Injury Collision,Cycles,2,0,1,1,1,1,0,2020/06/01 00:00:00+00,N,Clear,Dry,Daylight,NA,Y
218911,Intersection,QUEEN ANNE AVE N AND THOMAS ST,2,Injury Collision,Angles,2,0,0,2,2,0,0,2020/09/30 00:00:00+00,N,Clear,Dry,Daylight,NA,N
218912,Block,HARBOR AVE SW BETWEEN FAIRMOUNT AVE SW AND SW BRONSON WAY,1,Property Damage Only Collision,Parked Car,2,0,0,2,0,0,0,2020/07/05 00:00:00+00,N,Clear,Dry,Daylight,NA,Y
218913,Block,30TH AVE NE BETWEEN NE 107TH ST AND NE 110TH ST,1,Property Damage Only Collision,Parked Car,2,0,0,2,0,0,0,2020/08/27 00:00:00+00,N,Clear,Dry,Daylight,NA,N
218914,Block,AURORA AVE N BETWEEN N 127TH ST AND N 128TH ST,2,Injury Collision,Rear Ended,4,0,0,3,1,0,0,2020/07/27 00:00:00+00,N,Clear,Dry,Daylight,NA,N
218915,Block,SW ADMIRAL WAY BETWEEN 41ST AVE SW AND 42ND AVE SW,1,Property Damage Only Collision,Rear Ended,3,0,0,2,0,0,0,2020/08/27 00:00:00+00,N,Clear,Dry,Dark - Street Lights On,NA,N
218916,Intersection,GREENWOOD AVE N AND N 110TH ST,2,Injury Collision,Other,2,0,0,2,2,0,0,2020/06/12 00:00:00+00,N,Clear,Dry,Daylight,NA,N
218917,Block,M L KING JR ER WAY S BETWEEN CITY LIMITS AND S RYAN WAY,2,Injury Collision,NA,2,0,0,0,1,0,0,2020/01/06 00:00:00+00,NA,NA,NA,NA,NA,N
218918,Intersection,15TH AVE NW AND NW 85TH ST,1,Property Damage Only Collision,Sideswipe,2,0,0,2,0,0,0,2020/08/18 00:00:00+00,N,Clear,Dry,Daylight,NA,N
218919,Intersection,15TH AVE S AND S COLLEGE ST,1,Property Damage Only Collision,Angles,2,0,0,2,0,0,0,2020/07/08 00:00:00+00,N,Overcast,Dry,Daylight,NA,N
218920,Intersection,45TH AVE SW AND SW COLLEGE ST,1,Property Damage Only Collision,Angles,2,0,0,2,0,0,0,2020/07/28 00:00:00+00,N,Clear,Dry,Daylight,NA,N
218921,Intersection,WOODLAWN AVE N AND N 41ST ST,0,Unknown,NA,0,0,0,0,0,0,0,2020/07/22 00:00:00+00,NA,NA,NA,NA,NA,Y
218922,Block,S ORCAS ST BETWEEN EAST MARGINAL WAY S AND 1ST AVE S,1,Property Damage Only Collision,Parked Car,2,0,0,2,0,0,0,2020/10/15 00:00:00+00,N,Clear,Dry,Daylight,NA,N
218923,Intersection,CORLISS AVE N AND N 122ND ST,1,Property Damage Only Collision,Other,1,0,0,1,0,0,0,2020/09/11 00:00:00+00,N,Fog/Smog/Smoke,Dry,Dark - Street Lights On,Y,N
218925,Block,25TH AVE SW BETWEEN SW TRENTON ST AND SW HENDERSON ST,2,Injury Collision,Angles,3,0,0,3,1,0,0,2020/09/17 00:00:00+00,N,Clear,Dry,Dark - Street Lights On,NA,N
218927,Block,7TH AVE BETWEEN LENORA ST AND BLANCHARD ST,2,Injury Collision,Rear Ended,2,0,0,2,1,0,0,2020/09/11 00:00:00+00,N,Fog/Smog/Smoke,Dry,Daylight,NA,N
218928,Block,CHERRY ST BETWEEN 2ND AVE AND 3RD AVE,0,Unknown,NA,1,0,0,0,0,0,0,2020/10/04 00:00:00+00,NA,NA,NA,NA,NA,Y
218929,Block,ALBION PL N BETWEEN N 36TH ST AND N 38TH ST,0,Unknown,NA,0,0,0,0,0,0,0,2020/09/04 00:00:00+00,NA,NA,NA,NA,NA,Y
218931,Block,15TH AVE NE BETWEEN NE PACIFIC ST AND NE 40TH ST,1,Property Damage Only Collision,Rear Ended,2,0,0,2,0,0,0,2020/10/20 00:00:00+00,N,Clear,Dry,Dark - Street Lights On,NA,N
218933,Block,9TH AVE N BETWEEN MERCER SR ST AND MERCER NR ST,1,Property Damage Only Collision,Rear Ended,2,0,0,2,0,0,0,2020/09/01 00:00:00+00,N,Clear,Dry,Daylight,NA,N
218934,Intersection,4TH AVE S AND S JACKSON ST,1,Property Damage Only Collision,Angles,2,0,0,2,0,0,0,2020/08/19 00:00:00+00,N,Clear,Dry,Daylight,NA,N
218935,Intersection,AURORA AVE N AND N 94TH ST,2,Injury Collision,Left Turn,2,0,0,2,1,0,0,2020/08/06 00:00:00+00,N,Overcast,Dry,Daylight,NA,N
218936,Intersection,RAINIER AVE S AND S MCCLELLAN ST,1,Property Damage Only Collision,Sideswipe,2,0,0,2,0,0,0,2020/07/20 00:00:00+00,N,Clear,Dry,Daylight,NA,N
218937,Block,43RD AVE E BETWEEN E NEWTON ST AND E LYNN ST,0,Unknown,NA,2,0,0,0,0,0,0,2020/08/30 00:00:00+00,NA,NA,NA,NA,NA,Y
218938,Block,NE 145TH ST BETWEEN 24TH AVE NE AND 25TH AVE NE,1,Property Damage Only Collision,Rear Ended,2,0,0,2,0,0,0,2020/06/11 00:00:00+00,N,Raining,Wet,Daylight,Y,N
218939,Block,S DEARBORN ST BETWEEN DEARBORN OFF RP AND DEARBORN ST OFF RP,1,Property Damage Only Collision,Sideswipe,3,0,0,2,0,0,0,2020/07/10 00:00:00+00,N,Clear,Dry,Daylight,NA,N
218940,Intersection,30TH AVE NE AND BURKE GILMAN TRL,2,Injury Collision,NA,2,0,0,0,1,0,0,2020/06/24 00:00:00+00,NA,NA,NA,NA,NA,N
218941,Block,25TH AVE SW BETWEEN SW DAKOTA ST AND SW GENESEE ST,1,Property Damage Only Collision,Parked Car,3,0,0,3,0,0,0,2020/09/22 00:00:00+00,N,Other,Unknown,Dark - Street Lights On,NA,N
218942,Block,47TH AVE SW BETWEEN SW ALASKA ST AND SW EDMUNDS ST,1,Property Damage Only Collision,NA,2,0,0,0,0,0,0,2020/08/20 00:00:00+00,NA,NA,NA,NA,NA,Y
218943,Intersection,GREENWOOD AVE N AND N 103RD ST,2,Injury Collision,Angles,3,0,0,2,1,0,0,2020/09/05 00:00:00+00,N,Clear,Dry,Daylight,NA,N
218944,Block,8TH AVE N BETWEEN NEWTON ST AND CROCKETT ST,0,Unknown,NA,0,0,0,0,0,0,0,2020/08/31 00:00:00+00,NA,NA,NA,NA,NA,Y
218945,Block,BEACON ER AVE S BETWEEN BEACON WR N AVE S AND CHEASTY BLVD S,0,Unknown,NA,0,0,0,0,0,0,0,2020/08/24 00:00:00+00,NA,NA,NA,NA,NA,Y
218946,Intersection,8TH AVE NW AND NW 67TH ST,2,Injury Collision,Angles,3,0,0,2,1,0,0,2020/07/13 00:00:00+00,N,Clear,Dry,Daylight,NA,N
218948,Intersection,28TH AVE NE AND NE 107TH ST,1,Property Damage Only Collision,NA,2,0,0,0,0,0,0,2020/09/08 00:00:00+00,NA,NA,NA,NA,NA,N
218949,Intersection,7TH AVE AND JAMES ST,2,Injury Collision,Pedestrian,2,1,0,1,1,0,0,2020/01/06 00:00:00+00,N,Overcast,Wet,Dark - Street Lights On,NA,N
218950,Intersection,AURORA AVE N AND N 135TH ST,1,Property Damage Only Collision,Sideswipe,2,0,0,2,0,0,0,2020/07/30 00:00:00+00,N,Clear,Dry,Daylight,NA,N
218951,Intersection,3RD AVE AND SPRING ST,2b,Serious Injury Collision,NA,2,0,0,0,1,0,0,2020/06/03 00:00:00+00,NA,NA,NA,NA,NA,N
218952,Intersection,36TH AVE SW AND SW BARTON ST,2,Injury Collision,Angles,2,0,0,2,1,0,0,2020/08/07 00:00:00+00,N,Overcast,Dry,Daylight,NA,N
218953,Block,46TH AVE SW BETWEEN 47TH PL SW AND SW WILLOW ST,1,Property Damage Only Collision,Parked Car,3,0,0,3,0,0,0,2020/06/22 00:00:00+00,N,Clear,Dry,Dusk,NA,Y
218954,Intersection,1ST AVE NE AND ROOSEVELT WAY NE,2,Injury Collision,Angles,5,0,0,2,2,0,0,2020/09/27 00:00:00+00,N,Clear,Dry,Daylight,NA,N
218955,Block,BROOKLYN AVE NE BETWEEN NE 41ST ST AND NE 42ND ST,1,Property Damage Only Collision,NA,2,0,0,0,0,0,0,2020/08/29 00:00:00+00,NA,NA,NA,NA,NA,N
218956,Intersection,DAYTON AVE N AND N 80TH ST,2,Injury Collision,Angles,2,0,0,2,1,0,0,2020/07/08 00:00:00+00,N,Clear,Dry,Daylight,NA,N
218957,Block,RAINIER AVE S BETWEEN S ANGELINE ST AND S EDMUNDS ST,1,Property Damage Only Collision,Rear Ended,3,0,0,2,0,0,0,2020/09/20 00:00:00+00,N,Overcast,Wet,Daylight,NA,N
218958,Intersection,20TH AVE AND E JEFFERSON ST,2,Injury Collision,Angles,2,0,0,2,1,0,0,2020/07/31 00:00:00+00,N,Clear,Dry,Daylight,NA,N
218959,Intersection,2ND AVE SW AND HIGHLAND PARK WAY SW,1,Property Damage Only Collision,Rear Ended,2,0,0,2,0,0,0,2020/09/21 00:00:00+00,N,Clear,Dry,Daylight,NA,N
218961,Intersection,FLORENTIA ST AND WARREN AVE N,1,Property Damage Only Collision,Angles,3,0,0,2,0,0,0,2020/05/24 00:00:00+00,N,Clear,Dry,Daylight,NA,N
218962,Block,WEST GREEN LAKE WAY N BETWEEN GREEN LAKE TURN RD AND N 63RD ST,1,Property Damage Only Collision,NA,2,0,0,0,0,0,0,2020/08/08 00:00:00+00,NA,NA,NA,NA,NA,Y
218963,Block,AURORA AVE N BETWEEN DEXTER WAY N AND HALLADAY ST,2,Injury Collision,Angles,3,0,0,2,1,0,0,2020/01/28 00:00:00+00,N,Raining,Wet,Dawn,NA,N
218964,Block,57TH AVE S BETWEEN S HOLLY ST AND DEAD END 1,1,Property Damage Only Collision,NA,1,0,0,0,0,0,0,2020/07/16 00:00:00+00,NA,NA,NA,NA,NA,N
218966,Block,47TH AVE SW BETWEEN SW FONTANELLE ST AND FAUNTLEROY WAY SW,1,Property Damage Only Collision,Other,1,0,0,1,0,0,0,2020/08/15 00:00:00+00,N,Clear,Dry,Dark - Street Lights On,NA,N
218967,Intersection,25TH AVE SW AND SW ROXBURY ST,2,Injury Collision,NA,1,0,0,0,1,0,0,2020/08/06 00:00:00+00,NA,NA,NA,NA,NA,N
218968,Block,RAINIER AVE S BETWEEN RAINIER NB I90 EB ON RP AND S MASSACHUSETTS ST,2,Injury Collision,Angles,2,0,0,2,1,0,0,2020/06/11 00:00:00+00,N,Clear,Dry,Daylight,NA,N
218969,Block,NW MARKET ST BETWEEN 11TH AVE NW AND 14TH AVE NW,1,Property Damage Only Collision,Sideswipe,3,0,0,3,0,0,0,2020/10/08 00:00:00+00,N,Clear,Dry,Daylight,NA,N
218970,Block,S BATEMAN ST BETWEEN 42ND AVE S AND 44TH AVE S,1,Property Damage Only Collision,NA,2,0,0,0,0,0,0,2020/06/06 00:00:00+00,NA,NA,NA,NA,NA,Y
218971,Intersection,5TH AVE NE AND NE 73RD ST,2,Injury Collision,Angles,4,0,0,4,2,0,0,2020/09/15 00:00:00+00,N,Clear,Wet,Daylight,NA,N
218972,Intersection,RAINIER AVE S AND S MOUNT BAKER WB BV,0,Unknown,NA,0,0,0,0,0,0,0,2020/08/12 00:00:00+00,NA,NA,NA,NA,NA,Y
218973,Intersection,9TH AVE AND JEFFERSON ST,2,Injury Collision,Pedestrian,2,1,0,1,1,0,0,2020/02/24 00:00:00+00,N,Clear,Dry,Daylight,NA,N
218974,Intersection,12TH AVE NE AND NE 65TH ST,1,Property Damage Only Collision,Angles,3,0,0,2,0,0,0,2020/10/13 00:00:00+00,N,Clear,Dry,Dark - Street Lights On,NA,N
218975,Intersection,4TH AVE AND LENORA ST,1,Property Damage Only Collision,Left Turn,3,0,0,2,0,0,0,2020/01/05 00:00:00+00,N,Raining,Wet,Daylight,NA,N
218976,Block,3RD AVE BETWEEN SENECA ST AND UNIVERSITY ST,0,Unknown,NA,0,0,0,0,0,0,0,2020/02/03 00:00:00+00,NA,NA,NA,NA,NA,Y
218977,Intersection,28TH AVE SW AND SW OTHELLO ST,1,Property Damage Only Collision,Other,1,0,0,1,0,0,0,2020/09/27 00:00:00+00,N,Clear,Dry,Dark - Street Lights On,NA,N
218978,Block,NE 42ND ST BETWEEN UNIVERSITY WAY NE AND 15TH AVE NE,0,Unknown,NA,0,0,0,0,0,0,0,2020/09/08 00:00:00+00,NA,NA,NA,NA,NA,Y
218979,Intersection,1ST AVE N AND WARD ST,1,Property Damage Only Collision,Angles,2,0,0,2,0,0,0,2020/07/28 00:00:00+00,N,Clear,Dry,Daylight,NA,N
218980,Block,19TH AVE NE BETWEEN NE 47TH ST AND NE 50TH ST,1,Property Damage Only Collision,Parked Car,2,0,0,2,0,0,0,2020/06/28 00:00:00+00,N,Clear,Dry,Dark - Unknown Lighting,NA,Y
218981,Intersection,11TH AVE NW AND NW 57TH ST,1,Property Damage Only Collision,Angles,3,0,0,3,0,0,0,2020/07/31 00:00:00+00,N,Clear,Dry,Daylight,NA,N
218982,Block,15TH AVE NW BETWEEN NW 83RD ST AND NW 85TH ST,1,Property Damage Only Collision,Parked Car,2,0,0,2,0,0,0,2020/07/28 00:00:00+00,N,Clear,Dry,Daylight,NA,N
218983,Block,15TH AVE NE BETWEEN NE 70TH ST AND NE 73RD ST,1,Property Damage Only Collision,NA,2,0,0,0,0,0,0,2020/07/22 00:00:00+00,NA,NA,NA,NA,NA,Y
218984,Block,RENTON AVE S BETWEEN S CLOVERDALE ST AND S TRENTON ST,1,Property Damage Only Collision,Head On,4,0,0,2,0,0,0,2020/09/23 00:00:00+00,N,Raining,Wet,Dark - Street Lights On,NA,N
218985,Block,NW 65TH ST BETWEEN 10TH AVE NW AND 11TH E AVE NW,0,Unknown,NA,0,0,0,0,0,0,0,2020/09/05 00:00:00+00,NA,NA,NA,NA,NA,Y
218987,Block,35TH AVE SW BETWEEN FAUNTLEROY S WAY SW AND SW AVALON WAY,2,Injury Collision,Angles,3,0,0,2,1,0,0,2020/09/04 00:00:00+00,N,Clear,Dry,Daylight,NA,N
218989,Intersection,BANNER WAY NE AND NE 80TH ST,2,Injury Collision,Angles,2,0,0,2,1,0,0,2020/08/05 00:00:00+00,N,Clear,Dry,Dark - Street Lights On,NA,N
218990,Block,SHILSHOLE AVE NW BETWEEN NW DOCK PL AND 20TH AVE NW,2,Injury Collision,Other,1,0,0,1,1,0,0,2020/02/25 00:00:00+00,N,Clear,Dry,Dark - Street Lights On,NA,N
218991,Block,NE 45TH ST BETWEEN 8TH E AVE NE AND 9TH W AVE NE,1,Property Damage Only Collision,Angles,2,0,0,2,0,0,0,2020/09/10 00:00:00+00,N,Clear,Dry,Daylight,NA,N
218993,Block,NW 65TH ST BETWEEN 4TH E AVE NW AND 4TH W AVE NW,2,Injury Collision,Rear Ended,3,1,0,2,1,0,0,2020/09/08 00:00:00+00,N,Clear,Dry,Dark - Street Lights On,NA,N
218995,Intersection,AURORA AVE N AND N 127TH ST,2,Injury Collision,Angles,2,0,0,2,2,0,0,2020/08/04 00:00:00+00,N,Clear,Dry,Daylight,NA,N
218996,Intersection,20TH AVE NE AND NE 65TH ST,1,Property Damage Only Collision,Right Turn,2,0,0,2,0,0,0,2020/06/20 00:00:00+00,N,Overcast,Dry,Daylight,NA,N
218997,Block,15TH AVE E BETWEEN E DENNY WAY AND E JOHN SR ST,0,Unknown,NA,0,0,0,0,0,0,0,2020/09/13 00:00:00+00,NA,NA,NA,NA,NA,Y
218998,Block,12TH AVE NE BETWEEN NE 65TH ST AND NE 66TH ST,0,Unknown,NA,2,0,0,0,0,0,0,2020/07/28 00:00:00+00,NA,NA,NA,NA,NA,Y
218999,Block,1ST AVE BETWEEN LENORA ST AND BLANCHARD ST,1,Property Damage Only Collision,Parked Car,3,0,0,2,0,0,0,2020/07/08 00:00:00+00,N,Clear,Dry,Daylight,NA,N
219000,Block,35TH AVE SW BETWEEN SW RAYMOND ST AND SW GRAHAM ST,1,Property Damage Only Collision,Parked Car,2,0,0,2,0,0,0,2020/08/31 00:00:00+00,N,Clear,Unknown,Dark - Street Lights On,NA,Y
219001,Intersection,1ST AVE S AND S CLOVERDALE W ST,2,Injury Collision,Other,1,0,0,1,1,0,0,2020/05/04 00:00:00+00,N,Clear,Dry,Daylight,NA,N
219002,Block,16TH AVE S BETWEEN S JACKSON ST AND S JACKSON PL,1,Property Damage Only Collision,NA,1,0,0,0,0,0,0,2020/06/29 00:00:00+00,NA,NA,NA,NA,NA,N
219003,NA,NA,1,Property Damage Only Collision,NA,3,0,0,0,0,0,0,2020/08/23 00:00:00+00,NA,NA,NA,NA,NA,N
219004,Block,YALE AVE N BETWEEN MERCER ST AND DEAD END 1,1,Property Damage Only Collision,Parked Car,3,0,0,2,0,0,0,2020/08/29 00:00:00+00,N,Clear,Dry,Dark - Street Lights On,NA,Y
219005,Alley,NA,0,Unknown,NA,0,0,0,0,0,0,0,2020/07/13 00:00:00+00,NA,NA,NA,NA,NA,N
219006,Intersection,9TH AVE N AND ROY ST,1,Property Damage Only Collision,NA,3,0,0,0,0,0,0,2020/09/02 00:00:00+00,NA,NA,NA,NA,NA,N
219007,Block,GRANDVIEW PL E BETWEEN E GALER ST AND E GARFIELD ST,0,Unknown,NA,0,0,0,0,0,0,0,2020/08/07 00:00:00+00,NA,NA,NA,NA,NA,Y
219008,Block,15TH AVE SW BETWEEN SW BARTON ST AND SW CAMBRIDGE ST,1,Property Damage Only Collision,NA,1,0,0,0,0,0,0,2020/07/13 00:00:00+00,NA,NA,NA,NA,NA,Y
219009,Block,AURORA AVE N BETWEEN N 117TH PL AND N 125TH ST,2,Injury Collision,Angles,2,0,0,2,1,0,0,2020/01/23 00:00:00+00,N,Raining,Wet,Dark - Street Lights On,NA,N
219010,Block,28TH AVE W BETWEEN W RAYE S ST AND W RAYE N ST,2,Injury Collision,Parked Car,2,0,0,2,1,0,0,2020/09/11 00:00:00+00,N,Clear,Dry,Dark - Street Lights On,NA,Y
219012,Block,GREENWOOD AVE N BETWEEN N 125TH ST AND N 127TH ST,2,Injury Collision,Other,3,0,0,2,2,0,0,2020/09/04 00:00:00+00,N,Clear,Dry,Daylight,NA,N
219013,Block,AURORA AVE N BETWEEN N 85TH ST AND N 86TH ST,1,Property Damage Only Collision,Right Turn,2,0,0,2,0,0,0,2020/08/03 00:00:00+00,N,Clear,Dry,Daylight,NA,N
219014,Intersection,24TH AVE S AND S MAIN ST,1,Property Damage Only Collision,NA,2,0,0,0,0,0,0,2020/07/02 00:00:00+00,NA,NA,NA,NA,NA,N
219015,Intersection,M L KING JR WAY S AND S PLUM ST,2,Injury Collision,Right Turn,2,0,0,2,2,0,0,2020/05/04 00:00:00+00,N,Clear,Dry,Daylight,NA,N
219016,Block,S OTHELLO ST BETWEEN 48TH AVE S AND RAINIER AVE S,1,Property Damage Only Collision,Rear Ended,2,0,0,2,0,0,0,2020/07/07 00:00:00+00,N,Clear,Dry,Daylight,NA,N
219017,NA,NA,0,Unknown,NA,0,0,0,0,0,0,0,2020/01/15 00:00:00+00,NA,NA,NA,NA,NA,N
219018,Intersection,14TH AVE SW AND SW HOLDEN ST,1,Property Damage Only Collision,Parked Car,2,0,0,2,0,0,0,2020/08/31 00:00:00+00,N,Clear,Dry,Daylight,NA,Y
219019,Block,S WALKER ST BETWEEN 25TH AVE S AND M L KING JR WAY S,1,Property Damage Only Collision,NA,1,0,0,0,0,0,0,2020/08/02 00:00:00+00,NA,NA,NA,NA,NA,N
219020,Block,ROOSEVELT WAY NE BETWEEN NE 89TH ST AND NE 90TH ST,1,Property Damage Only Collision,NA,2,0,0,0,0,0,0,2020/10/04 00:00:00+00,NA,NA,NA,NA,NA,Y
219021,Block,NE 45TH ST BETWEEN 17TH NB AVE NE AND 18TH AVE NE,2,Injury Collision,Rear Ended,3,0,0,2,2,0,0,2020/09/23 00:00:00+00,N,Raining,Wet,Daylight,Y,N
219022,Intersection,PHINNEY AVE N AND N 105TH ST,1,Property Damage Only Collision,Angles,2,0,0,2,0,0,0,2020/06/26 00:00:00+00,N,Overcast,Dry,Daylight,NA,N
219023,Block,42ND AVE SW BETWEEN SW ROXBURY ST AND SW 98TH ST,2,Injury Collision,Other,1,0,0,1,1,0,0,2020/08/14 00:00:00+00,N,Clear,Dry,Daylight,NA,N
219024,Block,MARION ST BETWEEN TERRY AVE AND BOREN AVE,1,Property Damage Only Collision,Parked Car,2,0,0,2,0,0,0,2020/09/03 00:00:00+00,N,Clear,Dry,Daylight,NA,Y
219026,Block,LINDEN AVE N BETWEEN N 102ND ST AND N 103RD ST,1,Property Damage Only Collision,Parked Car,2,0,0,2,0,0,0,2020/07/14 00:00:00+00,N,Clear,Dry,Daylight,NA,Y
219027,NA,NA,0,Unknown,NA,0,0,0,0,0,0,0,2020/06/24 00:00:00+00,NA,NA,NA,NA,NA,N
219028,Intersection,MERIDIAN AVE N AND N 107TH ST,2,Injury Collision,Angles,3,0,0,2,1,0,0,2020/05/22 00:00:00+00,N,Raining,Wet,Dark - Street Lights On,NA,N
219029,Block,2ND AVE S BETWEEN S WASHINGTON ST AND S MAIN ST,0,Unknown,NA,2,0,0,0,0,0,0,2020/09/27 00:00:00+00,NA,NA,NA,NA,NA,Y
219030,Block,10TH AVE S BETWEEN S WASHINGTON ST AND S MAIN ST,1,Property Damage Only Collision,NA,1,0,0,0,0,0,0,2020/08/22 00:00:00+00,NA,NA,NA,NA,NA,Y
219031,Block,55TH AVE S BETWEEN S FLETCHER ST AND S ROXBURY ST,1,Property Damage Only Collision,Parked Car,2,0,0,2,0,0,0,2020/06/08 00:00:00+00,N,Clear,Dry,Daylight,NA,Y
219032,Block,RENTON AVE S BETWEEN S MEAD ST AND S JUNEAU ST,0,Unknown,NA,2,0,0,0,0,0,0,2020/09/09 00:00:00+00,NA,NA,NA,NA,NA,Y
219033,Intersection,QUEEN ANNE DR AND WARREN AVE N,1,Property Damage Only Collision,NA,2,0,0,0,0,0,0,2020/08/10 00:00:00+00,NA,NA,NA,NA,NA,N
219034,Block,RAINIER AVE S BETWEEN S CLOVERDALE ST AND S HENDERSON ST,2,Injury Collision,Rear Ended,4,0,0,3,1,0,0,2020/06/19 00:00:00+00,N,Clear,Dry,Daylight,NA,N
219036,Intersection,3RD AVE NW AND NW 75TH ST,1,Property Damage Only Collision,Angles,2,0,0,2,0,0,0,2020/07/12 00:00:00+00,N,Clear,Dry,Daylight,NA,N
219038,Block,FRANKLIN AVE E BETWEEN E LYNN ST AND E LOUISA ST,0,Unknown,NA,2,0,0,0,0,0,0,2020/07/16 00:00:00+00,NA,NA,NA,NA,NA,Y
219039,Block,LINDEN AVE N BETWEEN N 84TH ST AND N 85TH ST,0,Unknown,NA,2,0,0,0,0,0,0,2020/07/14 00:00:00+00,NA,NA,NA,NA,NA,Y
219040,Block,5TH AVE BETWEEN SPRING ST AND SENECA ST,1,Property Damage Only Collision,Rear Ended,3,0,0,2,0,0,0,2020/08/03 00:00:00+00,N,Clear,Dry,Daylight,NA,N
219041,Intersection,STANLEY AVE S AND S ALBRO PL,1,Property Damage Only Collision,Sideswipe,2,0,0,2,0,0,0,2020/07/07 00:00:00+00,N,Overcast,Dry,Daylight,NA,N
219042,Block,WOLCOTT AVE S BETWEEN DEAD END 2 AND S ROSE ST,1,Property Damage Only Collision,Parked Car,3,0,0,3,0,0,0,2020/07/27 00:00:00+00,N,Clear,Dry,Daylight,NA,N
219043,Intersection,3RD AVE S AND S BRANDON ST,1,Property Damage Only Collision,Angles,3,0,0,2,0,0,0,2020/09/26 00:00:00+00,N,Clear,Dry,Daylight,NA,N
219044,Block,25TH AVE SW BETWEEN SW CAMBRIDGE ST AND SW ROXBURY ST,1,Property Damage Only Collision,Parked Car,3,0,0,2,0,0,0,2020/08/11 00:00:00+00,N,Clear,Dry,Daylight,NA,N
219045,Block,QUEEN ANNE AVE N BETWEEN HOWE ST AND CROCKETT ST,1,Property Damage Only Collision,Parked Car,2,0,0,2,0,0,0,2020/07/01 00:00:00+00,N,Overcast,Dry,Daylight,NA,Y
219046,Block,AURORA AVE N BETWEEN N 90TH ST AND N 91ST ST,2,Injury Collision,Angles,4,0,0,3,1,0,0,2020/10/09 00:00:00+00,N,Overcast,Dry,Daylight,NA,N
219047,Intersection,RAINIER AVE S AND S CHARLES N ST,2,Injury Collision,Left Turn,5,0,0,2,4,0,0,2020/08/05 00:00:00+00,N,Clear,Dry,Daylight,NA,N
219048,Intersection,AIRPORT WAY S AND S ROYAL BROUGHAM WAY,1,Property Damage Only Collision,Angles,2,0,0,2,0,0,0,2020/06/15 00:00:00+00,N,Overcast,Dry,Daylight,NA,N
219049,Block,RAINIER AVE S BETWEEN S EDMUNDS ST AND S FERDINAND ST,1,Property Damage Only Collision,Sideswipe,2,0,0,2,0,0,0,2020/10/15 00:00:00+00,N,Clear,Dry,Daylight,NA,N
219051,Intersection,RAINIER AVE S AND S ROSE N ST,2b,Serious Injury Collision,Left Turn,3,0,0,2,3,1,0,2020/09/02 00:00:00+00,N,Clear,Dry,Dark - Street Lights On,NA,N
219052,Block,4TH AVE S BETWEEN S FRONT ST AND S MICHIGAN ST,1,Property Damage Only Collision,NA,1,0,0,0,0,0,0,2020/07/15 00:00:00+00,NA,NA,NA,NA,NA,N
219054,NA,NA,0,Unknown,NA,0,0,0,0,0,0,0,2020/07/16 00:00:00+00,NA,NA,NA,NA,NA,N
219055,Intersection,4TH AVE S AND S JACKSON ST,1,Property Damage Only Collision,Angles,5,0,0,2,0,0,0,2020/08/09 00:00:00+00,N,Clear,Dry,Daylight,NA,N
219056,Block,SW SPOKANE SR ST BETWEEN CHELAN AVE SW AND SW SPOKANE CR ST,1,Property Damage Only Collision,Sideswipe,2,0,0,2,0,0,0,2020/08/19 00:00:00+00,N,Clear,Dry,Daylight,NA,N
219057,Block,S COLUMBIAN WAY BETWEEN 24TH AVE S AND S ANGELINE E ST,1,Property Damage Only Collision,Sideswipe,3,0,0,2,0,0,0,2020/07/15 00:00:00+00,N,Clear,Dry,Daylight,NA,N
219058,Intersection,FAIRVIEW AVE N AND HARRISON ST,1,Property Damage Only Collision,Other,1,0,0,1,0,0,0,2020/10/21 00:00:00+00,N,Overcast,Dry,Dark - Street Lights On,NA,N
219059,Block,AURORA AVE N BETWEEN N 107TH S ST AND N 107TH N ST,1,Property Damage Only Collision,Right Turn,2,0,0,2,0,0,0,2020/09/24 00:00:00+00,N,Overcast,Dry,Daylight,NA,N
219060,Intersection,ELLIOTT AVE W AND W GALER ST,1,Property Damage Only Collision,Rear Ended,2,0,0,2,0,0,0,2020/09/12 00:00:00+00,N,Fog/Smog/Smoke,Dry,Dark - Street Lights On,NA,N