OBJECTID,ADDRTYPE,LOCATION,SEVERITYCODE,SEVERITYDESC,COLLISIONTYPE,PERSONCOUNT,PEDCOUNT,PEDCYLCOUNT,VEHCOUNT,INJURIES,SERIOUSINJURIES,FATALITIES,INCDATE,UNDERINFL,WEATHER,ROADCOND,LIGHTCOND,SPEEDING,HITPARKEDCAR
219061,Intersection,DELRIDGE WAY SW AND SW CAMBRIDGE ST,2b,Serious Injury Collision,NA,2,0,0,0,1,0,0,2020/09/05 00:00:00+00,NA,NA,NA,NA,NA,N
219062,Block,BROOKLYN AVE NE BETWEEN NE 52ND ST AND NE 55TH ST,1,Property Damage Only Collision,Parked Car,2,0,0,2,0,0,0,2020/07/05 00:00:00+00,N,Clear,Dry,Dawn,NA,N
219063,Intersection,ROOSEVELT WAY NE AND NE 50TH ST,2,Injury Collision,Angles,2,0,0,2,1,0,0,2020/09/07 00:00:00+00,N,Clear,Dry,Dark - Street Lights On,NA,N
219064,Block,BEACON WR AVE S BETWEEN S ALASKA ST AND S COLUMBIAN WAY,1,Property Damage Only Collision,Angles,2,0,0,2,0,0,0,2020/06/25 00:00:00+00,N,Clear,Dry,Daylight,NA,Y
219065,Block,5TH AVE S BETWEEN S MICHIGAN ST AND S RIVER ST,1,Property Damage Only Collision,NA,1,0,0,0,0,0,0,2020/01/31 00:00:00+00,NA,NA,NA,NA,NA,Y
219066,Block,NW 60TH ST BETWEEN 17TH AVE NW AND 20TH AVE NW,1,Property Damage Only Collision,Sideswipe,2,0,0,2,0,0,0,2020/08/14 00:00:00+00,N,Clear,Dry,Daylight,NA,N
219067,Block,WEST MARGINAL WAY S BETWEEN 1ST AVE S AND S HOLDEN ST,1,Property Damage Only Collision,Other,1,0,0,1,0,0,0,2020/10/04 00:00:00+00,N,Overcast,Dry,Daylight,NA,N
219068,Block,25TH AVE S BETWEEN S CHARLES ST AND S NORMAN ST,1,Property Damage Only Collision,Head On,2,0,0,2,0,0,0,2020/08/18 00:00:00+00,N,Clear,Dry,Daylight,NA,N
219069,Block,E OLIVE WAY BETWEEN SUMMIT AVE E AND E JOHN ST,1,Property Damage Only Collision,Parked Car,2,0,0,2,0,0,0,2020/06/21 00:00:00+00,N,Clear,Dry,Daylight,NA,Y
219070,Block,SW BARTON ST BETWEEN 34TH AVE SW AND 35TH AVE SW,1,Property Damage Only Collision,Other,3,0,0,2,0,0,0,2020/08/17 00:00:00+00,N,Clear,Dry,Dark - Street Lights On,NA,Y
219071,Block,RAINIER AVE S BETWEEN S OREGON ST AND S ALASKA ST,1,Property Damage Only Collision,Other,1,0,0,1,0,0,0,2020/07/06 00:00:00+00,N,Clear,Dry,Daylight,Y,N
219072,Intersection,MERIDIAN AVE N AND N 145TH ST,1,Property Damage Only Collision,Angles,2,0,0,2,0,0,0,2020/06/13 00:00:00+00,N,Raining,Wet,Daylight,NA,N
219073,Block,NE 145TH ST BETWEEN 145TH ST ON RP AND 5TH AVE NE,1,Property Damage Only Collision,Rear Ended,2,0,0,2,0,0,0,2020/06/02 00:00:00+00,N,Overcast,Wet,Daylight,Y,N
219074,Block,BEACON AVE S BETWEEN S SPOKANE ST AND BEACON WR AVE S,1,Property Damage Only Collision,Rear Ended,2,0,0,2,0,0,0,2020/06/08 00:00:00+00,N,Clear,Dry,Daylight,NA,N
219075,Block,SW SPOKANE ST BETWEEN TERMINAL 5 ACCESS RP AND WEST MARGINAL TURN RD,2,Injury Collision,Other,1,0,0,1,1,0,0,2020/09/18 00:00:00+00,N,Raining,Wet,Daylight,NA,N
219076,Intersection,RAINIER AVE S AND S GRAHAM ST,1,Property Damage Only Collision,Rear Ended,2,0,0,2,0,0,0,2020/10/06 00:00:00+00,N,Clear,Dry,Daylight,NA,N
219078,Block,AURORA AVE N BETWEEN HARRISON ST AND REPUBLICAN ST,1,Property Damage Only Collision,Rear Ended,2,0,0,2,0,0,0,2020/07/18 00:00:00+00,N,Clear,Dry,Daylight,NA,N
219079,Intersection,LINDEN AVE N AND N 130TH ST,1,Property Damage Only Collision,NA,2,0,0,0,0,0,0,2020/06/21 00:00:00+00,NA,NA,NA,NA,NA,N
219080,Block,AURORA AVE N BETWEEN N 89TH ST AND N 90TH ST,1,Property Damage Only Collision,Pedestrian,2,1,0,1,0,0,0,2020/09/17 00:00:00+00,N,Clear,Dry,Daylight,NA,N
219081,Block,64TH AVE SW BETWEEN ALKI AVE SW AND SW ADMIRAL WAY,1,Property Damage Only Collision,Parked Car,2,0,0,2,0,0,0,2020/07/03 00:00:00+00,N,Clear,Dry,Daylight,NA,Y
219083,Block,ROOSEVELT WAY NE BETWEEN NE 45TH ST AND NE 47TH ST,2,Injury Collision,Cycles,2,0,1,1,1,0,0,2020/09/08 00:00:00+00,N,Clear,NA,Daylight,NA,N
219084,Block,RAINIER AVE S BETWEEN S KENNY ST AND S GRAHAM ST,2,Injury Collision,Other,1,0,0,1,1,0,0,2020/01/07 00:00:00+00,N,Raining,Wet,Dark - Street Lights On,NA,N
219085,Intersection,145TH ST ON RP AND NE 145TH ST,1,Property Damage Only Collision,Left Turn,2,0,0,2,0,0,0,2020/07/28 00:00:00+00,N,Clear,Dry,Daylight,NA,N
219086,Block,BROOKLYN AVE NE BETWEEN NE 45TH ST AND NE 47TH ST,1,Property Damage Only Collision,Parked Car,2,0,0,2,0,0,0,2020/07/21 00:00:00+00,N,Clear,Dry,Daylight,NA,N
219087,Block,UTAH AVE S BETWEEN S WALKER ST AND S STACY ST,1,Property Damage Only Collision,Parked Car,2,0,0,2,0,0,0,2020/09/14 00:00:00+00,N,Clear,Dry,Daylight,NA,N
219088,Intersection,42ND AVE S AND S HUDSON ST,1,Property Damage Only Collision,Angles,3,0,0,2,0,0,0,2020/08/17 00:00:00+00,N,Clear,Dry,Dark - Street Lights On,NA,N
219089,Block,RAINIER AVE S BETWEEN S CHARLES S ST AND S NORMAN ST,1,Property Damage Only Collision,Other,3,0,0,2,0,0,0,2020/06/23 00:00:00+00,N,Overcast,Dry,Daylight,NA,N
219090,Block,NW 63RD ST BETWEEN 15TH AVE NW AND 17TH AVE NW,0,Unknown,NA,2,0,0,0,0,0,0,2020/06/19 00:00:00+00,NA,NA,NA,NA,NA,Y
219091,Block,WABASH AVE S BETWEEN S ROSE ST AND S ROSE S ST,1,Property Damage Only Collision,Parked Car,2,0,0,2,0,0,0,2020/07/15 00:00:00+00,N,Clear,Dry,Daylight,NA,Y
219092,Block,SENECA ST BETWEEN BOYLSTON AVE AND HARVARD AVE,0,Unknown,NA,0,0,0,0,0,0,0,2020/09/29 00:00:00+00,NA,NA,NA,NA,NA,Y
219093,Block,LINDEN AVE N BETWEEN N 95TH ST AND N 96TH ST,0,Unknown,NA,2,0,0,0,0,0,0,2020/09/19 00:00:00+00,NA,NA,NA,NA,NA,Y
219094,Intersection,CORSON AVE S AND EAST MARGINAL WAY S,1,Property Damage Only Collision,Angles,2,0,0,2,0,0,0,2020/09/28 00:00:00+00,N,Clear,Dry,Daylight,NA,N
219096,Block,SW AVALON WAY BETWEEN 30TH AVE SW AND SW GENESEE ST,1,Property Damage Only Collision,Rear Ended,2,0,0,2,0,0,0,2020/08/29 00:00:00+00,N,Clear,Dry,Daylight,NA,N
219097,Intersection,STONE WAY N AND N 39TH ST,1,Property Damage Only Collision,Angles,2,0,0,2,0,0,0,2020/06/19 00:00:00+00,N,Overcast,Dry,Dusk,NA,N
219098,Intersection,DELRIDGE WAY SW AND SW HENDERSON ST,1,Property Damage Only Collision,Left Turn,4,0,0,2,0,0,0,2020/07/09 00:00:00+00,N,Overcast,Dry,Daylight,NA,N
219099,Block,CALIFORNIA AVE SW BETWEEN SW HUDSON ST AND SW DAWSON N ST,1,Property Damage Only Collision,Parked Car,2,0,0,2,0,0,0,2020/01/26 00:00:00+00,N,Raining,Wet,Dark - Street Lights On,NA,Y
219100,Intersection,AURORA AVE N AND N 85TH ST,2,Injury Collision,NA,2,0,0,0,1,0,0,2020/09/18 00:00:00+00,NA,NA,NA,NA,NA,N
219102,Intersection,11TH AVE NE AND NE 42ND ST,2,Injury Collision,Left Turn,2,0,0,2,1,0,0,2020/08/14 00:00:00+00,N,Clear,Dry,Daylight,NA,N
219103,Block,EAST MARGINAL WAY S BETWEEN S MYRTLE ST AND ELLIS AVE S,2,Injury Collision,Angles,5,0,0,3,2,0,0,2020/06/10 00:00:00+00,N,Clear,Dry,Daylight,NA,N
219104,Block,N 45TH ST BETWEEN EASTERN AVE N AND 1ST AVE NE,1,Property Damage Only Collision,Other,1,0,0,1,0,0,0,2020/06/28 00:00:00+00,N,Clear,Dry,Daylight,NA,N
219105,Intersection,41ST AVE SW AND SW ADMIRAL WAY,1,Property Damage Only Collision,Cycles,2,0,1,1,0,0,0,2020/07/29 00:00:00+00,N,Clear,Dry,Daylight,NA,N
219106,Block,1ST AVE S BETWEEN S FINDLAY ST AND S ORCAS ST,2,Injury Collision,NA,2,0,0,0,1,0,0,2020/06/18 00:00:00+00,NA,NA,NA,NA,NA,N
219107,Intersection,7TH AVE S AND S MICHIGAN ST,1,Property Damage Only Collision,Left Turn,4,0,0,3,0,0,0,2020/09/11 00:00:00+00,N,Clear,Dry,Dark - Street Lights On,NA,N
219108,Intersection,15TH AVE NE AND NE RAVENNA EB BV,1,Property Damage Only Collision,Angles,2,0,0,2,0,0,0,2020/09/01 00:00:00+00,N,Clear,Dry,Daylight,NA,N
219109,Block,1ST AV S BR NB BETWEEN EAST MARGINAL WAY S AND 1ST AV S NB OFF RP,1,Property Damage Only Collision,Rear Ended,3,0,0,2,0,0,0,2020/06/12 00:00:00+00,N,Raining,Wet,Dark - Street Lights On,NA,N
219110,Block,23RD AVE E BETWEEN E JOHN ST AND E THOMAS ST,2,Injury Collision,Rear Ended,4,0,0,3,3,0,0,2020/06/24 00:00:00+00,N,Clear,Dry,Daylight,NA,N
219111,Block,AURORA AVE N BETWEEN N 128TH ST AND N 130TH ST,1,Property Damage Only Collision,Sideswipe,2,0,0,2,0,0,0,2020/09/13 00:00:00+00,N,Fog/Smog/Smoke,Dry,Daylight,NA,N
219112,Block,27TH AVE BETWEEN E JEFFERSON ST AND E CHERRY W ST,1,Property Damage Only Collision,Parked Car,2,0,0,2,0,0,0,2020/06/19 00:00:00+00,N,Clear,Dry,Daylight,NA,Y
219113,Block,S EDDY ST BETWEEN CARLETON AVE S AND FLORA AVE S,1,Property Damage Only Collision,Angles,2,0,0,2,0,0,0,2020/07/06 00:00:00+00,N,Clear,Dry,Daylight,NA,N
219114,Block,10TH AVE BETWEEN E PIKE ST AND E PINE ST,0,Unknown,NA,2,0,0,0,0,0,0,2020/08/12 00:00:00+00,NA,NA,NA,NA,NA,Y
219115,Intersection,5TH AVE NE AND NE NORTHGATE WAY,2,Injury Collision,Left Turn,3,0,0,2,1,0,0,2020/09/25 00:00:00+00,N,Clear,Dry,Dark - Street Lights On,NA,N
219116,Intersection,RAINIER AVE S AND S DEARBORN ST,1,Property Damage Only Collision,Rear Ended,3,0,0,2,0,0,0,2020/08/17 00:00:00+00,N,Clear,Dry,Daylight,NA,N
219117,Intersection,8TH AVE NW AND NW 125TH ST,0,Unknown,NA,0,0,0,0,0,0,0,2020/08/07 00:00:00+00,NA,NA,NA,NA,NA,Y
219119,Block,M L KING JR ER WAY S BETWEEN S FINDLAY ST AND S ORCAS ST,2,Injury Collision,Angles,2,0,0,2,1,0,0,2020/08/20 00:00:00+00,N,Overcast,Dry,Daylight,NA,N
219120,Intersection,1ST AVE NE AND NE 145TH ST,1,Property Damage Only Collision,Angles,2,0,0,2,0,0,0,2020/05/27 00:00:00+00,N,Clear,Dry,Daylight,NA,N
219121,Block,ALKI AVE SW BETWEEN SW ILLINOIS ST AND BONAIR DR SW,0,Unknown,NA,0,0,0,0,0,0,0,2020/08/02 00:00:00+00,NA,NA,NA,NA,NA,N
219122,Block,8TH AVE NE BETWEEN NE 68TH ST AND NE 69TH ST,1,Property Damage Only Collision,Parked Car,2,0,0,2,0,0,0,2020/06/28 00:00:00+00,N,Overcast,Wet,Dawn,NA,N
219123,Intersection,51ST AVE S AND S ROXBURY ST,1,Property Damage Only Collision,Angles,2,0,0,2,0,0,0,2020/05/22 00:00:00+00,N,Clear,Dry,Dusk,NA,N
219124,Intersection,6TH AVE AND YESLER WAY,1,Property Damage Only Collision,NA,2,0,0,0,0,0,0,2020/09/16 00:00:00+00,NA,NA,NA,NA,NA,N
219126,Block,AURORA AVE N BETWEEN N 50 UPPER ST AND N 59TH ST,1,Property Damage Only Collision,Other,2,0,0,2,0,0,0,2020/09/12 00:00:00+00,N,Fog/Smog/Smoke,Dry,Dusk,NA,N
219127,Intersection,15TH AVE S AND S MASSACHUSETTS ST,1,Property Damage Only Collision,Parked Car,2,0,0,2,0,0,0,2020/08/22 00:00:00+00,N,Clear,Dry,Dark - Street Lights On,Y,Y
219128,Intersection,RAINIER AVE S AND S KENYON ST,2,Injury Collision,Rear Ended,3,0,0,2,2,0,0,2020/08/23 00:00:00+00,N,Clear,Dry,Dark - Street Lights On,NA,N
219130,Intersection,RAINIER AVE S AND S WELLER ST,2,Injury Collision,Angles,2,0,0,2,1,0,0,2020/07/20 00:00:00+00,N,Clear,Dry,Daylight,NA,N
219131,Block,M L KING JR WAY S BETWEEN E YESLER WAY AND S WASHINGTON ST,1,Property Damage Only Collision,Parked Car,2,0,0,2,0,0,0,2020/01/23 00:00:00+00,N,Clear,Wet,Dark - Street Lights On,NA,N
219132,Block,S CLOVERDALE ST BETWEEN CLOVERDALE ST OFF RP AND 5TH AVE S,1,Property Damage Only Collision,Sideswipe,2,0,0,2,0,0,0,2020/08/20 00:00:00+00,N,Clear,Dry,Daylight,NA,N
219133,Intersection,HIGHLAND PARK WAY SW AND WEST MARGINAL WAY SW,2,Injury Collision,Right Turn,2,0,0,2,1,0,0,2020/07/22 00:00:00+00,N,Clear,Dry,Daylight,NA,N
219134,Intersection,BOREALIS AVE AND BATTERY ST,2,Injury Collision,Angles,2,0,0,2,1,0,0,2020/06/27 00:00:00+00,N,Raining,Wet,Daylight,NA,N
219135,Intersection,4TH AVE S AND S FIDALGO ST,1,Property Damage Only Collision,Rear Ended,2,0,0,2,0,0,0,2020/06/05 00:00:00+00,N,Overcast,Dry,Dawn,NA,N
219136,Block,51ST AVE S BETWEEN S RUGGLES ST AND S CRESTON ST,1,Property Damage Only Collision,Parked Car,2,0,0,2,0,0,0,2020/08/23 00:00:00+00,N,Clear,Dry,Dark - Street Lights On,NA,Y
219137,Block,WEST MARGINAL WAY SW BETWEEN SW DAKOTA ST AND SW IDAHO ST,1,Property Damage Only Collision,Rear Ended,2,0,0,2,0,0,0,2020/06/25 00:00:00+00,N,Clear,Dry,Daylight,NA,N
219138,Intersection,W MCGRAW PL AND W SMITH E ST,2,Injury Collision,Angles,2,0,0,2,2,0,0,2020/07/20 00:00:00+00,N,Clear,Dry,Daylight,NA,N
219139,Block,WEST MARGINAL WAY SW BETWEEN SW FRONT ST AND HIGHLAND PARK WAY SW,2,Injury Collision,NA,2,0,0,0,1,0,0,2020/07/20 00:00:00+00,NA,NA,NA,NA,NA,N
219142,Block,5TH AVE BETWEEN BELL ST AND BATTERY ST,1,Property Damage Only Collision,Parked Car,2,0,0,2,0,0,0,2020/02/02 00:00:00+00,N,Clear,Dry,Dark - Street Lights On,NA,Y
219144,Block,FAUNTLEROY WAY SW BETWEEN SW GENESEE W ST AND 36TH AVE SW,1,Property Damage Only Collision,Rear Ended,2,0,0,2,0,0,0,2020/01/14 00:00:00+00,N,Clear,Wet,Daylight,NA,N
219146,Block,FAUNTLEROY WAY SW BETWEEN SW ALASKA ST AND SW EDMUNDS ST,1,Property Damage Only Collision,Rear Ended,5,0,0,3,0,0,0,2020/01/24 00:00:00+00,N,Raining,Wet,Dark - Street Lights On,NA,N
219152,Intersection,5TH AVE N AND BROAD ST,1,Property Damage Only Collision,Rear Ended,2,0,0,2,0,0,0,2020/01/22 00:00:00+00,N,Raining,Wet,Daylight,NA,N
219153,Intersection,3RD AVE NW AND NW 45TH ST,2,Injury Collision,Angles,2,0,0,2,1,0,0,2020/01/03 00:00:00+00,N,Clear,Wet,Daylight,NA,N
219154,Block,5TH AVE BETWEEN UNION ST AND PIKE ST,1,Property Damage Only Collision,Parked Car,2,0,0,2,0,0,0,2020/01/10 00:00:00+00,N,Raining,Wet,Daylight,NA,N
219157,Block,ALASKAN WY VI SB BETWEEN S LANDER ST AND ALASKAN WY VI SB WSB WB OFF RP,1,Property Damage Only Collision,Rear Ended,2,0,0,2,0,0,0,2020/01/08 00:00:00+00,N,Raining,Wet,Dark - Street Lights On,NA,N
219158,Block,4TH AVE BETWEEN PINE ST AND OLIVE WAY,1,Property Damage Only Collision,Sideswipe,5,0,0,2,0,0,0,2020/01/18 00:00:00+00,N,Raining,Wet,Dawn,NA,N
219160,Block,DELRIDGE WAY SW BETWEEN SW GENESEE ST AND SW OREGON ST,1,Property Damage Only Collision,Rear Ended,3,0,0,2,0,0,0,2020/02/01 00:00:00+00,N,Raining,Wet,Dark - Street Lights On,NA,N
219161,Block,S MYRTLE PL BETWEEN S MYRTLE ST AND 33RD AVE S,1,Property Damage Only Collision,Left Turn,2,0,0,2,0,0,0,2020/01/17 00:00:00+00,N,Clear,Dry,Daylight,NA,N
219164,Block,SR99 TUNNEL NB BETWEEN ALASKAN WY VI NB AND SR99 REPUBLICAN OFF RP,1,Property Damage Only Collision,Rear Ended,2,0,0,2,0,0,0,2020/01/31 00:00:00+00,N,Raining,Wet,Dark - Street Lights On,NA,N
219167,Intersection,BLAINE ST AND WARREN AVE N,1,Property Damage Only Collision,Angles,2,0,0,2,0,0,0,2020/01/22 00:00:00+00,N,Raining,Wet,Daylight,NA,N
219172,Intersection,ROOSEVELT WAY NE AND NE 47TH ST,2,Injury Collision,NA,1,0,0,0,1,0,0,2020/01/25 00:00:00+00,NA,NA,NA,NA,NA,N
219174,Block,ELLIOTT AVE W BETWEEN W MERCER ST AND W MERCER PL,2,Injury Collision,Parked Car,2,0,0,2,1,0,0,2020/01/15 00:00:00+00,N,Overcast,Dry,Daylight,NA,Y
219178,Block,S KING ST BETWEEN 7TH AVE S AND CANTON AL S,1,Property Damage Only Collision,Parked Car,2,0,0,2,0,0,0,2020/01/30 00:00:00+00,N,Overcast,Dry,Daylight,NA,Y
219182,Block,23RD AVE S BETWEEN S HINDS ST AND S SPOKANE ST,1,Property Damage Only Collision,Angles,2,0,0,2,0,0,0,2020/01/23 00:00:00+00,N,Raining,Wet,Daylight,Y,N
219183,Block,35TH AVE NE BETWEEN NE 110TH ST AND NE 113TH ST,1,Property Damage Only Collision,Other,2,0,0,1,0,0,0,2020/02/03 00:00:00+00,N,Clear,Wet,Daylight,Y,N
219185,Intersection,RENTON AVE S AND S BANGOR ST,1,Property Damage Only Collision,NA,1,0,0,0,0,0,0,2020/02/01 00:00:00+00,NA,NA,NA,NA,NA,N
219186,Block,17TH AVE NW BETWEEN NW MARKET ST AND NW 56TH ST,1,Property Damage Only Collision,NA,2,0,0,0,0,0,0,2020/01/10 00:00:00+00,NA,NA,NA,NA,NA,Y
219189,Intersection,24TH AVE SW AND SW TRENTON ST,1,Property Damage Only Collision,Angles,3,0,0,2,0,0,0,2020/01/11 00:00:00+00,N,Raining,Wet,Daylight,NA,N
219192,Block,GREENWOOD AVE N BETWEEN N 125TH ST AND N 127TH ST,1,Property Damage Only Collision,Other,2,0,0,2,0,0,0,2020/01/29 00:00:00+00,N,Raining,Wet,Daylight,NA,N
219194,Block,24TH AVE BETWEEN E UNION ST AND E PIKE ST,0,Unknown,NA,0,0,0,0,0,0,0,2020/01/12 00:00:00+00,NA,NA,NA,NA,NA,Y
219199,Intersection,ALASKAN WAY AND LENORA ST,1,Property Damage Only Collision,Angles,4,0,0,2,0,0,0,2020/01/21 00:00:00+00,N,Overcast,Wet,Daylight,NA,N
219202,Block,BROADWAY BETWEEN E HOWELL ST AND E DENNY WAY,2,Injury Collision,Rear Ended,2,0,0,2,2,0,0,2020/01/16 00:00:00+00,N,Overcast,Dry,Dark - Street Lights On,NA,N
219205,Block,16TH AVE SW BETWEEN SW HOLDEN ST AND SW KENYON ST,1,Property Damage Only Collision,Parked Car,6,0,0,4,0,0,0,2020/02/06 00:00:00+00,N,Raining,Wet,Daylight,NA,N
219208,Block,UNIVERSITY BR BETWEEN FUHRMAN AVE E AND POINT A,1,Property Damage Only Collision,Other,1,0,0,1,0,0,0,2020/02/02 00:00:00+00,N,Snowing,Snow/Slush,Dark - Street Lights On,Y,N
219213,Block,NE 145TH ST BETWEEN LAKE CITY WAY NE AND 35TH AVE NE,1,Property Damage Only Collision,Sideswipe,6,0,0,2,0,0,0,2020/01/11 00:00:00+00,N,Raining,Wet,Dark - Street Lights On,NA,N
219216,Block,1ST AVE S BETWEEN S FINDLAY ST AND S ORCAS ST,2,Injury Collision,Sideswipe,3,0,0,2,1,0,0,2020/01/24 00:00:00+00,N,Raining,Wet,Dawn,NA,N
219218,Block,5TH AVE BETWEEN MADISON ST AND SPRING ST,1,Property Damage Only Collision,NA,2,0,0,0,0,0,0,2020/01/10 00:00:00+00,NA,NA,NA,NA,NA,Y
219219,Block,PINE ST BETWEEN 4TH AVE AND 5TH AVE,1,Property Damage Only Collision,Parked Car,3,0,0,2,0,0,0,2020/01/31 00:00:00+00,N,Raining,Wet,Daylight,NA,N
219222,Block,E JOHN ST BETWEEN 12TH AVE E AND 13TH AVE E,1,Property Damage Only Collision,Parked Car,2,0,0,2,0,0,0,2020/02/01 00:00:00+00,N,Clear,Dry,Dark - Street Lights On,NA,Y
219224,Intersection,BOYLSTON AVE AND E PIKE ST,2,Injury Collision,Other,1,0,0,1,1,0,0,2020/01/15 00:00:00+00,N,Overcast,Wet,Daylight,NA,N
219226,Block,RAINIER AVE S BETWEEN S COLLEGE N ST AND S COLLEGE S ST,1,Property Damage Only Collision,Sideswipe,2,0,0,2,0,0,0,2020/01/23 00:00:00+00,N,Raining,Wet,Daylight,NA,N
219232,Block,NE 68TH ST BETWEEN ROOSEVELT WAY NE AND 12TH AVE NE,1,Property Damage Only Collision,NA,2,0,0,0,0,0,0,2020/01/28 00:00:00+00,NA,NA,NA,NA,NA,Y
219233,Block,S JACKSON ST BETWEEN 12TH AVE S AND 14TH AVE S,1,Property Damage Only Collision,Rear Ended,3,0,0,2,0,0,0,2020/01/12 00:00:00+00,N,Clear,Wet,Dark - Street Lights On,NA,N
219236,Block,BOREN AVE BETWEEN E FIR ST AND E ALDER ST,1,Property Damage Only Collision,NA,2,0,0,0,0,0,0,2020/01/07 00:00:00+00,NA,NA,NA,NA,NA,N
219237,Block,35TH AVE NE BETWEEN NE 65TH ST AND NE 68TH ST,1,Property Damage Only Collision,Left Turn,6,0,0,2,0,0,0,2020/02/01 00:00:00+00,N,Overcast,Dry,Daylight,NA,N
219241,Block,LAKE CITY WAY NE BETWEEN 15TH AVE NE AND 16TH AVE NE,2,Injury Collision,Rear Ended,3,0,0,3,1,0,0,2020/01/01 00:00:00+00,N,Overcast,Wet,Dark - Street Lights On,NA,N
219244,Block,EASTLAKE AVE E BETWEEN PROSPECT ST AND E NELSON PL,2,Injury Collision,Other,1,0,0,1,1,0,0,2020/01/02 00:00:00+00,N,Overcast,Wet,Daylight,NA,N
219247,Block,SW ALASKA ST BETWEEN 42ND AVE SW AND CALIFORNIA AVE SW,1,Property Damage Only Collision,Sideswipe,2,0,0,2,0,0,0,2020/01/21 00:00:00+00,N,Raining,Wet,Dusk,NA,N
219249,Block,NE 45TH ST BETWEEN 2ND AVE NE AND THACKERAY PL NE,1,Property Damage Only Collision,Sideswipe,3,0,0,2,0,0,0,2020/01/17 00:00:00+00,N,Clear,Dry,Dark - Street Lights On,Y,N
219252,Intersection,4TH AVE AND PINE ST,1,Property Damage Only Collision,Angles,2,0,0,2,0,0,0,2020/02/01 00:00:00+00,N,Raining,Wet,Dark - Street Lights On,NA,N
219254,Block,W RAYE ST BETWEEN 10TH S AVE W AND 11TH N AVE W,1,Property Damage Only Collision,Parked Car,2,0,0,2,0,0,0,2020/02/01 00:00:00+00,N,Overcast,Dry,Daylight,NA,Y
219257,Block,LAKE CITY WAY NE BETWEEN NE 143RD ST AND NE 145TH ST,1,Property Damage Only Collision,Sideswipe,3,0,0,2,0,0,0,2020/01/24 00:00:00+00,N,Overcast,Wet,Daylight,NA,N
219260,Block,CHEASTY BLVD S BETWEEN 24TH PL S AND BEACON ER AVE S,1,Property Damage Only Collision,Other,1,0,0,1,0,0,0,2020/02/01 00:00:00+00,N,Clear,Sand/Mud/Dirt,Daylight,NA,N
219263,Block,23RD AVE S BETWEEN S MAIN ST AND S JACKSON ST,2,Injury Collision,Rear Ended,2,0,0,2,1,0,0,2020/01/22 00:00:00+00,N,Raining,Wet,Daylight,NA,N
219265,Block,M L KING JR ER WAY S BETWEEN RENTON N AVE S AND S ANDOVER ST,1,Property Damage Only Collision,Angles,3,0,0,2,0,0,0,2020/01/12 00:00:00+00,N,Overcast,Wet,Dark - Street Lights On,NA,N
219272,Block,6TH AVE BETWEEN PIKE ST AND PINE ST,1,Property Damage Only Collision,NA,2,0,0,0,0,0,0,2020/01/10 00:00:00+00,NA,NA,NA,NA,NA,N
219275,Intersection,20TH AVE NE AND NE 80TH ST,2,Injury Collision,NA,2,0,0,0,1,0,0,2020/01/17 00:00:00+00,NA,NA,NA,NA,NA,N
219277,Intersection,25TH AVE NE AND NE 54TH ST,0,Unknown,NA,0,0,0,0,0,0,0,2020/01/25 00:00:00+00,NA,NA,NA,NA,NA,Y
219279,Block,LAKE CITY WAY NE BETWEEN FISCHER PL NE AND NE 104TH WAY,2b,Serious Injury Collision,Head On,3,0,0,2,3,1,0,2020/02/02 00:00:00+00,N,Overcast,Wet,Dark - Street Lights On,Y,N
219287,Intersection,15TH AVE NW AND NW 60TH ST,1,Property Damage Only Collision,Rear Ended,2,0,0,2,0,0,0,2020/01/27 00:00:00+00,N,Overcast,Wet,Dusk,NA,N
219288,Intersection,25TH AVE NE AND NE BLAKELEY ST,2,Injury Collision,Left Turn,2,0,0,2,2,0,0,2020/01/12 00:00:00+00,N,Overcast,Dry,Daylight,NA,N
219291,Block,S HENDERSON ST BETWEEN RAINIER AVE S AND 53RD AVE S,1,Property Damage Only Collision,Rear Ended,2,0,0,2,0,0,0,2020/02/07 00:00:00+00,N,Overcast,Wet,Daylight,NA,N
219292,Intersection,11TH AVE E AND E JOHN ST,2,Injury Collision,Pedestrian,3,1,0,1,1,0,0,2020/01/06 00:00:00+00,N,Raining,Wet,Dark - Street Lights On,NA,N
219293,Intersection,MINOR AVE AND SENECA ST,1,Property Damage Only Collision,Angles,2,0,0,2,0,0,0,2020/01/12 00:00:00+00,N,Overcast,Wet,Dark - Street Lights On,NA,N
219297,Block,DELRIDGE WAY SW BETWEEN SW WEBSTER ST AND 21ST AVE SW TURN RD,2,Injury Collision,Rear Ended,3,0,0,2,2,0,0,2020/01/02 00:00:00+00,N,Raining,Wet,Dark - Street Lights On,NA,N
219300,Block,9TH AVE NE BETWEEN NE 43RD ST AND NE 45TH W ST,1,Property Damage Only Collision,Parked Car,2,0,0,2,0,0,0,2020/01/21 00:00:00+00,N,Raining,Dry,Dusk,NA,Y