OBJECTID,ADDRTYPE,LOCATION,SEVERITYCODE,SEVERITYDESC,COLLISIONTYPE,PERSONCOUNT,PEDCOUNT,PEDCYLCOUNT,VEHCOUNT,INJURIES,SERIOUSINJURIES,FATALITIES,INCDATE,UNDERINFL,WEATHER,ROADCOND,LIGHTCOND,SPEEDING,HITPARKEDCAR
219951,Block,3RD AVE S BETWEEN S HOLGATE ST AND S WALKER ST,1,Property Damage Only Collision,Rear Ended,2,0,0,2,0,0,0,2020/01/07 00:00:00+00,N,Raining,Wet,Dark - Street Lights On,NA,N
219953,Block,E PINE ST BETWEEN 23RD AVE AND 24TH AVE,1,Property Damage Only Collision,NA,2,0,0,0,0,0,0,2020/01/22 00:00:00+00,NA,NA,NA,NA,NA,Y
219954,Intersection,CALIFORNIA AVE SW AND FAUNTLEROY WAY SW,1,Property Damage Only Collision,NA,2,0,0,0,0,0,0,2020/01/17 00:00:00+00,NA,NA,NA,NA,NA,N
219956,Intersection,2ND AVE NE AND NE PACIFIC ST,1,Property Damage Only Collision,Sideswipe,3,0,0,2,0,0,0,2020/01/01 00:00:00+00,N,Clear,Dry,Dark - Street Lights On,NA,N
219959,Block,6TH AVE BETWEEN YESLER WAY AND 6TH AV ON RP,1,Property Damage Only Collision,NA,2,0,0,0,0,0,0,2020/01/27 00:00:00+00,NA,NA,NA,NA,NA,N
219962,Block,AURORA BR BETWEEN RAYE ST AND BRIDGE WAY N,1,Property Damage Only Collision,NA,2,0,0,0,0,0,0,2020/01/31 00:00:00+00,NA,NA,NA,NA,NA,N
219963,Intersection,15TH AVE NE AND NE 137TH ST,2,Injury Collision,Rear Ended,2,0,0,2,1,0,0,2020/01/10 00:00:00+00,N,Raining,Wet,Dark - Street Lights On,NA,N
219964,Intersection,BOREN AVE AND SENECA ST,2,Injury Collision,Pedestrian,2,1,0,1,1,0,0,2020/01/10 00:00:00+00,N,Raining,Wet,Dark - Street Lights On,NA,N
219971,Intersection,6TH AVE AND JAMES ST,1,Property Damage Only Collision,Left Turn,3,0,0,2,0,0,0,2020/01/11 00:00:00+00,N,Raining,Wet,Dark - Street Lights On,NA,N
219974,Intersection,PALATINE AVE N AND N 36TH ST,1,Property Damage Only Collision,NA,2,0,0,0,0,0,0,2020/01/22 00:00:00+00,NA,NA,NA,NA,NA,Y
219976,Block,NW MARKET ST BETWEEN NW 50TH ST AND 3RD AVE NW,1,Property Damage Only Collision,Other,1,0,0,1,0,0,0,2020/01/06 00:00:00+00,N,Raining,Wet,Daylight,Y,N
219981,Block,RAINIER AVE S BETWEEN S ORCAS ST AND S MEAD ST,2,Injury Collision,Sideswipe,2,0,0,2,1,0,0,2020/01/03 00:00:00+00,N,Overcast,Dry,Daylight,NA,N
219984,Block,15TH AVE NW BETWEEN NW 65TH ST AND NW 67TH ST,2,Injury Collision,Other,2,0,0,2,1,0,0,2020/01/22 00:00:00+00,N,Raining,Wet,Daylight,NA,N
219987,Intersection,9TH AVE AND SENECA ST,1,Property Damage Only Collision,Parked Car,2,0,0,2,0,0,0,2020/01/23 00:00:00+00,N,Raining,Wet,Dark - Street Lights On,NA,N
219989,Block,S MYRTLE ST BETWEEN 43RD AVE S AND 44TH AVE S,1,Property Damage Only Collision,Parked Car,2,0,0,2,0,0,0,2020/01/10 00:00:00+00,N,Raining,Wet,Daylight,NA,Y
219990,Block,17TH SB AVE NE BETWEEN NE 55TH ST AND NE 56TH ST,2,Injury Collision,Parked Car,3,0,0,3,1,0,0,2020/01/11 00:00:00+00,N,Raining,Wet,Dark - Street Lights On,NA,Y
219994,Block,BOYLSTON AVE E BETWEEN E ROY W ST AND E ALOHA ST,1,Property Damage Only Collision,NA,2,0,0,0,0,0,0,2020/01/22 00:00:00+00,NA,NA,NA,NA,NA,Y
219996,Block,E YESLER WAY BETWEEN 22ND AVE AND 23RD AVE,1,Property Damage Only Collision,Rear Ended,2,0,0,2,0,0,0,2020/01/04 00:00:00+00,N,Overcast,Wet,Dark - Street Lights On,NA,N
219998,Block,16TH AVE SW BETWEEN SW ELMGROVE ST AND SW THISTLE ST,1,Property Damage Only Collision,Rear Ended,3,0,0,2,0,0,0,2020/02/02 00:00:00+00,N,Overcast,Wet,Daylight,NA,N
220000,Block,4TH AVE BETWEEN 4TH AVE S AND DILLING WAY,1,Property Damage Only Collision,Sideswipe,2,0,0,2,0,0,0,2020/01/31 00:00:00+00,N,Raining,Wet,Daylight,NA,N
220001,Block,4TH AVE S BETWEEN DIAGONAL AVE S AND COSTCO DR,1,Property Damage Only Collision,Other,1,0,0,1,0,0,0,2020/02/01 00:00:00+00,N,Overcast,Dry,Dark - Street Lights On,NA,N
220002,Intersection,PINEHURST WAY NE AND NE 115TH ST,1,Property Damage Only Collision,Angles,2,0,0,2,0,0,0,2020/01/19 00:00:00+00,N,Overcast,Dry,Dark - Street Lights On,NA,N
220004,Block,NE 45TH ST BETWEEN 5TH AVE NE AND 7TH AVE NE,1,Property Damage Only Collision,Sideswipe,2,0,0,2,0,0,0,2020/01/06 00:00:00+00,N,Raining,Wet,Daylight,NA,N
220010,Block,1ST AVE BETWEEN MADISON ST AND SPRING ST,1,Property Damage Only Collision,Head On,2,0,0,2,0,0,0,2020/01/10 00:00:00+00,N,Raining,Wet,Daylight,NA,N
220013,Intersection,16TH AVE AND E DENNY WAY,1,Property Damage Only Collision,NA,2,0,0,0,0,0,0,2020/01/28 00:00:00+00,NA,NA,NA,NA,NA,N
220014,Block,E FIR ST BETWEEN 11TH AVE AND 12TH AVE,1,Property Damage Only Collision,Parked Car,2,0,0,2,0,0,0,2020/01/15 00:00:00+00,N,Snowing,Snow/Slush,Daylight,NA,Y
220017,Block,31ST AVE NE BETWEEN NE 123RD ST AND LAKE CITY WAY NE,1,Property Damage Only Collision,NA,2,0,0,0,0,0,0,2020/01/27 00:00:00+00,NA,NA,NA,NA,NA,Y
220019,Block,3RD AVE NW BETWEEN NW 79TH ST AND NW 80TH ST,1,Property Damage Only Collision,Rear Ended,2,0,0,2,0,0,0,2020/02/05 00:00:00+00,N,Raining,Wet,Daylight,NA,N
220026,Intersection,ALASKAN WAY AND SPRING ST,1,Property Damage Only Collision,Right Turn,2,0,0,2,0,0,0,2020/01/22 00:00:00+00,N,Raining,Wet,Daylight,NA,N
220029,Block,49TH AVE SW BETWEEN SW ALASKA ST AND SW EDMUNDS ST,2,Injury Collision,Other,3,0,0,2,1,0,0,2020/01/20 00:00:00+00,N,Overcast,Wet,Dark - Street Lights On,NA,N
220034,Block,12TH AVE NE BETWEEN NE 98TH ST AND NE 100TH ST,1,Property Damage Only Collision,Parked Car,2,0,0,2,0,0,0,2020/01/14 00:00:00+00,N,Snowing,Snow/Slush,Daylight,NA,Y
220037,Block,N 105TH ST BETWEEN GREENWOOD AVE N AND PHINNEY AVE N,2,Injury Collision,Angles,2,0,0,2,1,0,0,2020/01/17 00:00:00+00,N,Clear,Dry,Dark - Street Lights On,NA,N
220041,Intersection,26TH AVE E AND E ALOHA ST,1,Property Damage Only Collision,NA,2,0,0,0,0,0,0,2020/01/03 00:00:00+00,NA,NA,NA,NA,NA,N
220044,Block,HARVARD AVE BETWEEN E PIKE ST AND E PINE ST,1,Property Damage Only Collision,Parked Car,2,0,0,2,0,0,0,2020/02/01 00:00:00+00,N,Clear,Dry,Dark - Street Lights On,NA,Y
220048,Intersection,LAKE WASHINGTON BLVD S AND S ANGELINE ST,1,Property Damage Only Collision,Angles,2,0,0,2,0,0,0,2020/02/01 00:00:00+00,N,Clear,Dry,Daylight,NA,N
220052,Block,LINDEN AVE N BETWEEN N 137TH N ST AND N 138TH ST,1,Property Damage Only Collision,Parked Car,2,0,0,2,0,0,0,2020/01/30 00:00:00+00,N,Clear,Dry,Daylight,NA,N
220053,Intersection,15TH AVE NE AND NE PACIFIC ST,2,Injury Collision,NA,3,0,0,0,1,0,0,2020/01/21 00:00:00+00,NA,NA,NA,NA,NA,N
220055,Intersection,2ND AVE W AND W HARRISON ST,1,Property Damage Only Collision,Angles,2,0,0,2,0,0,0,2020/01/10 00:00:00+00,N,Overcast,Wet,Daylight,NA,N
220058,Block,FREMONT AVE N BETWEEN N 83RD ST AND N 84TH ST,2,Injury Collision,Parked Car,3,0,0,3,1,0,0,2020/01/28 00:00:00+00,N,Overcast,Wet,Dark - Street Lights On,NA,Y
220059,Block,30TH AVE NE BETWEEN NE 125TH ST AND NE 127TH ST,1,Property Damage Only Collision,Parked Car,2,0,0,2,0,0,0,2020/01/22 00:00:00+00,N,Clear,Wet,Dark - Street Lights On,NA,N
220060,Intersection,7TH AVE AND PIKE ST,1,Property Damage Only Collision,Angles,2,0,0,2,0,0,0,2020/01/24 00:00:00+00,N,Raining,Wet,Dark - Street Lights On,NA,N
220063,Intersection,AURORA AVE N AND HALLADAY ST,1,Property Damage Only Collision,Other,2,0,0,1,0,0,0,2020/02/01 00:00:00+00,N,Raining,Wet,Dusk,NA,N
220064,Intersection,3RD AVE NW AND NW 80TH ST,2,Injury Collision,Left Turn,2,0,0,2,2,0,0,2020/01/11 00:00:00+00,N,Overcast,Wet,Dark - Street Lights On,NA,N
220066,Block,5TH AVE S BETWEEN 5TH AVE AND S WASHINGTON ST,2,Injury Collision,Parked Car,4,0,0,2,2,0,0,2020/02/07 00:00:00+00,N,Raining,Wet,Daylight,NA,N
220069,Block,M L KING JR WAY BETWEEN E FIR ST AND E ALDER ST,1,Property Damage Only Collision,Rear Ended,3,0,0,2,0,0,0,2020/01/31 00:00:00+00,N,Raining,Wet,Daylight,NA,N
220070,Block,6TH AVE BETWEEN PINE ST AND OLIVE WAY,1,Property Damage Only Collision,Sideswipe,2,0,0,2,0,0,0,2020/01/16 00:00:00+00,N,Overcast,Dry,Dark - Street Lights On,NA,N
220072,Block,E COLUMBIA ST BETWEEN DEAD END 2 AND UNION ST,1,Property Damage Only Collision,Other,2,0,0,2,0,0,0,2020/01/11 00:00:00+00,N,Raining,Wet,Dark - Street Lights On,NA,N
220075,Block,RAINIER AVE S BETWEEN S COOPER ST AND 68TH AVE S,1,Property Damage Only Collision,Angles,3,0,0,2,0,0,0,2020/01/23 00:00:00+00,N,Raining,Wet,Dark - Street Lights On,NA,N
220076,Intersection,15TH AVE NE AND NE 98TH ST,2,Injury Collision,Angles,4,0,0,2,2,0,0,2020/01/21 00:00:00+00,N,Raining,Wet,Daylight,NA,N
220079,Block,S OTHELLO ST BETWEEN 38TH AVE S AND 39TH AVE S,0,Unknown,NA,0,0,0,0,0,0,0,2020/02/05 00:00:00+00,NA,NA,NA,NA,NA,Y
220080,Intersection,3RD AVE AND SPRING ST,2,Injury Collision,NA,2,0,0,0,1,0,0,2020/01/10 00:00:00+00,NA,NA,NA,NA,NA,N
220082,Intersection,EAST GREEN LAKE DR N AND N 77TH ST,2,Injury Collision,Cycles,2,0,1,1,1,0,0,2020/02/03 00:00:00+00,N,Clear,Dry,Dusk,NA,N
220083,Block,2ND AVE BETWEEN PINE ST AND STEWART ST,2,Injury Collision,Rear Ended,3,0,0,3,2,0,0,2020/01/17 00:00:00+00,N,Overcast,Dry,Daylight,NA,N
220086,Block,62ND AVE NE BETWEEN NE 77TH ST AND DEAD END,0,Unknown,NA,2,0,0,0,0,0,0,2020/01/28 00:00:00+00,NA,NA,NA,NA,NA,Y
220087,Intersection,57TH AVE S AND RAINIER AVE S,1,Property Damage Only Collision,Angles,2,0,0,2,0,0,0,2020/01/20 00:00:00+00,N,Clear,Dry,Daylight,NA,N
220090,Block,ROOSEVELT WAY NE BETWEEN NE 125TH N ST AND NE 127TH ST,2,Injury Collision,Other,1,0,0,1,1,0,0,2020/01/16 00:00:00+00,N,Clear,Wet,Dark - Street Lights On,NA,N
220095,Intersection,35TH AVE SW AND SW HOLDEN N ST,2,Injury Collision,Other,5,0,0,2,2,0,0,2020/01/25 00:00:00+00,N,Raining,Wet,Daylight,NA,N
220096,Block,NW BRIGHT ST BETWEEN 8TH AVE NW AND DEAD END,0,Unknown,NA,0,0,0,0,0,0,0,2020/01/03 00:00:00+00,NA,NA,NA,NA,NA,Y
220098,Block,SENECA ST BETWEEN 5TH AVE AND 6TH AVE,1,Property Damage Only Collision,Sideswipe,2,0,0,2,0,0,0,2020/02/07 00:00:00+00,N,Raining,Wet,Daylight,NA,N
220099,Block,RAINIER AVE S BETWEEN CORNELL AVE S AND 75TH AVE S,2,Injury Collision,Other,1,0,0,1,1,0,0,2020/01/05 00:00:00+00,N,Clear,Dry,Daylight,NA,N
220100,Block,S WEBSTER ST BETWEEN 44TH AVE S AND 45TH AVE S,1,Property Damage Only Collision,Other,1,0,0,1,0,0,0,2020/01/06 00:00:00+00,N,Raining,Wet,Dark - Street Lights On,NA,N
220102,Intersection,5TH AVE NW AND NW 72ND ST,1,Property Damage Only Collision,Angles,2,0,0,2,0,0,0,2020/01/19 00:00:00+00,N,Clear,Dry,Dusk,NA,N
220103,Block,S ORCAS ST BETWEEN EAST MARGINAL WAY S AND 1ST AVE S,1,Property Damage Only Collision,Parked Car,3,0,0,3,0,0,0,2020/01/15 00:00:00+00,N,Overcast,Wet,Daylight,Y,Y
220106,Block,2ND AVE S BETWEEN S MAIN ST AND S JACKSON ST,1,Property Damage Only Collision,Left Turn,2,0,0,2,0,0,0,2020/01/14 00:00:00+00,N,Snowing,Wet,Daylight,NA,N
220108,Block,4TH AVE S BETWEEN S SPOKANE NR ST AND S SPOKANE SR ST,1,Property Damage Only Collision,Right Turn,2,0,0,2,0,0,0,2020/02/06 00:00:00+00,N,Raining,Wet,Daylight,NA,N
220109,Intersection,TALLMAN AVE NW AND NW IONE PL,1,Property Damage Only Collision,NA,3,0,0,0,0,0,0,2020/01/27 00:00:00+00,NA,NA,NA,NA,NA,N
220112,Block,8TH AVE NE BETWEEN NE 45TH E ST AND NE 47TH ST,1,Property Damage Only Collision,Parked Car,2,0,0,2,0,0,0,2020/01/07 00:00:00+00,N,Clear,Dry,Daylight,NA,Y
220116,Block,S MAIN ST BETWEEN 6TH AVE S AND MAYNARD AVE S,1,Property Damage Only Collision,Left Turn,3,0,0,2,0,0,0,2020/01/09 00:00:00+00,N,Overcast,Wet,Daylight,NA,N
220117,Block,LAKE CITY WAY NE BETWEEN FISCHER PL NE AND NE 104TH WAY,2,Injury Collision,Angles,3,0,0,2,2,0,0,2020/01/07 00:00:00+00,N,Clear,Dry,Daylight,NA,N
220124,Block,WALL ST BETWEEN WESTERN AVE AND 1ST AVE,1,Property Damage Only Collision,Other,3,0,0,2,0,0,0,2020/01/01 00:00:00+00,N,Clear,Dry,Dark - Street Lights On,NA,N
220126,Block,N 62ND ST BETWEEN 1ST AVE NW AND PALATINE AVE N,2,Injury Collision,Other,1,0,0,1,1,0,0,2020/02/07 00:00:00+00,N,Clear,Dry,Dark - Street Lights On,Y,N
220127,Block,SR99 TUNNEL NB BETWEEN SR99 REPUBLICAN OFF RP AND AURORA AVE N,1,Property Damage Only Collision,Rear Ended,2,0,0,2,0,0,0,2020/01/30 00:00:00+00,N,Raining,Wet,Dark - Street Lights On,NA,N
220129,Block,GREENWOOD AVE N BETWEEN HOLMAN RD N AND N 107TH ST,1,Property Damage Only Collision,Angles,2,0,0,2,0,0,0,2020/02/03 00:00:00+00,N,Clear,Dry,Daylight,NA,N
220130,Block,19TH AVE S BETWEEN S STATE ST AND S GRAND ST,2,Injury Collision,Parked Car,3,0,0,2,2,0,0,2020/01/26 00:00:00+00,N,Clear,Unknown,Daylight,NA,N
220132,Block,E DENNY WAY BETWEEN 10TH AVE E AND 11TH AVE,0,Unknown,NA,0,0,0,0,0,0,0,2020/01/02 00:00:00+00,NA,NA,NA,NA,NA,Y
220135,Block,S COLUMBIAN WAY BETWEEN COLUMBIA DR S AND BEACON WR AVE S,1,Property Damage Only Collision,Sideswipe,5,0,0,2,0,0,0,2020/01/05 00:00:00+00,N,Overcast,Dry,Daylight,NA,N
220137,Block,21ST AVE NE BETWEEN NE 47TH ST AND NE 50TH ST,0,Unknown,NA,0,0,0,0,0,0,0,2020/01/10 00:00:00+00,NA,NA,NA,NA,NA,Y
220140,Block,3RD AVE W BETWEEN W KINNEAR PL AND W PROSPECT ST,0,Unknown,NA,0,0,0,0,0,0,0,2020/01/25 00:00:00+00,NA,NA,NA,NA,NA,Y
220141,Intersection,41ST AVE SW AND SW ADMIRAL WAY,1,Property Damage Only Collision,Pedestrian,3,2,0,1,0,0,0,2020/01/14 00:00:00+00,N,Snowing,Wet,Daylight,NA,N
220144,Block,9TH AVE BETWEEN JAMES ST AND CHERRY ST,1,Property Damage Only Collision,NA,2,0,0,0,0,0,0,2020/01/27 00:00:00+00,NA,NA,NA,NA,NA,N
220145,Intersection,MERIDIAN AVE N AND N 130TH ST,2,Injury Collision,Left Turn,2,0,0,2,1,0,0,2020/01/17 00:00:00+00,N,Overcast,Wet,Dawn,NA,N
220148,Intersection,RAINIER AVE S AND S JUNEAU ST,2,Injury Collision,Angles,3,0,0,2,1,0,0,2020/02/01 00:00:00+00,N,Clear,Dry,Daylight,NA,N
220152,Block,36TH AVE E BETWEEN LAKE WASHINGTON BLVD E AND E FORD PL,1,Property Damage Only Collision,Rear Ended,2,0,0,2,0,0,0,2020/02/04 00:00:00+00,N,Raining,Wet,Daylight,NA,N
220153,Block,SW AVALON WAY BETWEEN SW CHARLESTOWN ST AND SW BRADFORD ST,1,Property Damage Only Collision,Parked Car,3,0,0,3,0,0,0,2020/01/14 00:00:00+00,N,Snowing,Snow/Slush,Daylight,Y,N
220155,Block,EAST MARGINAL WAY S BETWEEN S HUDSON ST AND S DAWSON ST,1,Property Damage Only Collision,Rear Ended,2,0,0,2,0,0,0,2020/02/03 00:00:00+00,N,Overcast,Dry,Daylight,NA,N
220156,Block,37TH AVE NE BETWEEN NE 55TH ST AND NE 57TH ST,1,Property Damage Only Collision,Parked Car,3,0,0,3,0,0,0,2020/01/20 00:00:00+00,N,Overcast,Wet,Dark - Street Lights On,NA,Y
220159,Block,TAYLOR AVE N BETWEEN LEE ST AND TAYLOR UPPER AVE N,0,Unknown,NA,0,0,0,0,0,0,0,2020/01/25 00:00:00+00,NA,NA,NA,NA,NA,Y
220164,Block,N 87TH ST BETWEEN PALATINE AVE N AND GREENWOOD AVE N,1,Property Damage Only Collision,Parked Car,2,0,0,2,0,0,0,2020/02/01 00:00:00+00,N,Raining,Wet,Dark - Street Lights On,NA,Y
220170,Intersection,15TH AVE NE AND NE 125TH ST,1,Property Damage Only Collision,Angles,3,0,0,3,0,0,0,2020/01/11 00:00:00+00,N,Raining,Wet,Daylight,NA,N
220173,Block,PHINNEY AVE N BETWEEN N 59TH ST AND N 60TH ST,1,Property Damage Only Collision,NA,1,0,0,0,0,0,0,2020/01/31 00:00:00+00,NA,NA,NA,NA,NA,Y
220179,Intersection,LATONA AVE NE AND NE PACIFIC ST,2,Injury Collision,Cycles,2,0,1,1,1,0,0,2020/01/23 00:00:00+00,N,Raining,Wet,Daylight,NA,N
220182,Block,LATONA AVE NE BETWEEN NE 65TH W ST AND WOODLAWN S AVE NE,1,Property Damage Only Collision,Rear Ended,2,0,0,2,0,0,0,2020/01/28 00:00:00+00,N,Overcast,Wet,Daylight,NA,N
220185,Block,INTERLAKE AVE N BETWEEN N 95TH ST AND N 97TH ST,1,Property Damage Only Collision,Other,2,0,0,2,0,0,0,2020/01/26 00:00:00+00,N,Clear,Dry,Daylight,NA,Y
220186,Block,23RD AVE BETWEEN E OLIVE S ST AND E OLIVE N ST,1,Property Damage Only Collision,Rear Ended,2,0,0,2,0,0,0,2020/01/30 00:00:00+00,N,Clear,Dry,Daylight,NA,N
220189,Block,W NICKERSON ST BETWEEN QUEEN ANNE AVE N AND W BERTONA ST,1,Property Damage Only Collision,Other,1,0,0,1,0,0,0,2020/02/03 00:00:00+00,N,Raining,Wet,Dark - Street Lights On,NA,N
220191,Block,FAUNTLEROY WAY SW BETWEEN SW OREGON ST AND 38TH AVE SW,2,Injury Collision,Rear Ended,2,0,0,2,1,0,0,2020/01/10 00:00:00+00,N,Clear,Dry,Daylight,NA,N
220194,Block,M L KING JR ER WAY S BETWEEN S HENDERSON ST AND S DIRECTOR ST,2,Injury Collision,Rear Ended,4,0,0,2,1,0,0,2020/01/09 00:00:00+00,N,Clear,Wet,Daylight,NA,N
220195,Block,EAST MARGINAL WAY S BETWEEN S MICHIGAN ST AND 4TH AVE S,1,Property Damage Only Collision,Sideswipe,2,0,0,2,0,0,0,2020/01/17 00:00:00+00,N,Clear,Dry,Dark - Street Lights On,NA,N
220198,Intersection,1ST AVE S AND S SPOKANE SR ST,2,Injury Collision,Sideswipe,3,0,0,2,1,0,0,2020/01/23 00:00:00+00,N,Raining,Wet,Dark - Street Lights On,NA,N
220199,Intersection,OSWEGO PL NE AND NE 65TH ST,1,Property Damage Only Collision,Left Turn,2,0,0,2,0,0,0,2020/01/08 00:00:00+00,N,Clear,Dry,Dark - Street Lights On,NA,N
220204,Block,HOLMAN RD NW BETWEEN 9TH AVE NW AND 7TH AVE NW,2,Injury Collision,NA,2,0,0,0,1,0,0,2020/01/24 00:00:00+00,NA,NA,NA,NA,NA,N
220211,Intersection,7TH AVE NE AND NE 45TH ST,1,Property Damage Only Collision,Right Turn,2,0,0,2,0,0,0,2020/01/23 00:00:00+00,N,Raining,Wet,Daylight,NA,N
220214,Block,WEST SEATTLE BR WB BETWEEN SW ADMIRAL WY OFF RP AND POINT A,1,Property Damage Only Collision,Other,2,0,0,1,0,0,0,2020/01/03 00:00:00+00,N,Overcast,Wet,Daylight,NA,N
220215,Block,E DENNY WAY BETWEEN HARVARD AVE AND BROADWAY,1,Property Damage Only Collision,Parked Car,3,0,0,3,0,0,0,2020/01/12 00:00:00+00,N,Overcast,Dry,Dark - Street Lights On,NA,Y
220217,Block,S BANGOR ST BETWEEN 55TH AVE S AND 56TH AVE S,2,Injury Collision,Parked Car,2,0,0,2,1,0,0,2020/02/08 00:00:00+00,N,Raining,Wet,Dark - Street Lights On,NA,Y
220219,Block,ETRURIA ST BETWEEN QUEEN ANNE AVE N AND WARREN AVE N,1,Property Damage Only Collision,NA,2,0,0,0,0,0,0,2020/02/04 00:00:00+00,NA,NA,NA,NA,NA,Y
220222,Block,SW WILLOW ST BETWEEN DELRIDGE WAY SW AND 23RD AVE SW,1,Property Damage Only Collision,Parked Car,2,0,0,2,0,0,0,2020/02/08 00:00:00+00,N,Raining,Wet,Dark - Street Lights On,NA,Y
220223,Block,SEWARD PARK AVE S BETWEEN S OTHELLO ST AND S FONTANELLE PL,1,Property Damage Only Collision,Parked Car,2,0,0,2,0,0,0,2020/01/03 00:00:00+00,N,Raining,Wet,Dark - Street Lights On,NA,Y
220226,Intersection,1ST AVE S AND S HANFORD ST,1,Property Damage Only Collision,Other,1,0,0,1,0,0,0,2020/01/16 00:00:00+00,N,Overcast,Dry,Daylight,NA,N
220229,Intersection,14TH AVE E AND E JOHN ST,1,Property Damage Only Collision,Rear Ended,2,0,0,2,0,0,0,2020/01/26 00:00:00+00,N,Clear,Dry,Daylight,NA,N
220232,Block,YESLER WAY BETWEEN 2ND AVE AND 3RD AVE,1,Property Damage Only Collision,Other,2,0,0,2,0,0,0,2020/02/05 00:00:00+00,N,Raining,Wet,Daylight,NA,N
220236,Block,S JACKSON ST BETWEEN OCCIDENTAL AVE S AND 2ND AVE S,1,Property Damage Only Collision,Rear Ended,3,0,0,2,0,0,0,2020/01/18 00:00:00+00,N,Clear,Dry,Daylight,NA,N
220239,Block,15TH AVE NE BETWEEN NE 123RD ST AND NE 125TH ST,2,Injury Collision,Rear Ended,2,0,0,2,1,0,0,2020/02/07 00:00:00+00,N,Overcast,Wet,Daylight,NA,N
220240,Block,N 81ST ST BETWEEN GREENWOOD AVE N AND DAYTON AVE N,0,Unknown,NA,0,0,0,0,0,0,0,2020/01/01 00:00:00+00,NA,NA,NA,NA,NA,Y
220242,Block,S MICHIGAN ST BETWEEN 7TH AVE S AND CORSON AVE S,2,Injury Collision,Left Turn,2,0,0,2,1,0,0,2020/01/28 00:00:00+00,N,Raining,Wet,Dawn,NA,N
220244,Block,10TH AVE BETWEEN E PIKE ST AND E PINE ST,1,Property Damage Only Collision,Parked Car,4,0,0,2,0,0,0,2020/01/01 00:00:00+00,N,Overcast,Dry,Dark - Street Lights On,NA,N
220245,Block,32ND AVE NE BETWEEN NE 137TH ST AND NE 140TH ST,2,Injury Collision,Parked Car,3,0,0,3,1,0,0,2020/01/19 00:00:00+00,N,Overcast,Dry,Dark - Street Lights On,NA,Y
220247,Block,SW YANCY ST BETWEEN 28TH AVE SW AND 30TH AVE SW,1,Property Damage Only Collision,Parked Car,3,0,0,2,0,0,0,2020/01/01 00:00:00+00,N,Overcast,Dry,Dark - Street Lights On,NA,Y
220251,Block,CHEASTY BLVD S BETWEEN 25TH AVE S AND 24TH PL S,1,Property Damage Only Collision,Other,1,0,0,1,0,0,0,2020/01/01 00:00:00+00,N,Overcast,Wet,Dark - No Street Lights,Y,N
220254,Intersection,6TH AVE S AND S SPOKANE NR ST,1,Property Damage Only Collision,Angles,2,0,0,2,0,0,0,2020/01/26 00:00:00+00,N,Raining,Wet,Dark - Street Lights On,NA,N
220257,Block,BRIDGE WAY N BETWEEN AURORA AVE N AND AURORA AV N NB OFF RP,1,Property Damage Only Collision,NA,2,0,0,0,0,0,0,2020/01/17 00:00:00+00,NA,NA,NA,NA,NA,N
220259,Intersection,5TH AVE AND SPRING ST,2b,Serious Injury Collision,Pedestrian,2,1,0,1,1,1,0,2020/01/27 00:00:00+00,N,Raining,Wet,Dark - Street Lights On,NA,N
220260,Block,S MORGAN ST BETWEEN 28TH AVE S AND 29TH AVE S,1,Property Damage Only Collision,NA,1,0,0,0,0,0,0,2020/01/23 00:00:00+00,NA,NA,NA,NA,NA,Y
220261,Intersection,15TH AVE NE AND NE 56TH ST,1,Property Damage Only Collision,Angles,2,0,0,2,0,0,0,2020/02/04 00:00:00+00,N,Raining,Wet,Dark - Street Lights On,NA,N
220265,Block,OLSON PL SW BETWEEN 2ND AVE SW AND 3RD AVE SW,1,Property Damage Only Collision,Other,1,0,0,1,0,0,0,2020/01/02 00:00:00+00,N,Raining,Wet,Dark - Street Lights On,Y,N
220268,Block,3RD AVE BETWEEN PIKE ST AND PINE ST,1,Property Damage Only Collision,Sideswipe,2,0,0,2,0,0,0,2020/01/19 00:00:00+00,N,Overcast,Dry,Daylight,NA,N
220271,Block,12TH AVE S BETWEEN S WELLER ST AND XW S LANE ST,1,Property Damage Only Collision,Rear Ended,6,0,0,2,0,0,0,2020/02/03 00:00:00+00,N,Clear,Dry,Daylight,NA,N
220272,Intersection,1ST AVE AND SPRING ST,1,Property Damage Only Collision,Angles,2,0,0,2,0,0,0,2020/01/02 00:00:00+00,N,Clear,Dry,Dark - Street Lights On,NA,N
220275,Block,1ST AVE S BETWEEN S WASHINGTON ST AND S MAIN ST,1,Property Damage Only Collision,Parked Car,2,0,0,2,0,0,0,2020/01/18 00:00:00+00,N,Raining,Wet,Dark - Street Lights On,NA,N