OBJECTID,ADDRTYPE,LOCATION,SEVERITYCODE,SEVERITYDESC,COLLISIONTYPE,PERSONCOUNT,PEDCOUNT,PEDCYLCOUNT,VEHCOUNT,INJURIES,SERIOUSINJURIES,FATALITIES,INCDATE,UNDERINFL,WEATHER,ROADCOND,LIGHTCOND,SPEEDING,HITPARKEDCAR
220528,Block,SUMMIT AVE BETWEEN SENECA ST AND UNIVERSITY ST,1,Property Damage Only Collision,Parked Car,2,0,0,2,0,0,0,2020/02/28 00:00:00+00,N,Overcast,Dry,Daylight,NA,Y
220530,Block,3RD AVE NW BETWEEN NW 85TH ST AND NW 86TH ST,1,Property Damage Only Collision,Rear Ended,2,0,0,2,0,0,0,2020/03/06 00:00:00+00,N,Other,Unknown,Unknown,NA,N
220531,Block,NE 45TH ST BETWEEN 21ST AVE NE AND NE 45TH ST RP,1,Property Damage Only Collision,Rear Ended,2,0,0,2,0,0,0,2020/01/23 00:00:00+00,N,Raining,Wet,Dark - Street Lights On,NA,N
220532,Block,S HOLGATE ST BETWEEN 5TH AVE S AND 6TH AVE S,1,Property Damage Only Collision,NA,1,0,0,0,0,0,0,2020/05/11 00:00:00+00,NA,NA,NA,NA,NA,N
220533,Block,SAND POINT WAY NE BETWEEN NE 65TH ST AND NE 70TH ST,1,Property Damage Only Collision,NA,2,0,0,0,0,0,0,2020/01/04 00:00:00+00,NA,NA,NA,NA,NA,Y
220534,Block,TERRY AVE BETWEEN SENECA ST AND UNIVERSITY ST,1,Property Damage Only Collision,Parked Car,3,0,0,2,0,0,0,2020/03/26 00:00:00+00,N,Clear,Dry,Dark - Street Lights On,NA,N
220536,Intersection,GREENWOOD AVE N AND HOLMAN RD N,0,Unknown,NA,0,0,0,0,0,0,0,2020/02/20 00:00:00+00,NA,NA,NA,NA,NA,N
220537,Block,S ATLANTIC ST BETWEEN 14TH AVE S AND 15TH AVE S,1,Property Damage Only Collision,Parked Car,2,0,0,2,0,0,0,2020/01/14 00:00:00+00,N,Overcast,Ice,Dark - Street Lights On,NA,N
220538,Block,SR509 SB BETWEEN 2ND AV SW ON RP AND 1ST AV S OFF RP,1,Property Damage Only Collision,Rear Ended,4,0,0,2,0,0,0,2020/01/01 00:00:00+00,N,Clear,Dry,Dark - Street Lights On,NA,N
220542,Block,N 36TH ST BETWEEN WOODLAWN AVE N AND DENSMORE AVE N,1,Property Damage Only Collision,NA,2,0,0,0,0,0,0,2020/04/30 00:00:00+00,NA,NA,NA,NA,NA,N
220545,Block,DILLING WAY BETWEEN 3RD AVE AND 4TH AVE,1,Property Damage Only Collision,Parked Car,3,0,0,2,0,0,0,2020/02/28 00:00:00+00,N,Raining,Wet,Dark - Street Lights On,NA,N
220548,Intersection,16TH AVE AND E YESLER WAY,1,Property Damage Only Collision,Angles,2,0,0,2,0,0,0,2020/01/09 00:00:00+00,N,Overcast,Dry,Daylight,NA,N
220549,Block,NE 40 UPPER ST BETWEEN 9TH AVE NE AND UNIVERSITY BR,2,Injury Collision,Other,2,0,0,2,1,0,0,2020/05/12 00:00:00+00,N,Clear,Dry,Daylight,NA,N
220550,Intersection,24TH AVE E AND E MILLER ST,1,Property Damage Only Collision,Angles,4,0,0,2,0,0,0,2020/01/06 00:00:00+00,N,Raining,Wet,Daylight,NA,N
220551,Block,12TH AVE NE BETWEEN NE 67TH ST AND NE 68TH ST,1,Property Damage Only Collision,Parked Car,4,0,0,3,0,0,0,2020/02/15 00:00:00+00,N,Overcast,Dry,Daylight,NA,Y
220554,Intersection,ROOSEVELT WAY NE AND NE RAVENNA EB BV,1,Property Damage Only Collision,Angles,3,0,0,2,0,0,0,2020/02/10 00:00:00+00,N,Clear,Dry,Daylight,NA,N
220556,Block,NE 54TH ST BETWEEN 20TH AVE NE AND 21ST AVE NE,1,Property Damage Only Collision,Angles,2,0,0,2,0,0,0,2020/03/04 00:00:00+00,N,Overcast,Wet,Dark - Street Lights On,NA,N
220558,Block,14TH AVE E BETWEEN E REPUBLICAN ST AND E MERCER ST,1,Property Damage Only Collision,Parked Car,2,0,0,2,0,0,0,2020/03/09 00:00:00+00,N,Other,Wet,Unknown,NA,N
220560,Intersection,BEACON WR AVE S AND S DAWSON ST,2,Injury Collision,Angles,4,0,0,2,1,0,0,2020/03/02 00:00:00+00,N,Overcast,Wet,Daylight,NA,N
220561,Block,5TH AVE NE BETWEEN NE 85TH ST AND NE 86TH ST,1,Property Damage Only Collision,Sideswipe,3,0,0,2,0,0,0,2020/03/16 00:00:00+00,N,Clear,Dry,Daylight,NA,N
220563,Block,BOYLSTON AVE BETWEEN E PIKE ST AND E PINE ST,1,Property Damage Only Collision,Parked Car,2,0,0,2,0,0,0,2020/02/20 00:00:00+00,N,Clear,Dry,Unknown,NA,Y
220564,Block,44TH AVE S BETWEEN S MYRTLE ST AND S OTHELLO ST,1,Property Damage Only Collision,Parked Car,2,0,0,2,0,0,0,2020/01/10 00:00:00+00,N,Clear,Wet,Dark - Street Lights On,NA,Y
220565,Intersection,LAKE CITY WAY NE AND NE 145TH ST,1,Property Damage Only Collision,NA,2,0,0,0,0,0,0,2020/02/28 00:00:00+00,NA,NA,NA,NA,NA,N
220566,Block,15TH AVE NW BETWEEN NW 85TH ST AND NW 87TH ST,1,Property Damage Only Collision,Angles,2,0,0,2,0,0,0,2020/02/12 00:00:00+00,N,Clear,Dry,Daylight,NA,N
220567,Intersection,7TH AVE S AND S ORCAS ST,1,Property Damage Only Collision,Angles,3,0,0,2,0,0,0,2020/01/29 00:00:00+00,N,Raining,Wet,Daylight,NA,N
220568,Block,BROADWAY BETWEEN TERRACE ST AND JEFFERSON ST,0,Unknown,NA,0,0,0,0,0,0,0,2020/02/03 00:00:00+00,NA,NA,NA,NA,NA,Y
220569,Block,25TH AVE E BETWEEN E LEE ST AND E GALER ST,1,Property Damage Only Collision,Parked Car,2,0,0,2,0,0,0,2020/01/22 00:00:00+00,N,Raining,Wet,Dark - No Street Lights,NA,Y
220570,Block,29TH AVE S BETWEEN S MORGAN ST AND S HOLLY ST,0,Unknown,NA,0,0,0,0,0,0,0,2020/05/03 00:00:00+00,NA,NA,NA,NA,NA,N
220572,Block,AIRPORT WAY S BETWEEN S HINDS ST AND 8TH AVE S,3,Fatality Collision,Other,2,0,0,1,0,0,2,2020/04/25 00:00:00+00,N,Clear,Dry,Daylight,Y,N
220574,Intersection,26TH AVE NE AND NE 60TH ST,0,Unknown,NA,0,0,0,0,0,0,0,2020/03/09 00:00:00+00,NA,NA,NA,NA,NA,Y
220575,Block,4TH AVE W BETWEEN W HOWE ST AND W CROCKETT ST,1,Property Damage Only Collision,NA,2,0,0,0,0,0,0,2020/01/30 00:00:00+00,NA,NA,NA,NA,NA,N
220576,Block,HOWELL ST BETWEEN OLIVE WAY AND 9TH AVE,1,Property Damage Only Collision,NA,3,0,0,0,0,0,0,2020/02/29 00:00:00+00,NA,NA,NA,NA,NA,N
220578,Block,3RD AVE NE BETWEEN NE 130TH ST AND ROOSEVELT WAY NE,1,Property Damage Only Collision,Sideswipe,2,0,0,2,0,0,0,2020/04/21 00:00:00+00,N,Overcast,Dry,Daylight,NA,N
220579,Block,NE 47TH ST BETWEEN 7TH AVE NE AND 8TH AVE NE,1,Property Damage Only Collision,Angles,2,0,0,2,0,0,0,2020/01/15 00:00:00+00,N,Overcast,Wet,Daylight,NA,N
220580,Intersection,6TH AVE N AND HARRISON ST,1,Property Damage Only Collision,Left Turn,2,0,0,2,0,0,0,2020/02/12 00:00:00+00,N,Clear,Dry,Daylight,NA,N
220581,Block,AIRPORT WAY S BETWEEN S HORTON S ST AND S HINDS ST,2,Injury Collision,Other,2,0,0,1,2,0,0,2020/02/11 00:00:00+00,N,Clear,Dry,Dark - Street Lights On,NA,N
220584,Intersection,3RD AVE NW AND NW 40TH N ST,1,Property Damage Only Collision,Rear Ended,2,0,0,2,0,0,0,2020/01/30 00:00:00+00,N,Clear,Wet,Daylight,NA,N
220585,Block,BEACON AVE S BETWEEN S HINDS ST AND S SPOKANE ST,1,Property Damage Only Collision,Rear Ended,2,0,0,2,0,0,0,2020/01/09 00:00:00+00,N,Overcast,Wet,Dark - Street Lights On,NA,N
220586,Intersection,31ST AVE W AND W EMERSON ST,0,Unknown,NA,0,0,0,0,0,0,0,2020/03/25 00:00:00+00,NA,NA,NA,NA,NA,Y
220588,Intersection,LEARY AVE NW AND NW MARKET ST,1,Property Damage Only Collision,Right Turn,2,0,0,2,0,0,0,2020/01/26 00:00:00+00,N,Overcast,Dry,Dark - Street Lights On,NA,N
220589,Intersection,1ST AVE S AND S ROYAL BROUGHAM WAY,1,Property Damage Only Collision,Parked Car,2,0,0,2,0,0,0,2020/02/27 00:00:00+00,N,Other,Unknown,Unknown,NA,N
220592,Block,W MERCER ST BETWEEN QUEEN ANNE AVE N AND 1ST AVE W,2b,Serious Injury Collision,Rear Ended,4,1,0,3,1,1,0,2020/05/16 00:00:00+00,N,Raining,Wet,Dusk,NA,N
220593,Block,M L KING JR WR WAY S BETWEEN 38TH AVE S AND S WARSAW ST,1,Property Damage Only Collision,Other,1,0,0,1,0,0,0,2020/02/18 00:00:00+00,N,Clear,Dry,Dark - Street Lights On,NA,N
220594,Intersection,1ST AVE S AND S MEAD ST,1,Property Damage Only Collision,Angles,2,0,0,2,0,0,0,2020/01/22 00:00:00+00,N,Overcast,Dry,Daylight,NA,N
220595,Intersection,51ST AVE S AND S CAMBRIDGE ST,1,Property Damage Only Collision,Parked Car,2,0,0,2,0,0,0,2020/04/20 00:00:00+00,N,Clear,Dry,Daylight,NA,Y
220598,Block,S MYRTLE ST BETWEEN BEACON ER AVE S AND S MYRTLE PL,1,Property Damage Only Collision,Rear Ended,2,0,0,2,0,0,0,2020/03/21 00:00:00+00,N,Clear,Dry,Dusk,NA,N
220599,Intersection,7TH AVE NW AND NW 60TH ST,1,Property Damage Only Collision,Angles,3,0,0,3,0,0,0,2020/04/03 00:00:00+00,N,Clear,Dry,Daylight,NA,N
220602,Block,BATTERY ST BETWEEN 2ND AVE AND 3RD AVE,1,Property Damage Only Collision,NA,2,0,0,0,0,0,0,2020/01/29 00:00:00+00,NA,NA,NA,NA,NA,N
220603,Intersection,6TH AVE AND UNIVERSITY ST,2,Injury Collision,Other,1,0,0,1,1,0,0,2020/04/17 00:00:00+00,N,Clear,Dry,Daylight,NA,N
220604,Block,1ST AVE W BETWEEN W MCGRAW ST AND W MCGRAW PL,1,Property Damage Only Collision,Parked Car,4,0,0,3,0,0,0,2020/01/05 00:00:00+00,N,Raining,Wet,Dark - Street Lights On,NA,Y
220605,Intersection,W MCGRAW PL AND W MCGRAW E ST,1,Property Damage Only Collision,Angles,8,0,0,2,0,0,0,2020/02/23 00:00:00+00,N,Clear,Dry,Dark - Street Lights On,NA,N
220606,Block,LAKEVIEW BLVD E BETWEEN BELMONT AVE E AND E HIGHLAND DR,1,Property Damage Only Collision,NA,2,0,0,0,0,0,0,2020/02/05 00:00:00+00,NA,NA,NA,NA,NA,Y
220608,Intersection,SW ADMIRAL WAY AND SW LANDER W ST,2,Injury Collision,Head On,3,0,0,2,1,0,0,2020/04/16 00:00:00+00,N,Clear,Dry,Daylight,NA,N
220609,Block,BALLARD AVE NW BETWEEN NW BALLARD WAY AND NW 48TH ST,0,Unknown,NA,0,0,0,0,0,0,0,2020/01/20 00:00:00+00,NA,NA,NA,NA,NA,Y
220611,Intersection,57TH AVE S AND S NORFOLK ST,1,Property Damage Only Collision,Other,1,0,0,1,0,0,0,2020/01/04 00:00:00+00,N,Partly Cloudy,Dry,Dark - Street Lights On,NA,N
220612,Block,AURORA AVE N BETWEEN N 141ST ST AND N 143RD ST,1,Property Damage Only Collision,Parked Car,2,0,0,2,0,0,0,2020/03/12 00:00:00+00,N,Overcast,Dry,Daylight,NA,Y
220614,Intersection,AURORA AVE N AND N 125TH ST,3,Fatality Collision,Pedestrian,2,1,0,1,0,0,1,2020/04/01 00:00:00+00,N,Clear,Dry,Dark - Street Lights On,Y,N
220617,Intersection,STEWART ST AND YALE AVE,1,Property Damage Only Collision,Sideswipe,3,0,0,2,0,0,0,2020/03/13 00:00:00+00,N,Raining,Wet,Daylight,NA,N
220619,Block,5TH AVE BETWEEN UNION ST AND PIKE ST,1,Property Damage Only Collision,Parked Car,2,0,0,2,0,0,0,2020/02/06 00:00:00+00,N,Raining,Wet,Daylight,NA,N
220620,Block,S SPOKANE NR ST BETWEEN 6TH AVE S AND DIAGONAL AVE S,1,Property Damage Only Collision,Sideswipe,3,0,0,2,0,0,0,2020/01/16 00:00:00+00,N,Raining,Wet,Dark - No Street Lights,NA,N
220621,Block,15TH AVE NW BETWEEN NW 64TH ST AND NW 65TH ST,0,Unknown,NA,0,0,0,0,0,0,0,2020/02/04 00:00:00+00,NA,NA,NA,NA,NA,Y
220623,Block,SHILSHOLE AVE NW BETWEEN NW DOCK PL AND 20TH AVE NW,1,Property Damage Only Collision,Angles,3,0,0,3,0,0,0,2020/03/12 00:00:00+00,N,Clear,Dry,Daylight,NA,N
220627,Intersection,5TH AVE NE AND NE 100TH ST,2,Injury Collision,Angles,3,0,0,2,1,0,0,2020/01/31 00:00:00+00,N,Raining,Wet,Dark - Street Lights On,NA,N
220629,Intersection,MONTLAKE BLVD E AND EAST MONTLAKE PL E,2,Injury Collision,Pedestrian,2,1,0,1,1,0,0,2020/02/05 00:00:00+00,N,Raining,Wet,Dark - Street Lights On,NA,N
220631,Intersection,NE 65TH ST AND NE RAVENNA WB BV,2,Injury Collision,Left Turn,2,0,0,2,2,0,0,2020/01/31 00:00:00+00,N,Raining,Wet,Dark - Street Lights On,NA,N
220632,Block,1ST AVE S BETWEEN S ATLANTIC ST AND S MASSACHUSETTS ST,1,Property Damage Only Collision,Rear Ended,5,0,0,3,0,0,0,2020/01/21 00:00:00+00,N,Overcast,Wet,Daylight,NA,Y
220633,Block,SEWARD PARK AVE S BETWEEN 55TH S AVE S AND S BRIGHTON ST,1,Property Damage Only Collision,Other,1,0,0,1,0,0,0,2020/03/18 00:00:00+00,N,Clear,Dry,Dark - Street Lights On,NA,N
220635,Block,E UNION ST BETWEEN 31ST AVE AND 32ND AVE,1,Property Damage Only Collision,Parked Car,2,0,0,2,0,0,0,2020/04/11 00:00:00+00,N,Overcast,Dry,Dawn,NA,Y
220637,Intersection,GREENWOOD AVE N AND N 117TH ST,2,Injury Collision,Pedestrian,2,1,0,1,1,0,0,2020/02/16 00:00:00+00,N,Clear,Dry,Daylight,NA,N
220639,Intersection,15TH AVE NE AND NE 135TH ST,2,Injury Collision,Rear Ended,4,0,0,2,1,0,0,2020/02/12 00:00:00+00,N,Overcast,Dry,Daylight,NA,N
220640,Intersection,5TH AVE NE AND NE NORTHGATE WAY,2b,Serious Injury Collision,Pedestrian,2,1,0,1,1,1,0,2020/02/13 00:00:00+00,N,Raining,Wet,Daylight,NA,N
220641,Block,WEST SEATTLE BR EB BETWEEN POINT A AND FAUNTLEROY WAY SW,1,Property Damage Only Collision,Rear Ended,2,0,0,2,0,0,0,2020/01/21 00:00:00+00,N,Overcast,Wet,Daylight,NA,N
220642,Intersection,4TH AVE S AND S BRANDON ST,1,Property Damage Only Collision,Angles,2,0,0,2,0,0,0,2020/01/31 00:00:00+00,N,Raining,Wet,Dark - Street Lights On,NA,N
220644,Intersection,ALOHA ST AND TAYLOR AVE N,2,Injury Collision,Angles,2,0,0,2,1,0,0,2020/03/13 00:00:00+00,N,Raining,Wet,Daylight,NA,N
220646,Intersection,M L KING JR WR WAY S AND S ORCAS ST,1,Property Damage Only Collision,Sideswipe,2,0,0,2,0,0,0,2020/03/06 00:00:00+00,N,Overcast,Unknown,Dusk,NA,N
220648,Block,12TH AVE S BETWEEN S JACKSON ST AND S KING ST,1,Property Damage Only Collision,Rear Ended,2,0,0,2,0,0,0,2020/02/29 00:00:00+00,N,Clear,Dry,Daylight,NA,N
220649,Block,RAINIER AVE S BETWEEN S ALASKA ST AND S ANGELINE ST,2b,Serious Injury Collision,Other,2,0,0,1,2,1,0,2020/01/30 00:00:00+00,N,Overcast,Wet,Daylight,NA,N
220650,Block,22ND AVE E BETWEEN BOYER AVE E AND E BLAINE ST,1,Property Damage Only Collision,Parked Car,2,0,0,2,0,0,0,2020/03/04 00:00:00+00,N,Clear,Dry,Dark - Street Lights On,NA,Y
220651,Block,EASTLAKE AVE E BETWEEN E LYNN ST AND E LOUISA ST,1,Property Damage Only Collision,Right Turn,2,0,0,2,0,0,0,2020/02/03 00:00:00+00,N,Overcast,Dry,Daylight,NA,N
220652,Block,E THOMAS ST BETWEEN MELROSE AVE E AND BELLEVUE AVE E,2,Injury Collision,NA,2,0,0,0,1,0,0,2020/03/22 00:00:00+00,NA,NA,NA,NA,NA,Y
220654,Intersection,2ND AVE S AND S MAIN ST,1,Property Damage Only Collision,Pedestrian,2,1,0,1,0,0,0,2020/02/06 00:00:00+00,N,Raining,Wet,Dark - Street Lights On,NA,N
220655,Intersection,MERIDIAN AVE N AND N 107TH ST,2,Injury Collision,Angles,4,0,0,2,1,0,0,2020/01/04 00:00:00+00,N,Raining,Wet,Dark - Street Lights On,NA,N
220656,Block,FAUNTLEROY WAY SW BETWEEN SW EDMUNDS ST AND SW HUDSON ST,1,Property Damage Only Collision,Sideswipe,2,0,0,2,0,0,0,2020/01/10 00:00:00+00,N,Raining,Wet,Dark - Street Lights On,NA,N
220657,Block,M L KING JR WR WAY S BETWEEN S OTHELLO ST AND S HOLLY PARK DR,2,Injury Collision,Parked Car,3,0,0,2,2,0,0,2020/04/25 00:00:00+00,N,Clear,Dry,Dark - Street Lights On,NA,N
220658,Intersection,34TH AVE NW AND NW 65TH ST,1,Property Damage Only Collision,Angles,3,0,0,3,0,0,0,2020/01/20 00:00:00+00,N,Overcast,Dry,Daylight,NA,N
220659,Block,EASTLAKE AVE E BETWEEN FAIRVIEW AVE N AND E GARFIELD ST,0,Unknown,NA,2,0,0,0,0,0,0,2020/02/26 00:00:00+00,NA,NA,NA,NA,NA,Y
220661,Intersection,12TH AVE AND E OLIVE ST,1,Property Damage Only Collision,Pedestrian,2,1,0,1,0,0,0,2020/01/25 00:00:00+00,N,Clear,Wet,Daylight,NA,N
220662,Block,INTERLAKE AVE N BETWEEN N 95TH ST AND N 97TH ST,1,Property Damage Only Collision,Parked Car,2,0,0,2,0,0,0,2020/03/09 00:00:00+00,N,Clear,Dry,Daylight,NA,N
220666,Intersection,STONE AVE N AND N NORTHGATE WAY,1,Property Damage Only Collision,Angles,10,0,0,2,0,0,0,2020/02/20 00:00:00+00,N,Clear,Dry,Daylight,NA,N
220667,Block,5TH AVE S BETWEEN S JACKSON ST AND S KING ST,1,Property Damage Only Collision,Rear Ended,2,0,0,2,0,0,0,2020/01/24 00:00:00+00,N,Raining,Wet,Daylight,NA,N
220668,Block,BALLARD BR BETWEEN 15TH AVE W AND POINT A,1,Property Damage Only Collision,Head On,2,0,0,2,0,0,0,2020/01/11 00:00:00+00,N,Clear,Wet,Dark - Street Lights On,Y,N
220671,Intersection,62ND AVE S AND S PRENTICE ST,2,Injury Collision,Angles,2,0,0,2,1,0,0,2020/03/11 00:00:00+00,N,Clear,Dry,Daylight,NA,N
220672,Block,28TH AVE NE BETWEEN NE 120TH ST AND NE 123RD ST,1,Property Damage Only Collision,Other,1,0,0,1,0,0,0,2020/04/01 00:00:00+00,N,Overcast,Dry,Dark - Street Lights On,NA,N
220674,Block,AURORA AVE N BETWEEN N NORTHGATE WAY AND N 107TH S ST,2,Injury Collision,Other,1,0,0,1,1,0,0,2020/02/13 00:00:00+00,N,Clear,Dry,Dark - Street Lights On,NA,N
220675,Intersection,LAKE CITY WAY NE AND NE 125TH ST,1,Property Damage Only Collision,Rear Ended,2,0,0,2,0,0,0,2020/02/03 00:00:00+00,N,Clear,Dry,Daylight,NA,N
220676,Block,20TH AVE SW BETWEEN SW CAMBRIDGE ST AND SW ROXBURY ST,2,Injury Collision,Other,1,0,0,1,1,0,0,2020/05/11 00:00:00+00,N,Clear,Dry,Daylight,NA,N
220677,Intersection,6TH AVE AND DENNY WAY,1,Property Damage Only Collision,Sideswipe,2,0,0,2,0,0,0,2020/02/19 00:00:00+00,N,Clear,Dry,Daylight,NA,N
220678,Block,23RD AVE NE BETWEEN NE 128TH ST AND NE 130TH ST,1,Property Damage Only Collision,NA,2,0,0,0,0,0,0,2020/02/05 00:00:00+00,NA,NA,NA,NA,NA,Y
220679,Block,WESTLAKE AVE N BETWEEN HALLADAY ST AND NEWELL ST,2b,Serious Injury Collision,Head On,6,0,0,4,4,3,0,2020/02/06 00:00:00+00,N,Overcast,Wet,Dark - Street Lights On,Y,N
220680,Intersection,28TH AVE SW AND SW HOLDEN ST,1,Property Damage Only Collision,Angles,2,0,0,2,0,0,0,2020/04/20 00:00:00+00,N,Clear,Dry,Daylight,NA,N
220681,Intersection,RAINIER AVE S AND S CHARLES S ST,1,Property Damage Only Collision,NA,2,0,0,0,0,0,0,2020/01/11 00:00:00+00,NA,NA,NA,NA,NA,N
220682,Block,S HENDERSON ST BETWEEN M L KING JR ER WAY S AND CHIEF SEALTH TRL,1,Property Damage Only Collision,Rear Ended,7,0,0,2,0,0,0,2020/02/28 00:00:00+00,N,Raining,Wet,Dark - Street Lights On,NA,N
220684,Block,SPRING ST BETWEEN TERRY AVE AND BOREN AVE,1,Property Damage Only Collision,Parked Car,4,0,0,4,0,0,0,2020/03/11 00:00:00+00,N,Clear,Dry,Daylight,NA,N
220686,Block,1ST AVE S BETWEEN SW KENYON ST AND S CLOVERDALE W ST,2,Injury Collision,Other,1,0,0,1,1,0,0,2020/02/26 00:00:00+00,N,Clear,Dry,Dark - Street Lights On,Y,N
220688,Intersection,17TH AVE S AND S MAIN ST,2,Injury Collision,Angles,3,0,0,2,3,0,0,2020/03/03 00:00:00+00,N,Overcast,Wet,Daylight,NA,N
220689,Block,35TH AVE SW BETWEEN SW RAYMOND ST AND SW GRAHAM ST,2,Injury Collision,Rear Ended,3,0,0,2,1,0,0,2020/02/11 00:00:00+00,N,Overcast,Dry,Daylight,NA,N
220690,Intersection,FLORENTIA ST AND WARREN AVE N,2,Injury Collision,Angles,2,0,0,2,1,0,0,2020/05/04 00:00:00+00,N,Clear,Dry,Dark - Street Lights On,NA,N
220691,Intersection,BOREN AVE N AND REPUBLICAN ST,2,Injury Collision,Pedestrian,4,1,0,1,1,0,0,2020/01/21 00:00:00+00,N,Raining,Wet,Daylight,NA,N
220694,Block,S ROYAL BROUGHAM WAY BETWEEN 5TH AVE S AND 6TH AVE S,1,Property Damage Only Collision,Rear Ended,2,0,0,2,0,0,0,2020/04/02 00:00:00+00,N,Clear,Dry,Daylight,NA,N
220697,Block,1ST AVE BETWEEN VIRGINIA ST AND LENORA ST,1,Property Damage Only Collision,Parked Car,3,0,0,2,0,0,0,2020/01/30 00:00:00+00,N,Overcast,Dry,Dark - Street Lights On,NA,Y
220698,Block,MERCER ST BETWEEN 6TH AVE N AND DEXTER AVE N,1,Property Damage Only Collision,NA,2,0,0,0,0,0,0,2020/02/28 00:00:00+00,NA,NA,NA,NA,NA,N
220700,Block,11TH AVE NE BETWEEN NE 42ND ST AND NE 43RD ST,2,Injury Collision,NA,2,0,0,0,1,0,0,2020/03/24 00:00:00+00,NA,NA,NA,NA,NA,Y
220703,Block,RENTON AVE S BETWEEN S CAMANO PL AND S CLOVERDALE ST,1,Property Damage Only Collision,Sideswipe,7,0,0,3,0,0,0,2020/03/10 00:00:00+00,N,Clear,Dry,Daylight,NA,N
220706,Block,MONTLAKE BLVD E BETWEEN E SHELBY ST AND MONTLAKE BR,1,Property Damage Only Collision,Sideswipe,2,0,0,2,0,0,0,2020/04/22 00:00:00+00,N,Raining,Wet,Daylight,Y,N
220709,Intersection,38TH AVE S AND S ANDOVER ST,1,Property Damage Only Collision,Angles,2,0,0,2,0,0,0,2020/01/01 00:00:00+00,N,Clear,Dry,Daylight,NA,N
220710,Block,N NORTHGATE WAY BETWEEN CORLISS AVE N AND 1ST AVE NE,2,Injury Collision,Rear Ended,2,0,0,2,1,0,0,2020/05/08 00:00:00+00,N,Clear,Dry,Daylight,NA,N
220711,Block,YALE AVE BETWEEN HOWELL ST AND STEWART ST,1,Property Damage Only Collision,Parked Car,2,0,0,2,0,0,0,2020/01/21 00:00:00+00,N,Other,Unknown,Unknown,NA,Y
220714,Intersection,31ST AVE SW AND SW OTHELLO ST,1,Property Damage Only Collision,NA,2,0,0,0,0,0,0,2020/04/16 00:00:00+00,NA,NA,NA,NA,NA,N
220716,Intersection,4TH AVE S AND W SEA BR EB 4 AV OFF RP,2,Injury Collision,Rear Ended,3,0,0,2,1,0,0,2020/03/11 00:00:00+00,N,Clear,Dry,Daylight,NA,N
220718,Block,SUMMIT AVE E BETWEEN E REPUBLICAN ST AND E MERCER ST,0,Unknown,NA,0,0,0,0,0,0,0,2020/02/24 00:00:00+00,NA,NA,NA,NA,NA,Y
220720,Block,E ALDER ST BETWEEN 21ST AVE AND 22ND AVE,1,Property Damage Only Collision,Parked Car,2,0,0,2,0,0,0,2020/04/11 00:00:00+00,N,Clear,Dry,Dark - No Street Lights,NA,Y
220723,Intersection,4TH AVE AND SENECA ST,1,Property Damage Only Collision,Left Turn,2,0,0,2,0,0,0,2020/04/17 00:00:00+00,N,Clear,Dry,Daylight,NA,N
220726,Block,SW ROXBURY ST BETWEEN 24TH AVE SW AND 25TH AVE SW,2,Injury Collision,Rear Ended,3,0,0,2,1,0,0,2020/04/07 00:00:00+00,N,Clear,Dry,Daylight,NA,N
220727,Intersection,FLORA AVE S AND S EDDY ST,0,Unknown,NA,0,0,0,0,0,0,0,2020/01/06 00:00:00+00,NA,NA,NA,NA,NA,Y
220728,Block,18TH AVE E BETWEEN E ROY ST AND E ALOHA ST,0,Unknown,NA,2,0,0,0,0,0,0,2020/03/04 00:00:00+00,NA,NA,NA,NA,NA,Y
220730,Intersection,EAST MARGINAL WAY S AND S ALASKA ST,2,Injury Collision,Left Turn,2,0,0,2,1,0,0,2020/01/31 00:00:00+00,N,Overcast,Dry,Dark - Street Lights On,NA,N
220732,Intersection,WESTLAKE AVE N AND VALLEY ST,1,Property Damage Only Collision,Left Turn,2,0,0,2,0,0,0,2020/01/24 00:00:00+00,N,Raining,Wet,Dark - Street Lights On,NA,N
220734,Intersection,28TH AVE W AND W EATON ST,1,Property Damage Only Collision,Other,1,0,0,1,0,0,0,2020/03/17 00:00:00+00,N,Clear,Dry,Daylight,NA,N
220735,Intersection,M L KING JR ER WAY S AND S OTHELLO ST,1,Property Damage Only Collision,NA,2,0,0,0,0,0,0,2020/02/14 00:00:00+00,NA,NA,NA,NA,NA,N
220736,Block,EAST GREEN LAKE WAY N BETWEEN 4TH AVE NE AND NE RAVENNA SR BV,1,Property Damage Only Collision,Other,2,0,0,1,0,0,0,2020/01/26 00:00:00+00,N,Clear,Wet,Dusk,NA,N
220737,Intersection,BROADWAY AND JEFFERSON ST,1,Property Damage Only Collision,Angles,2,0,0,2,0,0,0,2020/03/23 00:00:00+00,N,Clear,Dry,Daylight,NA,N