OBJECTID,ADDRTYPE,LOCATION,SEVERITYCODE,SEVERITYDESC,COLLISIONTYPE,PERSONCOUNT,PEDCOUNT,PEDCYLCOUNT,VEHCOUNT,INJURIES,SERIOUSINJURIES,FATALITIES,INCDATE,UNDERINFL,WEATHER,ROADCOND,LIGHTCOND,SPEEDING,HITPARKEDCAR
221621,Block,S MYRTLE ST BETWEEN EAST MARGINAL WAY S AND FLORA AVE S,1,Property Damage Only Collision,NA,2,0,0,0,0,0,0,2020/03/06 00:00:00+00,NA,NA,NA,NA,NA,N
221622,Block,RAINIER AVE S BETWEEN S KENNY ST AND S GRAHAM ST,1,Property Damage Only Collision,Other,3,0,0,2,0,0,0,2020/01/29 00:00:00+00,N,Raining,Wet,Daylight,NA,N
221625,Intersection,33RD AVE S AND S GRAHAM ST,2,Injury Collision,Angles,3,0,0,2,1,0,0,2020/04/02 00:00:00+00,N,Overcast,Dry,Daylight,NA,N
221628,Block,NE 88TH ST BETWEEN LAKE CITY WAY NE AND 23RD AVE NE,1,Property Damage Only Collision,Parked Car,2,0,0,2,0,0,0,2020/01/14 00:00:00+00,N,Snowing,Ice,Daylight,Y,N
221631,Block,15TH AV W SB ON RP BETWEEN 15TH AVE W AND W DRAVUS ST,2,Injury Collision,NA,1,0,0,0,1,0,0,2020/05/10 00:00:00+00,NA,NA,NA,NA,NA,N
221633,Intersection,11TH AVE NE AND NE 45TH ST,1,Property Damage Only Collision,Angles,2,0,0,2,0,0,0,2020/03/01 00:00:00+00,N,Clear,Dry,Daylight,NA,N
221635,Intersection,BROAD ST AND DENNY WAY,2,Injury Collision,Pedestrian,2,1,0,1,1,0,0,2020/01/31 00:00:00+00,N,Raining,Wet,Daylight,NA,N
221636,Block,LATONA AVE NE BETWEEN NE 64TH ST AND NE 65TH E ST,2,Injury Collision,Rear Ended,3,0,0,2,2,0,0,2020/02/29 00:00:00+00,N,Clear,Dry,Daylight,NA,N
221639,Block,15TH AVE NE BETWEEN NE 140TH ST AND NE 143RD ST,1,Property Damage Only Collision,Other,4,0,0,1,0,0,0,2020/02/16 00:00:00+00,N,Overcast,Dry,Daylight,NA,N
221640,Block,NE 45TH ST BETWEEN 8TH E AVE NE AND 9TH W AVE NE,1,Property Damage Only Collision,Sideswipe,3,0,0,2,0,0,0,2020/02/03 00:00:00+00,N,Clear,Dry,Daylight,NA,N
221641,Block,NW MARKET ST BETWEEN 15TH AVE NW AND 17TH AVE NW,2,Injury Collision,Rear Ended,3,0,0,2,1,0,0,2020/01/20 00:00:00+00,N,Overcast,Dry,Daylight,NA,N
221642,Block,6TH AVE S BETWEEN S LUCILE ST AND S FINDLAY ST,1,Property Damage Only Collision,Parked Car,2,0,0,2,0,0,0,2020/03/11 00:00:00+00,N,Raining,Wet,Dawn,NA,Y
221644,Intersection,11TH AVE NW AND NW 57TH ST,2,Injury Collision,Angles,3,0,0,2,1,0,0,2020/02/27 00:00:00+00,N,Clear,Dry,Daylight,NA,N
221645,Block,EAST GREEN LAKE DR N BETWEEN LATONA AVE NE AND SUNNYSIDE AVE N,2,Injury Collision,NA,2,0,0,0,1,0,0,2020/03/25 00:00:00+00,NA,NA,NA,NA,NA,N
221647,Block,NW LEARY WAY BETWEEN LEARY WAY NW AND 11TH AVE NW,2,Injury Collision,Other,2,0,0,1,1,0,0,2020/02/06 00:00:00+00,N,Raining,Wet,Dark - Street Lights On,NA,N
221648,Block,FEDERAL AVE E BETWEEN E THOMAS ST AND E HARRISON ST,1,Property Damage Only Collision,Parked Car,2,0,0,2,0,0,0,2020/02/07 00:00:00+00,N,Raining,Dry,NA,NA,N
221649,Block,W DRAVUS ST BETWEEN QUEEN ANNE AVE N AND 3RD N AVE W,1,Property Damage Only Collision,NA,2,0,0,0,0,0,0,2020/04/26 00:00:00+00,NA,NA,NA,NA,NA,Y
221650,Block,BROOKLYN AVE NE BETWEEN NE 41ST ST AND NE 42ND ST,1,Property Damage Only Collision,Sideswipe,2,0,0,2,0,0,0,2020/03/05 00:00:00+00,N,Clear,Dry,Daylight,NA,N
221651,Block,35TH AVE SW BETWEEN SW SNOQUALMIE ST AND SW ALASKA ST,1,Property Damage Only Collision,Other,2,0,0,1,0,0,0,2020/02/21 00:00:00+00,N,Clear,Other,Daylight,NA,N
221652,Block,BOREN AVE BETWEEN MARION ST AND MADISON ST,2,Injury Collision,Other,2,0,0,1,1,0,0,2020/01/09 00:00:00+00,N,Raining,Wet,Daylight,NA,N
221654,Intersection,DELRIDGE WAY SW AND SW ORCHARD ST,2,Injury Collision,Angles,3,0,0,2,3,0,0,2020/04/22 00:00:00+00,N,Clear,Dry,Dark - Street Lights On,NA,N
221656,Block,EAST MARGINAL WAY S BETWEEN 14TH AVE S AND 16TH AVE S,1,Property Damage Only Collision,NA,2,0,0,0,0,0,0,2020/04/21 00:00:00+00,NA,NA,NA,NA,NA,N
221657,Block,S MAIN ST BETWEEN 4TH AVE S AND 5TH AVE S,0,Unknown,NA,0,0,0,0,0,0,0,2020/01/23 00:00:00+00,NA,NA,NA,NA,NA,N
221658,Block,MONTLAKE BLVD E BETWEEN E HAMLIN ST AND E SHELBY ST,1,Property Damage Only Collision,Rear Ended,3,0,0,2,0,0,0,2020/02/29 00:00:00+00,N,Clear,Dry,Daylight,NA,N
221660,Block,61ST AVE S BETWEEN S COOPER ST AND S RYAN ST,0,Unknown,NA,0,0,0,0,0,0,0,2020/03/16 00:00:00+00,NA,NA,NA,NA,NA,N
221662,Block,DELRIDGE WAY SW BETWEEN SW MYRTLE ST AND SW ORCHARD ST,1,Property Damage Only Collision,NA,2,0,0,0,0,0,0,2020/03/01 00:00:00+00,NA,NA,NA,NA,NA,N
221663,Block,5TH AVE BETWEEN LENORA ST AND BLANCHARD ST,1,Property Damage Only Collision,Angles,2,0,0,2,0,0,0,2020/02/19 00:00:00+00,N,Clear,Dry,Daylight,NA,N
221664,Block,NE 88TH ST BETWEEN LAKE CITY WAY NE AND 23RD AVE NE,2,Injury Collision,Parked Car,2,0,0,2,1,0,0,2020/02/27 00:00:00+00,N,Clear,Dry,Unknown,NA,Y
221666,Intersection,NW 49TH ST AND NW MARKET ST,1,Property Damage Only Collision,Angles,2,0,0,2,0,0,0,2020/01/17 00:00:00+00,N,Clear,Dry,Daylight,NA,N
221667,Block,33RD AVE S BETWEEN S SPOKANE ST AND RAINIER AVE S,2,Injury Collision,Parked Car,2,0,0,2,1,0,0,2020/01/07 00:00:00+00,N,Overcast,Wet,Daylight,NA,Y
221668,Block,RAINIER AVE S BETWEEN S GRAHAM ST AND 46TH AVE S,1,Property Damage Only Collision,Parked Car,3,0,0,3,0,0,0,2020/03/27 00:00:00+00,N,Clear,Dry,Dark - Street Lights On,NA,N
221671,Intersection,DELRIDGE WAY SW AND SYLVAN WAY SW,0,Unknown,NA,0,0,0,0,0,0,0,2020/02/29 00:00:00+00,NA,NA,NA,NA,NA,N
221672,Block,9TH AVE BETWEEN SPRING ST AND SENECA ST,1,Property Damage Only Collision,NA,2,0,0,0,0,0,0,2020/01/17 00:00:00+00,NA,NA,NA,NA,NA,Y
221676,Intersection,REPUBLICAN ST AND YALE AVE N,1,Property Damage Only Collision,NA,2,0,0,0,0,0,0,2020/02/06 00:00:00+00,NA,NA,NA,NA,NA,N
221677,Block,5TH AVE BETWEEN PIKE ST AND PINE ST,1,Property Damage Only Collision,Sideswipe,2,0,0,2,0,0,0,2020/01/13 00:00:00+00,N,Raining,Wet,Daylight,NA,N
221680,Block,GREENWOOD AVE N BETWEEN N 65TH ST AND N 67TH ST,1,Property Damage Only Collision,Parked Car,3,0,0,3,0,0,0,2020/04/24 00:00:00+00,N,Partly Cloudy,Dry,Dark - Street Lights On,NA,Y
221682,Block,1ST AVE NW BETWEEN NW 84TH ST AND NW 85TH ST,1,Property Damage Only Collision,Parked Car,5,0,0,2,0,0,0,2020/03/01 00:00:00+00,N,Clear,Dry,Daylight,NA,Y
221683,Intersection,14TH AVE NW AND NW LEARY WAY,1,Property Damage Only Collision,Left Turn,2,0,0,2,0,0,0,2020/01/31 00:00:00+00,N,Raining,Wet,Daylight,NA,N
221684,Intersection,17TH AVE NW AND NW MARKET ST,2,Injury Collision,Cycles,2,0,1,1,1,0,0,2020/04/25 00:00:00+00,N,Clear,Dry,Daylight,NA,N
221685,Intersection,SYLVAN WAY SW AND SW SYLVAN HEIGHTS DR,1,Property Damage Only Collision,Other,1,0,0,1,0,0,0,2020/01/05 00:00:00+00,N,Overcast,Wet,Dark - Street Lights On,Y,N
221686,Block,RAINIER AVE S BETWEEN S BYRON ST AND S WALDEN ST,0,Unknown,NA,0,0,0,0,0,0,0,2020/02/29 00:00:00+00,NA,NA,NA,NA,NA,N
221689,Intersection,GREENWOOD AVE N AND N 125TH ST,2,Injury Collision,Pedestrian,2,1,0,1,1,0,0,2020/02/03 00:00:00+00,N,Clear,Dry,Daylight,NA,N
221690,Block,DELRIDGE WAY SW BETWEEN SW HUDSON ST AND PUGET BLVD SW,1,Property Damage Only Collision,Parked Car,2,0,0,2,0,0,0,2020/01/17 00:00:00+00,N,Raining,Wet,Dark - Street Lights On,NA,Y
221691,Intersection,LANHAM PL SW AND SW GRAHAM ST,1,Property Damage Only Collision,NA,2,0,0,0,0,0,0,2020/02/14 00:00:00+00,NA,NA,NA,NA,NA,N
221693,Block,15TH AVE NW BETWEEN NW 56TH ST AND NW 57TH ST,1,Property Damage Only Collision,Sideswipe,5,0,0,2,0,0,0,2020/03/21 00:00:00+00,N,Clear,Dry,Daylight,NA,N
221696,Block,14TH AVE E BETWEEN E JOHN ST AND E THOMAS E ST,1,Property Damage Only Collision,NA,2,0,0,0,0,0,0,2020/04/15 00:00:00+00,NA,NA,NA,NA,NA,N
221699,Block,SEAVIEW AVE NW BETWEEN NW 75TH ST AND SEAVIEW PL NW,1,Property Damage Only Collision,Parked Car,2,0,0,2,0,0,0,2020/05/08 00:00:00+00,N,Clear,Dry,Daylight,NA,Y
221701,Intersection,16TH AVE NE AND NE 80TH ST,1,Property Damage Only Collision,Angles,2,0,0,2,0,0,0,2020/03/02 00:00:00+00,N,Overcast,Dry,Daylight,NA,N
221702,Block,WESTLAKE AVE BETWEEN 9TH AVE AND DENNY WAY,1,Property Damage Only Collision,Right Turn,4,0,0,2,0,0,0,2020/01/31 00:00:00+00,N,Raining,Wet,Dark - Street Lights On,NA,N
221703,Block,YALE AVE BETWEEN HOWELL ST AND STEWART ST,1,Property Damage Only Collision,Rear Ended,2,0,0,2,0,0,0,2020/05/06 00:00:00+00,N,Clear,Dry,Daylight,NA,N
221704,Block,3RD AVE BETWEEN BLANCHARD ST AND BELL ST,1,Property Damage Only Collision,NA,2,0,0,0,0,0,0,2020/01/19 00:00:00+00,NA,NA,NA,NA,NA,Y
221706,Intersection,BELMONT AVE AND E PIKE ST,1,Property Damage Only Collision,Pedestrian,2,1,0,1,0,0,0,2020/01/04 00:00:00+00,N,Raining,Wet,Dark - Street Lights On,NA,N
221708,Block,15TH AVE NE BETWEEN NE 125TH ST AND NE 127TH ST,2,Injury Collision,Other,1,0,0,1,1,0,0,2020/02/16 00:00:00+00,N,Overcast,Dry,Dawn,NA,N
221709,Intersection,BLAINE ST AND WARREN AVE N,2,Injury Collision,Angles,2,0,0,2,1,0,0,2020/02/07 00:00:00+00,N,Clear,Dry,Daylight,NA,N
221714,Block,15TH AVE E BETWEEN E REPUBLICAN S ST AND E REPUBLICAN N ST,1,Property Damage Only Collision,Parked Car,2,0,0,2,0,0,0,2020/03/09 00:00:00+00,N,Clear,Dry,Daylight,NA,Y
221717,Block,NE 102ND ST BETWEEN DEAD END 2 AND 8TH AVE NE,1,Property Damage Only Collision,Angles,2,0,0,2,0,0,0,2020/04/08 00:00:00+00,N,Clear,Dry,Daylight,NA,Y
221718,Intersection,M L KING JR WR WAY S AND S ORCAS ST,2,Injury Collision,Angles,4,0,0,2,1,0,0,2020/03/07 00:00:00+00,N,Overcast,Unknown,Daylight,NA,N
221719,Intersection,MADISON ST AND MINOR AVE,1,Property Damage Only Collision,Rear Ended,5,0,0,2,0,0,0,2020/02/23 00:00:00+00,N,Raining,Wet,Dark - Street Lights On,NA,N
221720,Intersection,16TH AVE NE AND NE 47TH ST,1,Property Damage Only Collision,Parked Car,3,0,0,2,0,0,0,2020/01/16 00:00:00+00,N,Overcast,Dry,Dark - Street Lights On,NA,N
221721,Block,NE 55TH ST BETWEEN 25TH AVE NE AND 26TH AVE NE,1,Property Damage Only Collision,NA,2,0,0,0,0,0,0,2020/01/26 00:00:00+00,NA,NA,NA,NA,NA,N
221722,Block,RAINIER AVE S BETWEEN S COLLEGE S ST AND 25TH AVE S,1,Property Damage Only Collision,Sideswipe,2,0,0,2,0,0,0,2020/03/31 00:00:00+00,N,Clear,Dry,Daylight,NA,N
221724,Block,NW 52ND ST BETWEEN 14TH AVE NW AND 15TH AVE NW,1,Property Damage Only Collision,Parked Car,2,0,0,2,0,0,0,2020/02/29 00:00:00+00,N,Clear,Dry,Daylight,NA,Y
221728,Block,DELRIDGE WAY SW BETWEEN DELRIDGE-W SEATTLE BR EB ON RP AND SW ANDOVER ST,1,Property Damage Only Collision,Rear Ended,2,0,0,2,0,0,0,2020/02/27 00:00:00+00,N,Clear,Dry,Daylight,NA,N
221730,Block,WEEDIN PL NE BETWEEN NE 68TH ST AND NE 69TH ST,2,Injury Collision,Cycles,2,0,1,1,1,0,0,2020/03/06 00:00:00+00,N,Raining,Wet,Daylight,NA,N
221731,Intersection,DEXTER AVE N AND DEXTER WAY N,2,Injury Collision,Angles,2,0,0,2,1,0,0,2020/02/15 00:00:00+00,N,Clear,Dry,Daylight,NA,N
221734,Intersection,42ND AVE SW AND SW WALKER ST,2,Injury Collision,Angles,5,0,0,2,2,0,0,2020/01/22 00:00:00+00,N,Raining,Wet,Dark - Street Lights On,NA,N
221735,Block,MERCER SR ST BETWEEN WESTLAKE AVE N AND TERRY AVE N,1,Property Damage Only Collision,Parked Car,2,0,0,2,0,0,0,2020/03/03 00:00:00+00,N,Clear,Dry,Daylight,NA,N
221736,Intersection,AURORA AVE N AND N 84TH ST,1,Property Damage Only Collision,Pedestrian,2,1,0,1,0,0,0,2020/01/03 00:00:00+00,N,Clear,Dry,Daylight,NA,N
221737,Intersection,8TH AVE NW AND LEARY WAY NW,2,Injury Collision,Sideswipe,2,0,0,2,1,0,0,2020/03/20 00:00:00+00,N,Clear,Dry,Daylight,NA,N
221739,Block,4TH AVE BETWEEN WALL ST AND VINE ST,1,Property Damage Only Collision,Parked Car,2,0,0,2,0,0,0,2020/03/02 00:00:00+00,N,Clear,Dry,Daylight,NA,Y
221740,Block,4TH AVE S BETWEEN S HINDS ST AND S SPOKANE NR ST,1,Property Damage Only Collision,Sideswipe,2,0,0,2,0,0,0,2020/01/21 00:00:00+00,N,Overcast,Wet,Dark - Street Lights On,NA,N
221741,Intersection,1ST AV S OFF RP AND SR509 SB,1,Property Damage Only Collision,Other,1,0,0,1,0,0,0,2020/01/17 00:00:00+00,N,Overcast,Wet,Daylight,Y,N
221744,Intersection,BOREN AVE AND DENNY WAY,2,Injury Collision,Pedestrian,2,1,0,1,1,0,0,2020/02/13 00:00:00+00,N,Clear,Dry,Daylight,NA,N
221745,Intersection,12TH AVE S AND S KING ST,1,Property Damage Only Collision,Other,2,0,0,2,0,0,0,2020/03/01 00:00:00+00,N,Clear,Dry,Daylight,NA,N
221746,Intersection,RAINIER AVE S AND RAINIER NB I90 EB ON RP,1,Property Damage Only Collision,Other,1,0,0,1,0,0,0,2020/04/09 00:00:00+00,N,Clear,Dry,Daylight,NA,N
221749,Block,DELRIDGE WAY SW BETWEEN SW ORCHARD ST AND SYLVAN WAY SW,1,Property Damage Only Collision,Angles,2,0,0,2,0,0,0,2020/03/16 00:00:00+00,N,Clear,Dry,Daylight,NA,N
221750,Block,E JOHN ST BETWEEN 10TH AVE E AND 11TH AVE E,1,Property Damage Only Collision,Angles,5,0,0,2,0,0,0,2020/03/01 00:00:00+00,N,Overcast,Wet,Dark - Street Lights On,NA,N
221752,Intersection,59TH AVE S AND WATERS AVE S,1,Property Damage Only Collision,Angles,2,0,0,2,0,0,0,2020/02/29 00:00:00+00,N,Clear,Dry,Daylight,NA,N
221754,Intersection,15TH AVE NE AND NE 69TH ST,2,Injury Collision,Other,1,0,0,1,1,0,0,2020/04/27 00:00:00+00,N,Clear,Dry,Dark - Street Lights On,NA,N
221755,Intersection,15TH AVE S AND S HILL ST,1,Property Damage Only Collision,Angles,2,0,0,2,0,0,0,2020/01/05 00:00:00+00,N,Clear,Wet,Daylight,NA,N
221756,Block,12TH AVE NE BETWEEN NE 41ST ST AND NE 42ND ST,1,Property Damage Only Collision,Parked Car,2,0,0,2,0,0,0,2020/02/21 00:00:00+00,N,Clear,Dry,Daylight,NA,N
221757,Intersection,2ND AVE AND CHERRY ST,2,Injury Collision,Cycles,2,0,1,1,1,0,0,2020/02/07 00:00:00+00,N,Clear,Dry,Daylight,NA,N
221760,Block,TERRACE ST BETWEEN YESLER WAY AND 5TH AVE,1,Property Damage Only Collision,Parked Car,2,0,0,2,0,0,0,2020/01/07 00:00:00+00,N,Overcast,Dry,Daylight,NA,N
221761,Block,12TH AVE BETWEEN E CHERRY ST AND E COLUMBIA ST,1,Property Damage Only Collision,Parked Car,3,0,0,2,0,0,0,2020/03/05 00:00:00+00,N,Raining,Wet,Dark - Street Lights On,NA,N
221765,Block,SW HOLLY ST BETWEEN 31ST AVE SW AND 32ND AVE SW,0,Unknown,NA,0,0,0,0,0,0,0,2020/04/11 00:00:00+00,NA,NA,NA,NA,NA,Y
221767,Block,13TH AVE BETWEEN E UNION ST AND E MADISON ST,0,Unknown,NA,0,0,0,0,0,0,0,2020/02/14 00:00:00+00,NA,NA,NA,NA,NA,Y
221768,Intersection,M L KING JR WAY AND E HOWELL ST,2,Injury Collision,Angles,2,0,0,2,1,0,0,2020/04/10 00:00:00+00,N,Clear,Dry,Daylight,NA,N
221769,Block,AURORA AVE N BETWEEN N 141ST ST AND N 143RD ST,2,Injury Collision,Pedestrian,2,1,0,1,1,0,0,2020/02/13 00:00:00+00,N,Overcast,Wet,Dusk,NA,N
221770,Block,10TH AVE E BETWEEN E HOWE ST AND E NEWTON ST,1,Property Damage Only Collision,Parked Car,3,0,0,3,0,0,0,2020/01/25 00:00:00+00,N,Overcast,Wet,Dark - Street Lights On,NA,N
221771,Intersection,15TH AVE NW AND NW 59TH ST,1,Property Damage Only Collision,Angles,4,0,0,2,0,0,0,2020/02/04 00:00:00+00,N,Raining,Wet,Dark - Street Lights On,NA,N
221772,Block,20TH AVE W BETWEEN W DRAVUS ST AND GILMAN AVE W,2,Injury Collision,Parked Car,2,0,0,2,1,0,0,2020/01/19 00:00:00+00,N,Overcast,Wet,Dark - Street Lights On,NA,Y
221773,Block,LAKEVIEW BLVD E BETWEEN E HIGHLAND DR AND BOYLSTON S AVE E,1,Property Damage Only Collision,NA,2,0,0,0,0,0,0,2020/05/02 00:00:00+00,NA,NA,NA,NA,NA,Y
221775,Block,AURORA AVE N BETWEEN MCGRAW ST AND DEXTER WAY N,1,Property Damage Only Collision,Parked Car,2,0,0,2,0,0,0,2020/04/17 00:00:00+00,N,Clear,Dry,Unknown,Y,N
221777,Block,BELMONT AVE E BETWEEN BELLEVUE CT E AND LAKEVIEW BLVD E,0,Unknown,NA,0,0,0,0,0,0,0,2020/03/10 00:00:00+00,NA,NA,NA,NA,NA,N
221780,Intersection,DIAGONAL AVE S AND EAST MARGINAL WAY S,1,Property Damage Only Collision,Other,1,0,0,1,0,0,0,2020/02/06 00:00:00+00,N,Raining,Wet,Dark - Street Lights On,NA,N
221781,Block,AURORA AVE N BETWEEN N 117TH PL AND N 125TH ST,2b,Serious Injury Collision,Pedestrian,3,1,0,1,1,1,0,2020/03/29 00:00:00+00,N,Clear,Dry,Daylight,NA,N
221782,Block,MONTLAKE BLVD NE BETWEEN NE PACIFIC ST AND NE PACIFIC PL,1,Property Damage Only Collision,Right Turn,3,0,0,2,0,0,0,2020/03/06 00:00:00+00,N,Overcast,Wet,Daylight,NA,N
221784,Block,1ST AVE NE BETWEEN NE NORTHGATE WAY AND 1ST PL NE,1,Property Damage Only Collision,Angles,2,0,0,2,0,0,0,2020/03/02 00:00:00+00,N,Clear,Dry,Daylight,NA,N
221785,Intersection,5TH AVE AND UNION ST,2,Injury Collision,Angles,4,0,0,2,2,0,0,2020/03/14 00:00:00+00,N,Clear,Dry,Daylight,NA,N
221787,Intersection,BURKE AVE N AND N NORTHGATE WAY,2,Injury Collision,Angles,3,0,0,2,2,0,0,2020/02/23 00:00:00+00,N,Clear,Dry,Daylight,NA,N
221788,Block,RAINIER AVE S BETWEEN S CHICAGO ST AND S KENYON ST,1,Property Damage Only Collision,Angles,3,0,0,3,0,0,0,2020/04/14 00:00:00+00,N,Clear,Dry,Daylight,NA,N
221789,Intersection,5TH AVE AND SENECA ST,1,Property Damage Only Collision,NA,2,0,0,0,0,0,0,2020/02/28 00:00:00+00,NA,NA,NA,NA,NA,N
221790,Intersection,ROOSEVELT WAY NE AND NE 102ND ST,2,Injury Collision,Angles,3,0,0,2,1,0,0,2020/02/24 00:00:00+00,N,Clear,Dry,Daylight,NA,N
221791,Intersection,44TH AVE S AND S OTHELLO ST,2,Injury Collision,Pedestrian,2,1,0,1,2,0,0,2020/01/27 00:00:00+00,N,Raining,Wet,Dark - Unknown Lighting,NA,N
221792,Block,BELL ST BETWEEN 5TH AVE AND 6TH AVE,1,Property Damage Only Collision,Angles,2,0,0,2,0,0,0,2020/01/31 00:00:00+00,N,Raining,Wet,Daylight,NA,N
221793,Block,NE 45TH ST BETWEEN U VILLAGE DR AND NE 45TH PL,1,Property Damage Only Collision,Other,2,0,0,1,0,0,0,2020/04/06 00:00:00+00,N,Clear,Dry,Daylight,NA,N
221795,Block,29TH AVE S BETWEEN S NORMAN ST AND S JUDKINS ST,0,Unknown,NA,2,0,0,0,0,0,0,2020/04/30 00:00:00+00,NA,NA,NA,NA,NA,Y
221797,Block,BEACON WR AVE S BETWEEN S CHICAGO ST AND S KENYON ST,1,Property Damage Only Collision,Parked Car,2,0,0,2,0,0,0,2020/03/07 00:00:00+00,N,Clear,Dry,Dark - Street Lights On,NA,Y
221801,Block,S LANE ST BETWEEN 16TH AVE S AND 18TH AVE S,1,Property Damage Only Collision,Parked Car,2,0,0,2,0,0,0,2020/04/29 00:00:00+00,N,Clear,Dry,Daylight,NA,Y
221802,Intersection,AURORA AVE N AND N 107TH S ST,1,Property Damage Only Collision,Angles,2,0,0,2,0,0,0,2020/03/19 00:00:00+00,N,Clear,Dry,Daylight,NA,N
221803,Intersection,3RD AVE AND VIRGINIA ST,2,Injury Collision,Pedestrian,2,1,0,1,1,0,0,2020/05/22 00:00:00+00,N,Clear,Dry,Daylight,NA,N
221804,Block,12TH AVE BETWEEN E TERRACE ST AND E REMINGTON CT,1,Property Damage Only Collision,Parked Car,2,0,0,2,0,0,0,2020/02/03 00:00:00+00,N,Clear,Dry,Daylight,NA,Y
221805,Block,6TH AVE BETWEEN JEFFERSON ST AND JAMES ST,1,Property Damage Only Collision,Angles,2,0,0,2,0,0,0,2020/01/02 00:00:00+00,N,Raining,Wet,Dark - Street Lights On,NA,N
221806,Block,29TH AVE SW BETWEEN SW MYRTLE ST AND SW OTHELLO ST,1,Property Damage Only Collision,NA,2,0,0,0,0,0,0,2020/01/18 00:00:00+00,NA,NA,NA,NA,NA,Y
221807,Block,N 145TH ST BETWEEN SUNNYSIDE AVE N AND 1ST AVE NE,1,Property Damage Only Collision,Rear Ended,2,0,0,2,0,0,0,2020/03/13 00:00:00+00,N,Raining,Wet,Daylight,Y,N
221808,Block,BROADWAY BETWEEN JAMES ST AND CHERRY ST,1,Property Damage Only Collision,NA,2,0,0,0,0,0,0,2020/01/10 00:00:00+00,NA,NA,NA,NA,NA,N
221812,Intersection,5TH AVE AND UNION ST,1,Property Damage Only Collision,NA,2,0,0,0,0,0,0,2020/01/24 00:00:00+00,NA,NA,NA,NA,NA,N
221813,Block,ALKI AVE SW BETWEEN SW ARKANSAS ST AND SW HAMPSHIRE ST,2,Injury Collision,Parked Car,9,0,0,4,6,0,0,2020/03/29 00:00:00+00,N,Overcast,Dry,Daylight,NA,Y
221816,Intersection,BOREN AVE AND HOWELL ST,1,Property Damage Only Collision,Right Turn,2,0,0,2,0,0,0,2020/02/03 00:00:00+00,N,Clear,Dry,Daylight,NA,N
221817,Intersection,1ST AVE AND DENNY WAY,1,Property Damage Only Collision,Right Turn,2,0,0,2,0,0,0,2020/02/19 00:00:00+00,N,Clear,Dry,Dusk,NA,N
221818,Block,9TH AVE BETWEEN LENORA ST AND BLANCHARD ST,1,Property Damage Only Collision,Other,1,0,0,1,0,0,0,2020/04/20 00:00:00+00,N,Clear,Dry,Daylight,NA,N
221821,Block,DELRIDGE WAY SW BETWEEN SYLVAN WAY SW AND SW WEBSTER ST,1,Property Damage Only Collision,Other,1,0,0,1,0,0,0,2020/04/09 00:00:00+00,N,Clear,Dry,Daylight,NA,N
221822,Block,23RD AVE BETWEEN E UNION ST AND E PIKE ST,1,Property Damage Only Collision,Pedestrian,2,1,0,1,0,0,0,2020/03/10 00:00:00+00,N,Overcast,Dry,Daylight,NA,N
221824,Block,N 50TH ST BETWEEN BURKE AVE N AND MERIDIAN AVE N,1,Property Damage Only Collision,Sideswipe,5,0,0,2,0,0,0,2020/04/16 00:00:00+00,N,Clear,Dry,Daylight,NA,N
221825,Block,15TH AVE NE BETWEEN NE 143RD ST AND NE 145TH ST,1,Property Damage Only Collision,Angles,2,0,0,2,0,0,0,2020/01/10 00:00:00+00,N,Raining,Wet,Dusk,NA,N
221827,Block,NW MARKET ST BETWEEN 11TH AVE NW AND 14TH AVE NW,1,Property Damage Only Collision,NA,2,0,0,0,0,0,0,2020/02/05 00:00:00+00,NA,NA,NA,NA,NA,Y
221829,Intersection,BEACON WR AVE S AND S JUNEAU ST,1,Property Damage Only Collision,Angles,3,0,0,2,0,0,0,2020/04/25 00:00:00+00,N,Overcast,Dry,Daylight,NA,N
221830,Block,28TH AVE W BETWEEN W TILDEN ST AND DEAD END 2,1,Property Damage Only Collision,NA,2,0,0,0,0,0,0,2020/01/16 00:00:00+00,NA,NA,NA,NA,NA,Y
221831,Intersection,CALIFORNIA AVE SW AND SW ALASKA ST,0,Unknown,NA,0,0,0,0,0,0,0,2020/02/15 00:00:00+00,NA,NA,NA,NA,NA,Y
221833,Intersection,26TH AVE SW AND SW ROXBURY ST,2,Injury Collision,Pedestrian,3,2,0,1,2,0,0,2020/03/16 00:00:00+00,N,Clear,Dry,Dark - Street Lights On,NA,N
221837,Intersection,FLORENTIA ST AND WARREN AVE N,2,Injury Collision,Cycles,3,0,1,1,1,0,0,2020/02/03 00:00:00+00,N,Clear,Dry,Daylight,NA,N
221838,Intersection,15TH AVE AND E COLUMBIA ST,1,Property Damage Only Collision,Other,2,0,0,2,0,0,0,2020/03/13 00:00:00+00,N,Raining,Wet,Daylight,NA,N
221839,Block,SUMMIT AVE BETWEEN MADISON ST AND SPRING ST,1,Property Damage Only Collision,Other,2,0,0,2,0,0,0,2020/02/11 00:00:00+00,N,Clear,Dry,Daylight,NA,N