OBJECTID,ADDRTYPE,LOCATION,SEVERITYCODE,SEVERITYDESC,COLLISIONTYPE,PERSONCOUNT,PEDCOUNT,PEDCYLCOUNT,VEHCOUNT,INJURIES,SERIOUSINJURIES,FATALITIES,INCDATE,UNDERINFL,WEATHER,ROADCOND,LIGHTCOND,SPEEDING,HITPARKEDCAR
222010,Intersection,6TH AVE S AND S MICHIGAN ST,1,Property Damage Only Collision,NA,2,0,0,0,0,0,0,2020/05/15 00:00:00+00,NA,NA,NA,NA,NA,Y
222011,Intersection,3RD AVE AND BATTERY ST,1,Property Damage Only Collision,NA,1,0,0,0,0,0,0,2020/05/15 00:00:00+00,NA,NA,NA,NA,NA,N
222012,NA,NA,1,Property Damage Only Collision,Parked Car,2,0,0,2,0,0,0,2020/01/05 00:00:00+00,N,Other,Unknown,Unknown,NA,N
222013,Intersection,CORLISS AVE N AND N NORTHGATE WAY,2,Injury Collision,NA,3,0,0,0,3,0,0,2020/02/07 00:00:00+00,NA,NA,NA,NA,NA,N
222014,Block,SW BRANDON ST BETWEEN FAUNTLEROY WAY SW AND 40TH AVE SW,1,Property Damage Only Collision,Parked Car,2,0,0,2,0,0,0,2020/01/07 00:00:00+00,N,Raining,Wet,Dark - Street Lights On,NA,Y
222015,Block,BROADWAY BETWEEN JAMES ST AND CHERRY ST,1,Property Damage Only Collision,Sideswipe,2,0,0,2,0,0,0,2020/01/10 00:00:00+00,N,Raining,Wet,Dawn,NA,N
222016,Block,S MICHIGAN ST BETWEEN 7TH AVE S AND CORSON AVE S,2,Injury Collision,NA,2,0,0,0,1,0,0,2020/04/14 00:00:00+00,NA,NA,NA,NA,NA,N
222017,Intersection,BOREN AVE AND HOWELL ST,2,Injury Collision,Angles,2,0,0,2,1,0,0,2020/03/23 00:00:00+00,N,Overcast,Dry,Daylight,NA,N
222018,Intersection,BOREALIS AVE AND DENNY WAY,1,Property Damage Only Collision,Left Turn,2,0,0,2,0,0,0,2020/05/22 00:00:00+00,N,Overcast,Dry,Daylight,NA,N
222019,NA,NA,0,Unknown,NA,0,0,0,0,0,0,0,2020/03/07 00:00:00+00,NA,NA,NA,NA,NA,N
222020,Block,BROADWAY BETWEEN MINOR AVE AND JAMES ST,0,Unknown,NA,2,0,0,0,0,0,0,2020/03/05 00:00:00+00,NA,NA,NA,NA,NA,Y
222021,Block,SYLVAN WAY SW BETWEEN HIGH POINT DR SW AND SW SYLVAN HEIGHTS DR,2,Injury Collision,Other,6,0,0,1,1,0,0,2020/03/02 00:00:00+00,N,Clear,Dry,Daylight,NA,N
222022,Intersection,M L KING JR ER WAY S AND S EDMUNDS ST,1,Property Damage Only Collision,Head On,2,0,0,2,0,0,0,2020/05/15 00:00:00+00,N,Raining,Wet,Dark - Street Lights On,NA,N
222023,Intersection,24TH AVE AND E YESLER WAY,1,Property Damage Only Collision,Angles,2,0,0,2,0,0,0,2020/03/27 00:00:00+00,N,Clear,Dry,Daylight,NA,N
222024,Intersection,WALNUT AVE SW AND SW HINDS ST,1,Property Damage Only Collision,Angles,3,0,0,2,0,0,0,2020/02/21 00:00:00+00,N,Clear,Dry,Dark - Street Lights On,Y,N
222026,Intersection,SAND POINT WAY NE AND NE 97TH ST,1,Property Damage Only Collision,Left Turn,3,0,0,2,0,0,0,2020/02/28 00:00:00+00,N,Raining,Wet,Dark - Street Lights On,NA,N
222027,Intersection,ASHWORTH AVE N AND N 145TH ST,1,Property Damage Only Collision,Angles,2,0,0,2,0,0,0,2020/03/06 00:00:00+00,N,Overcast,Dry,Daylight,NA,N
222028,Block,15TH AVE S BETWEEN S HOLGATE ST AND S PLUM ST,1,Property Damage Only Collision,NA,1,0,0,0,0,0,0,2020/01/29 00:00:00+00,NA,NA,NA,NA,NA,N
222029,Block,12TH AVE S BETWEEN S KING ST AND S WELLER ST,2b,Serious Injury Collision,Pedestrian,2,1,0,1,1,1,0,2020/01/27 00:00:00+00,N,Overcast,Wet,Dark - Street Lights On,NA,N
222031,NA,NA,1,Property Damage Only Collision,Head On,2,0,0,2,0,0,0,2020/01/12 00:00:00+00,N,Raining,Wet,Dark - Street Lights On,NA,N
222032,Intersection,BURKE GILMAN TRL AND NE 65TH ST,2,Injury Collision,Cycles,2,0,1,1,1,0,0,2020/01/28 00:00:00+00,N,Raining,Wet,Daylight,NA,N
222033,Block,W MERCER ST BETWEEN 5TH AVE W AND W MERCER PL,1,Property Damage Only Collision,Sideswipe,3,0,0,2,0,0,0,2020/02/25 00:00:00+00,N,Clear,Dry,Daylight,NA,N
222034,Block,OLSON PL SW BETWEEN 1ST AVE S AND 2ND AVE SW,1,Property Damage Only Collision,NA,2,0,0,0,0,0,0,2020/04/20 00:00:00+00,NA,NA,NA,NA,NA,N
222035,Block,M L KING JR ER WAY S BETWEEN S NORFOLK ST AND CITY LIMITS,1,Property Damage Only Collision,Other,1,0,0,1,0,0,0,2020/05/25 00:00:00+00,N,Clear,Dry,Dark - Street Lights On,NA,N
222036,Intersection,AURORA AVE N AND WARD ST,2b,Serious Injury Collision,Angles,4,0,0,2,3,1,0,2020/03/14 00:00:00+00,N,Overcast,Dry,Dark - Street Lights On,NA,N
222037,Block,35TH AVE NE BETWEEN NE 125TH ST AND NE 130TH S ST,2,Injury Collision,Pedestrian,2,1,0,1,1,0,0,2020/02/08 00:00:00+00,N,Clear,Dry,Dark - Street Lights On,NA,N
222038,Block,9TH AVE NE BETWEEN NE 50TH ST AND NE 53RD ST,1,Property Damage Only Collision,Left Turn,2,0,0,2,0,0,0,2020/02/14 00:00:00+00,N,Clear,Dry,Daylight,NA,N
222039,Intersection,BEACON AVE S AND S LANDER ST,1,Property Damage Only Collision,Angles,3,0,0,2,0,0,0,2020/02/19 00:00:00+00,N,Clear,Dry,Dark - Street Lights On,NA,N
222040,Block,3RD AVE N BETWEEN FULTON ST AND FLORENTIA ST,0,Unknown,NA,0,0,0,0,0,0,0,2020/02/11 00:00:00+00,NA,NA,NA,NA,NA,Y
222041,Block,21ST AVE S BETWEEN S NORMAN ST AND S JUDKINS ST,1,Property Damage Only Collision,NA,2,0,0,0,0,0,0,2020/04/23 00:00:00+00,NA,NA,NA,NA,NA,N
222042,Intersection,ROOSEVELT WAY NE AND NE 94TH ST,1,Property Damage Only Collision,Angles,2,0,0,2,0,0,0,2020/02/25 00:00:00+00,N,Overcast,Dry,Daylight,NA,N
222044,Block,2ND AVE N BETWEEN DENNY WAY AND JOHN ST,1,Property Damage Only Collision,Sideswipe,2,0,0,2,0,0,0,2020/02/20 00:00:00+00,N,Clear,Dry,Daylight,NA,N
222045,Block,29TH AVE SW BETWEEN SW MYRTLE ST AND SW OTHELLO ST,0,Unknown,NA,0,0,0,0,0,0,0,2020/04/26 00:00:00+00,NA,NA,NA,NA,NA,Y
222046,Intersection,9TH AVE NE AND NE 50TH ST,2,Injury Collision,Pedestrian,2,1,0,1,1,0,0,2020/01/21 00:00:00+00,N,Clear,Unknown,Dark - No Street Lights,NA,N
222047,Intersection,S HOLGATE BR AND S HOLGATE ST,1,Property Damage Only Collision,Right Turn,2,0,0,2,0,0,0,2020/02/23 00:00:00+00,N,Clear,Dry,Daylight,NA,N
222048,Block,11TH AVE NW BETWEEN DEAD END 1 AND NW 45TH ST,0,Unknown,NA,0,0,0,0,0,0,0,2020/04/07 00:00:00+00,NA,NA,NA,NA,NA,N
222049,Block,RAVENNA AVE NE BETWEEN NE 89TH ST AND NE 90TH ST,1,Property Damage Only Collision,Other,1,0,0,1,0,0,0,2020/01/17 00:00:00+00,N,Raining,Unknown,Dark - Unknown Lighting,NA,N
222051,Block,LINDEN AVE N BETWEEN N 137TH S ST AND N 137TH N ST,1,Property Damage Only Collision,NA,2,0,0,0,0,0,0,2020/04/17 00:00:00+00,NA,NA,NA,NA,NA,N
222052,Block,5TH AVE BETWEEN BLANCHARD ST AND BELL ST,1,Property Damage Only Collision,Rear Ended,2,0,0,2,0,0,0,2020/02/03 00:00:00+00,N,Clear,Dry,Daylight,NA,N
222053,Block,ELLIOTT AVE BETWEEN BAY ST AND W DENNY WAY,1,Property Damage Only Collision,Sideswipe,2,0,0,2,0,0,0,2020/03/05 00:00:00+00,N,Clear,Dry,Daylight,NA,N
222054,Intersection,RAVENNA AVE NE AND NE 65TH ST,1,Property Damage Only Collision,Parked Car,2,0,0,2,0,0,0,2020/04/09 00:00:00+00,N,Clear,Dry,Daylight,NA,N
222055,Intersection,LINDEN AVE N AND N 105TH ST,1,Property Damage Only Collision,Left Turn,3,0,0,2,0,0,0,2020/05/07 00:00:00+00,N,Clear,Dry,Dark - Street Lights On,NA,N
222059,Intersection,20TH AVE NE AND NE 75TH ST,2,Injury Collision,NA,3,0,0,0,1,0,0,2020/02/19 00:00:00+00,NA,NA,NA,NA,NA,N
222060,Block,3RD AVE N BETWEEN VALLEY ST AND ALOHA ST,0,Unknown,NA,0,0,0,0,0,0,0,2020/02/11 00:00:00+00,NA,NA,NA,NA,NA,Y
222063,Block,BROADWAY BETWEEN JAMES ST AND CHERRY ST,1,Property Damage Only Collision,Parked Car,2,0,0,2,0,0,0,2020/02/18 00:00:00+00,N,Clear,Dry,Daylight,NA,N
222064,Block,E ALOHA ST BETWEEN BOYLSTON AVE E AND HARVARD AVE E,0,Unknown,NA,2,0,0,0,0,0,0,2020/03/05 00:00:00+00,NA,NA,NA,NA,NA,Y
222065,Block,MINOR AVE E BETWEEN E LOUISA ST AND E ROANOKE ST,0,Unknown,NA,0,0,0,0,0,0,0,2020/05/03 00:00:00+00,NA,NA,NA,NA,NA,Y
222066,Intersection,GREENWOOD AVE N AND N 145TH ST,1,Property Damage Only Collision,Sideswipe,4,0,0,2,0,0,0,2020/01/11 00:00:00+00,N,Raining,Wet,Dark - Street Lights On,NA,N
222067,Block,23RD AVE BETWEEN E UNION ST AND E PIKE ST,1,Property Damage Only Collision,Rear Ended,2,0,0,2,0,0,0,2020/05/26 00:00:00+00,N,Clear,Dry,Dark - Street Lights On,NA,N
222068,Block,31ST AVE NE BETWEEN NE 123RD ST AND LAKE CITY WAY NE,2,Injury Collision,Other,1,0,0,1,1,0,0,2020/02/21 00:00:00+00,N,NA,Dry,Dark - Street Lights On,NA,N
222069,Intersection,BROADWAY AND E PINE ST,2,Injury Collision,Angles,3,0,0,2,2,0,0,2020/03/17 00:00:00+00,N,Overcast,Dry,Dark - Street Lights On,NA,N
222070,Block,M L KING JR WAY S BETWEEN S LANE ST AND S DEARBORN ST,1,Property Damage Only Collision,Parked Car,3,0,0,2,0,0,0,2020/04/04 00:00:00+00,N,Clear,Dry,Dark - Street Lights On,NA,Y
222071,Intersection,RAINIER AVE S AND S PLUM ST,2,Injury Collision,Angles,3,0,0,2,1,0,0,2020/02/21 00:00:00+00,N,Clear,Dry,Dark - Street Lights On,NA,N
222072,Block,N 85TH ST BETWEEN AURORA AVE N AND NESBIT AVE N,2,Injury Collision,Rear Ended,3,0,0,2,1,0,0,2020/05/04 00:00:00+00,N,Clear,Dry,Daylight,NA,N
222073,Intersection,14TH AVE S AND DALLAS AVE S,1,Property Damage Only Collision,Angles,2,0,0,2,0,0,0,2020/01/24 00:00:00+00,N,Raining,Wet,Daylight,Y,N
222074,Intersection,33RD AVE S AND S ALASKA ST,0,Unknown,NA,0,0,0,0,0,0,0,2020/05/13 00:00:00+00,NA,NA,NA,NA,NA,N
222075,Block,ALASKAN WAY S BETWEEN YESLER WAY AND PIER 48 ACCESS RD,1,Property Damage Only Collision,Other,1,0,0,1,0,0,0,2020/04/18 00:00:00+00,N,Clear,Dry,Dark - Street Lights On,NA,N
222076,Intersection,BOREN AVE AND MADISON ST,2,Injury Collision,Angles,2,0,0,2,2,0,0,2020/02/29 00:00:00+00,N,Clear,Wet,Dark - Street Lights On,NA,N
222077,Block,SR99 TUNNEL SB BETWEEN 6TH AVE N ON RP AND ALASKAN WY VI SB,1,Property Damage Only Collision,Other,1,0,0,1,0,0,0,2020/03/12 00:00:00+00,N,Clear,Dry,Daylight,Y,N
222078,Block,WARREN AVE N BETWEEN FULTON ST AND FLORENTIA ST,1,Property Damage Only Collision,Head On,3,0,0,3,0,0,0,2020/03/05 00:00:00+00,N,Overcast,Dry,Daylight,NA,N
222079,Block,9TH AVE BETWEEN HOWELL ST AND STEWART ST,2,Injury Collision,Parked Car,2,0,0,2,1,0,0,2020/03/18 00:00:00+00,N,Clear,Unknown,Unknown,NA,Y
222080,Block,23RD AVE W BETWEEN W RAYE ST AND W ARMOUR ST,0,Unknown,NA,2,0,0,0,0,0,0,2020/05/21 00:00:00+00,NA,NA,NA,NA,NA,Y
222081,Block,SW EDMUNDS ST BETWEEN COTTAGE PL SW AND DELRIDGE WAY SW,1,Property Damage Only Collision,Parked Car,2,0,0,2,0,0,0,2020/02/14 00:00:00+00,N,NA,Unknown,Other,NA,Y
222082,Block,SENECA ST BETWEEN 8TH AVE AND 9TH AVE,1,Property Damage Only Collision,Parked Car,3,0,0,2,0,0,0,2020/04/02 00:00:00+00,N,Clear,Dry,Daylight,NA,N
222083,Block,MCGILVRA BLVD E BETWEEN E MADISON N ST AND E BLAINE ST,1,Property Damage Only Collision,Sideswipe,2,0,0,2,0,0,0,2020/02/27 00:00:00+00,N,Clear,Dry,Dusk,NA,N
222084,Block,SW TRENTON ST BETWEEN 24TH AVE SW AND 25TH AVE SW,1,Property Damage Only Collision,Sideswipe,2,0,0,2,0,0,0,2020/05/07 00:00:00+00,N,Clear,Dry,Daylight,NA,N
222085,Intersection,20TH AVE NW AND NW 80TH ST,1,Property Damage Only Collision,Angles,6,0,0,2,0,0,0,2020/05/22 00:00:00+00,N,Raining,Wet,Daylight,NA,N
222086,Block,12TH AVE BETWEEN E REMINGTON CT AND E JEFFERSON ST,0,Unknown,NA,0,0,0,0,0,0,0,2020/03/15 00:00:00+00,NA,NA,NA,NA,NA,N
222087,Block,POPLAR PL S BETWEEN S CHARLES ST AND S NORMAN ST,0,Unknown,NA,0,0,0,0,0,0,0,2020/02/11 00:00:00+00,NA,NA,NA,NA,NA,Y
222088,Block,BEACON WR AVE S BETWEEN S THISTLE S ST AND S CLOVERDALE ST,1,Property Damage Only Collision,Parked Car,2,0,0,2,0,0,0,2020/04/20 00:00:00+00,N,Clear,Dry,Dark - Street Lights On,NA,Y
222089,Intersection,BAGLEY AVE N AND N 145TH ST,2,Injury Collision,Left Turn,3,0,0,3,1,0,0,2020/01/06 00:00:00+00,N,Raining,Wet,Daylight,NA,N
222090,Block,VIEW AVE NW BETWEEN LOYAL AVE NW AND CYRUS AVE NW,1,Property Damage Only Collision,Parked Car,4,0,0,4,0,0,0,2020/04/16 00:00:00+00,N,Clear,Dry,Daylight,NA,Y
222091,Block,YESLER WAY BETWEEN 2ND AVE AND 3RD AVE,1,Property Damage Only Collision,Sideswipe,3,0,0,2,0,0,0,2020/03/13 00:00:00+00,N,Raining,Wet,Daylight,NA,N
222092,Block,10TH AVE E BETWEEN E BOSTON ST AND E LYNN ST,1,Property Damage Only Collision,Parked Car,2,0,0,2,0,0,0,2020/03/02 00:00:00+00,N,Raining,Wet,Daylight,NA,N
222093,Block,BELLEVUE AVE E BETWEEN E DENNY WAY AND E LORETTA PL,1,Property Damage Only Collision,NA,2,0,0,0,0,0,0,2020/05/15 00:00:00+00,NA,NA,NA,NA,NA,Y
222095,Block,10TH AVE BETWEEN E PIKE ST AND E PINE ST,0,Unknown,NA,0,0,0,0,0,0,0,2020/02/29 00:00:00+00,NA,NA,NA,NA,NA,N
222097,Block,CALIFORNIA AVE SW BETWEEN SW MONROE ST AND SW ELMGROVE ST,0,Unknown,NA,2,0,0,0,0,0,0,2020/04/27 00:00:00+00,NA,NA,NA,NA,NA,Y
222099,Block,SYLVAN WAY SW BETWEEN SW SYLVAN HEIGHTS DR AND SW ORCHARD ST,2,Injury Collision,Other,2,0,0,1,1,0,0,2020/04/16 00:00:00+00,N,Clear,Dry,Dark - Street Lights On,NA,N
222100,Intersection,15TH AVS TURN RD AND S COLUMBIAN WAY,1,Property Damage Only Collision,Left Turn,2,0,0,2,0,0,0,2020/03/15 00:00:00+00,N,Clear,Dry,Daylight,NA,N
222101,Block,ALASKAN WAY BETWEEN XW BELL ST AND WALL ST,1,Property Damage Only Collision,NA,2,0,0,0,0,0,0,2020/02/20 00:00:00+00,NA,NA,NA,NA,NA,N
222102,Intersection,LINDEN AVE N AND N 85TH ST,1,Property Damage Only Collision,Left Turn,3,0,0,2,0,0,0,2020/03/09 00:00:00+00,N,Clear,Dry,Daylight,NA,N
222103,Block,6TH AVE BETWEEN 6TH AV ON RP AND JEFFERSON ST,2,Injury Collision,Rear Ended,4,0,0,4,1,0,0,2020/03/18 00:00:00+00,N,Clear,Dry,Daylight,NA,N
222104,Block,M L KING JR WR WAY S BETWEEN S MYRTLE ST AND S OTHELLO ST,2,Injury Collision,Rear Ended,2,0,0,2,2,0,0,2020/03/13 00:00:00+00,N,Raining,Wet,Daylight,Y,N
222107,Block,15TH AVE S BETWEEN S LUCILE ST AND S ORCAS ST,1,Property Damage Only Collision,Parked Car,3,0,0,3,0,0,0,2020/02/06 00:00:00+00,N,Raining,Wet,Daylight,NA,Y
222108,Block,32ND AVE W BETWEEN W SMITH N ST AND W RAYE ST,1,Property Damage Only Collision,Parked Car,2,0,0,2,0,0,0,2020/02/26 00:00:00+00,N,Clear,Dry,Daylight,NA,N
222109,Block,LINDEN AVE N BETWEEN N 93RD ST AND N 94TH ST,0,Unknown,NA,0,0,0,0,0,0,0,2020/05/01 00:00:00+00,NA,NA,NA,NA,NA,Y
222110,Intersection,1ST AVE S AND S BRANDON ST,1,Property Damage Only Collision,NA,4,0,0,0,0,0,0,2020/01/29 00:00:00+00,NA,NA,NA,NA,NA,N
222111,Intersection,26TH AVE AND E OLIVE ST,1,Property Damage Only Collision,NA,2,0,0,0,0,0,0,2020/05/05 00:00:00+00,NA,NA,NA,NA,NA,N
222112,Block,43RD AVE S BETWEEN S OTHELLO ST AND S WEBSTER ST,1,Property Damage Only Collision,Parked Car,2,0,0,2,0,0,0,2020/02/12 00:00:00+00,N,Other,Unknown,Unknown,NA,Y
222113,Intersection,5TH AVE S AND S WASHINGTON ST,2,Injury Collision,NA,2,0,0,0,1,0,0,2020/02/07 00:00:00+00,NA,NA,NA,NA,NA,N
222114,Block,RAINIER AVE S BETWEEN S COLLEGE N ST AND S COLLEGE S ST,2,Injury Collision,Pedestrian,3,1,0,1,1,0,0,2020/01/24 00:00:00+00,N,Raining,Wet,Dark - Street Lights On,NA,N
222115,Intersection,14TH AVE AND E UNION ST,1,Property Damage Only Collision,Angles,2,0,0,2,0,0,0,2020/04/22 00:00:00+00,N,Overcast,Dry,Daylight,NA,N
222116,Block,AURORA AVE N BETWEEN N 42ND ST AND N MOTOR PL,1,Property Damage Only Collision,Parked Car,2,0,0,2,0,0,0,2020/04/03 00:00:00+00,N,Clear,Dry,Dark - Street Lights On,NA,Y
222117,Intersection,LAKE CITY WAY NE AND NE 127TH ST,1,Property Damage Only Collision,Left Turn,2,0,0,2,0,0,0,2020/02/21 00:00:00+00,N,Clear,Dry,Daylight,NA,N
222118,Intersection,24TH AVE NW AND NW 85TH ST,1,Property Damage Only Collision,Sideswipe,2,0,0,2,0,0,0,2020/02/14 00:00:00+00,N,Clear,Dry,Daylight,NA,N
222119,Block,1ST AVE S BETWEEN S HOLGATE ST AND S WALKER ST,1,Property Damage Only Collision,Parked Car,2,0,0,2,0,0,0,2020/02/25 00:00:00+00,N,Clear,Dry,Daylight,NA,N
222120,Block,6TH AVE NW BETWEEN NW 67TH ST AND NW 70TH ST,0,Unknown,NA,2,0,0,0,0,0,0,2020/04/13 00:00:00+00,NA,NA,NA,NA,NA,Y
222121,Block,15TH AVE NW BETWEEN NW 83RD ST AND NW 85TH ST,0,Unknown,NA,0,0,0,0,0,0,0,2020/03/21 00:00:00+00,NA,NA,NA,NA,NA,N
222122,Block,E CHERRY ST BETWEEN 30TH AVE AND 31ST AVE,2,Injury Collision,Other,2,0,0,1,1,0,0,2020/05/25 00:00:00+00,N,Raining,Wet,Daylight,Y,N
222124,Intersection,24TH AVE NW AND NW 62ND ST,2,Injury Collision,Cycles,2,0,1,1,1,0,0,2020/01/02 00:00:00+00,N,Raining,Wet,Dark - Street Lights On,NA,N
222125,Block,N 41ST ST BETWEEN STONE N AVE N AND INTERLAKE AVE N,0,Unknown,NA,2,0,0,0,0,0,0,2020/03/22 00:00:00+00,NA,NA,NA,NA,NA,Y
222126,Intersection,ROOSEVELT WAY NE AND NE 65TH ST,2,Injury Collision,Angles,3,0,0,2,1,0,0,2020/03/03 00:00:00+00,N,Raining,Wet,Dawn,NA,N
222127,Block,SW 106TH ST BETWEEN 35TH AVE SW AND 39TH AVE SW,1,Property Damage Only Collision,Parked Car,2,0,0,2,0,0,0,2020/05/04 00:00:00+00,N,Clear,Dry,Dark - Street Lights On,NA,Y
222128,Block,11TH AVE BETWEEN E FIR ST AND E SPRUCE ST,0,Unknown,NA,2,0,0,0,0,0,0,2020/04/20 00:00:00+00,NA,NA,NA,NA,NA,Y
222129,Block,38TH AVE S BETWEEN S OTHELLO ST AND S HOLLY PARK DR,0,Unknown,NA,0,0,0,0,0,0,0,2020/02/07 00:00:00+00,NA,NA,NA,NA,NA,Y
222130,Intersection,3RD AVE AND SPRING ST,1,Property Damage Only Collision,Angles,3,0,0,2,0,0,0,2020/03/15 00:00:00+00,N,Clear,Dry,Daylight,NA,N
222131,Block,SW COLLEGE ST BETWEEN 41ST S AVE SW AND 42ND AVE SW,2,Injury Collision,Parked Car,3,0,0,3,2,0,0,2020/02/24 00:00:00+00,N,Overcast,Dry,Daylight,NA,N
222132,Block,SW 105TH ST BETWEEN 37TH AVE SW AND 39TH AVE SW,1,Property Damage Only Collision,Parked Car,2,0,0,2,0,0,0,2020/04/13 00:00:00+00,N,Clear,Dry,Daylight,NA,Y
222133,Block,LEARY AVE NW BETWEEN NW VERNON PL AND NW MARKET ST,1,Property Damage Only Collision,Other,3,0,0,2,0,0,0,2020/03/13 00:00:00+00,N,Raining,Wet,Daylight,NA,N
222134,Intersection,BEACON AVE S AND S SPOKANE ST,1,Property Damage Only Collision,Rear Ended,4,0,0,2,0,0,0,2020/02/11 00:00:00+00,N,Clear,Dry,Dark - Street Lights On,NA,N
222135,Block,NW 96TH ST BETWEEN DEAD END 1 AND 9TH AVE NW,1,Property Damage Only Collision,Parked Car,2,0,0,2,0,0,0,2020/02/10 00:00:00+00,N,Overcast,Dry,Daylight,NA,Y
222136,Block,RAINIER AVE S BETWEEN S OREGON ST AND S ALASKA ST,1,Property Damage Only Collision,Rear Ended,2,0,0,2,0,0,0,2020/02/13 00:00:00+00,N,Overcast,Dry,Daylight,NA,N
222137,Block,CHELAN AVE SW BETWEEN SW SPOKANE CR ST AND SW SPOKANE NR ST,2b,Serious Injury Collision,Other,1,0,0,1,1,1,0,2020/05/20 00:00:00+00,N,Clear,Dry,Dark - Street Lights On,NA,N
222138,Block,M L KING JR ER WAY S BETWEEN S NORFOLK ST AND CITY LIMITS,0,Unknown,NA,0,0,0,0,0,0,0,2020/04/28 00:00:00+00,NA,NA,NA,NA,NA,N
222140,Intersection,STONE AVE N AND N 145TH ST,1,Property Damage Only Collision,Angles,2,0,0,2,0,0,0,2020/03/13 00:00:00+00,N,Raining,Wet,Daylight,NA,N
222141,Block,25TH AVE S BETWEEN S WASHINGTON ST AND S JACKSON ST,1,Property Damage Only Collision,Parked Car,2,0,0,2,0,0,0,2020/03/17 00:00:00+00,N,Clear,Dry,Daylight,NA,Y
222142,Block,SR509 SB BETWEEN 2ND AV SW ON RP AND 1ST AV S OFF RP,1,Property Damage Only Collision,NA,1,0,0,0,0,0,0,2020/03/20 00:00:00+00,NA,NA,NA,NA,NA,N
222143,Block,9TH AVE BETWEEN JAMES ST AND CHERRY ST,2,Injury Collision,Rear Ended,2,0,0,2,1,0,0,2020/04/02 00:00:00+00,N,Clear,Dry,Daylight,NA,N
222144,Block,AURORA AVE N BETWEEN N 80TH ST AND N 81ST ST,1,Property Damage Only Collision,Rear Ended,2,0,0,2,0,0,0,2020/03/14 00:00:00+00,N,Clear,Dry,Daylight,NA,N
222145,Intersection,MERIDIAN AVE N AND N NORTHGATE WAY,1,Property Damage Only Collision,NA,2,0,0,0,0,0,0,2020/02/10 00:00:00+00,NA,NA,NA,NA,NA,N
222147,Intersection,6TH AVE AND YESLER WAY,2,Injury Collision,Pedestrian,2,1,0,1,1,0,0,2020/02/26 00:00:00+00,N,Clear,Dry,Dark - No Street Lights,NA,N
222148,Block,PINE ST BETWEEN 1ST AVE AND 2ND AVE,2,Injury Collision,Pedestrian,2,1,0,1,1,0,0,2020/05/07 00:00:00+00,N,Clear,Dry,Daylight,NA,N
222149,Intersection,LINDEN AVE N AND N 130TH ST,1,Property Damage Only Collision,Sideswipe,2,0,0,2,0,0,0,2020/04/22 00:00:00+00,N,Raining,Wet,Daylight,NA,N
222150,Block,S FLETCHER ST BETWEEN SPEAR PL S AND 49TH AVE S,0,Unknown,NA,2,0,0,0,0,0,0,2020/05/10 00:00:00+00,NA,NA,NA,NA,NA,Y
222151,Block,LAKE CITY WAY NE BETWEEN NE 130TH ST AND NE 133RD ST,2,Injury Collision,Parked Car,2,0,0,2,1,0,0,2020/04/14 00:00:00+00,N,Other,Unknown,Daylight,NA,N
222152,Intersection,37TH AVE SW AND SW LANDER ST,1,Property Damage Only Collision,NA,3,0,0,0,0,0,0,2020/02/13 00:00:00+00,NA,NA,NA,NA,NA,N
222153,Block,MARINE VIEW DR SW BETWEEN SW OCEAN VIEW DR AND 35TH AVE SW,1,Property Damage Only Collision,Other,2,0,0,1,0,0,0,2020/03/22 00:00:00+00,N,Clear,Dry,Daylight,Y,N
222154,Block,4TH AVE N BETWEEN ROY ST AND VALLEY ST,1,Property Damage Only Collision,Parked Car,2,0,0,2,0,0,0,2020/03/16 00:00:00+00,N,Clear,Dry,Daylight,NA,Y
222155,Intersection,11TH AVE NE AND NE 45TH ST,1,Property Damage Only Collision,NA,3,0,0,0,0,0,0,2020/05/20 00:00:00+00,NA,NA,NA,NA,NA,N
222156,Intersection,M L KING JR WR WAY S AND S NORFOLK ST,2,Injury Collision,Other,1,0,0,1,1,0,0,2020/02/10 00:00:00+00,N,Clear,Dry,Dark - Street Lights On,NA,N
222157,Intersection,LAKE CITY WAY NE AND NE 140TH ST,1,Property Damage Only Collision,Parked Car,2,0,0,2,0,0,0,2020/03/22 00:00:00+00,N,Clear,Dry,Daylight,NA,N
222158,Block,33RD AVE NE BETWEEN NE 125TH ST AND NE 130TH ST,1,Property Damage Only Collision,Parked Car,2,0,0,2,0,0,0,2020/02/22 00:00:00+00,N,Clear,Unknown,Unknown,NA,N
222159,Block,35TH AVE SW BETWEEN FAUNTLEROY S WAY SW AND SW AVALON WAY,2,Injury Collision,Rear Ended,3,0,0,2,2,0,0,2020/04/24 00:00:00+00,N,Clear,Dry,Daylight,NA,N
222160,Block,ROOSEVELT WAY NE BETWEEN NE 47TH ST AND NE 50TH ST,2,Injury Collision,Sideswipe,3,0,0,2,1,0,0,2020/01/25 00:00:00+00,N,Clear,Wet,Daylight,NA,N
222161,Block,17TH AVE NW BETWEEN NW 54TH ST AND NW MARKET ST,0,Unknown,NA,0,0,0,0,0,0,0,2020/02/23 00:00:00+00,NA,NA,NA,NA,NA,N
222162,Intersection,4TH AVE N AND WHEELER ST,2,Injury Collision,Angles,2,0,0,2,1,0,0,2020/01/26 00:00:00+00,N,Clear,Wet,Daylight,NA,N