OBJECTID,ADDRTYPE,LOCATION,SEVERITYCODE,SEVERITYDESC,COLLISIONTYPE,PERSONCOUNT,PEDCOUNT,PEDCYLCOUNT,VEHCOUNT,INJURIES,SERIOUSINJURIES,FATALITIES,INCDATE,UNDERINFL,WEATHER,ROADCOND,LIGHTCOND,SPEEDING,HITPARKEDCAR
222326,Intersection,24TH AVE S AND S EDDY ST,1,Property Damage Only Collision,Angles,2,0,0,2,0,0,0,2020/04/08 00:00:00+00,N,Clear,Dry,Dusk,NA,N
222327,Block,12TH AVE BETWEEN E PINE ST AND E OLIVE ST,1,Property Damage Only Collision,Other,1,0,0,1,0,0,0,2020/03/09 00:00:00+00,N,Clear,Dry,Daylight,NA,N
222328,Block,30TH AVE S BETWEEN S ATLANTIC ST AND S MASSACHUSETTS ST,0,Unknown,NA,2,0,0,0,0,0,0,2020/05/22 00:00:00+00,NA,NA,NA,NA,NA,Y
222329,Intersection,17TH AVE S AND S MAIN ST,2,Injury Collision,NA,2,0,0,0,2,0,0,2020/03/03 00:00:00+00,NA,NA,NA,NA,NA,N
222330,Block,SUMMIT AVE E BETWEEN E ROY ST AND BELMONT S AVE E,0,Unknown,NA,0,0,0,0,0,0,0,2020/02/17 00:00:00+00,NA,NA,NA,NA,NA,Y
222331,Block,HIGHLAND PARK WAY SW BETWEEN 2ND AVE SW AND WEST MARGINAL WAY SW,2,Injury Collision,Angles,2,0,0,2,1,0,0,2020/05/13 00:00:00+00,N,Clear,Dry,Daylight,NA,N
222332,Intersection,ELLIOTT AVE W AND W MERCER ST,1,Property Damage Only Collision,Rear Ended,2,0,0,2,0,0,0,2020/04/30 00:00:00+00,N,Clear,Dry,Daylight,NA,N
222333,Intersection,4TH AVE AND COLUMBIA ST,1,Property Damage Only Collision,Left Turn,4,0,0,2,0,0,0,2020/03/07 00:00:00+00,N,Clear,Dry,Dark - Street Lights On,NA,N
222334,Block,12TH AVE NE BETWEEN LAKE CITY WAY NE AND NE 80TH ST,1,Property Damage Only Collision,Parked Car,4,0,0,3,0,0,0,2020/03/01 00:00:00+00,N,Clear,Dry,Dark - Street Lights On,NA,Y
222335,Intersection,4TH AVE W AND ELLIOTT AVE W,2,Injury Collision,Angles,2,0,0,2,1,0,0,2020/03/25 00:00:00+00,N,Overcast,Unknown,Daylight,NA,N
222337,Intersection,ALASKAN WAY AND WALL ST,2,Injury Collision,Angles,2,0,0,2,1,0,0,2020/02/15 00:00:00+00,N,Overcast,Dry,Daylight,NA,N
222338,Block,ASHWORTH AVE N BETWEEN GREEN LAKE DR N AND N 80TH ST,1,Property Damage Only Collision,Parked Car,2,0,0,2,0,0,0,2020/05/17 00:00:00+00,N,Overcast,Unknown,Unknown,NA,Y
222339,Block,UNIVERSITY WAY NE BETWEEN NE 52ND ST AND NE 55TH ST,2,Injury Collision,Parked Car,4,0,0,2,1,0,0,2020/02/23 00:00:00+00,N,Clear,Dry,Dark - Street Lights On,NA,N
222340,Intersection,2ND AVE AND JAMES ST,1,Property Damage Only Collision,Angles,2,0,0,2,0,0,0,2020/04/09 00:00:00+00,N,Clear,Dry,Daylight,NA,N
222341,Block,40TH AVE SW BETWEEN SW BRADFORD ST AND SW ANDOVER ST,0,Unknown,NA,0,0,0,0,0,0,0,2020/02/06 00:00:00+00,NA,NA,NA,NA,NA,Y
222342,Block,12TH AVE BETWEEN E ALDER ST AND E TERRACE ST,1,Property Damage Only Collision,Parked Car,3,0,0,3,0,0,0,2020/05/23 00:00:00+00,N,Clear,Dry,Dark - Street Lights On,NA,Y
222343,Block,1ST AV S BR NB BETWEEN EAST MARGINAL WAY S AND 1ST AV S NB OFF RP,2,Injury Collision,Rear Ended,2,0,0,2,1,0,0,2020/01/26 00:00:00+00,N,Overcast,Dry,Daylight,NA,N
222344,Intersection,5TH AVE AND LENORA ST,1,Property Damage Only Collision,Right Turn,2,0,0,2,0,0,0,2020/03/23 00:00:00+00,N,Overcast,Dry,Daylight,NA,N
222345,Block,S SPOKANE ST BETWEEN HINDS PL S AND 15TH AVE S,1,Property Damage Only Collision,Sideswipe,2,0,0,2,0,0,0,2020/02/19 00:00:00+00,N,Clear,Dry,Daylight,NA,N
222346,Block,M L KING JR ER WAY S BETWEEN RENTON S AVE S AND S HOLDEN ST,1,Property Damage Only Collision,NA,2,0,0,0,0,0,0,2020/04/21 00:00:00+00,NA,NA,NA,NA,NA,N
222347,Intersection,3RD AVE AND SPRING ST,2,Injury Collision,Angles,4,0,0,3,1,0,0,2020/03/15 00:00:00+00,N,Clear,Dry,Dark - Street Lights On,NA,N
222348,Block,14TH AVE S BETWEEN GOLF DR S AND S JUDKINS ST,1,Property Damage Only Collision,Rear Ended,2,0,0,2,0,0,0,2020/04/24 00:00:00+00,N,Clear,Dry,Daylight,NA,N
222349,Block,34TH AVE W BETWEEN W ARMOUR ST AND W BARRETT ST,1,Property Damage Only Collision,Parked Car,2,0,0,2,0,0,0,2020/03/20 00:00:00+00,N,Clear,Dry,Daylight,NA,Y
222350,Intersection,20TH AVE NE AND LAKE CITY WAY NE,2,Injury Collision,Angles,3,0,0,2,2,0,0,2020/02/13 00:00:00+00,N,Overcast,Wet,Dark - Street Lights On,NA,N
222351,Block,CHERRY ST BETWEEN 3RD AVE AND 4TH AVE,1,Property Damage Only Collision,Other,3,0,0,2,0,0,0,2020/03/09 00:00:00+00,N,Clear,Dry,Daylight,NA,N
222353,Block,LAKE WASHINGTON BLVD E BETWEEN BOYER AVE E AND E FOSTER ISLAND RD,1,Property Damage Only Collision,Other,2,0,0,1,0,0,0,2020/03/28 00:00:00+00,N,Clear,Dry,Daylight,NA,N
222354,Block,48TH AVE NE BETWEEN NE 68TH ST AND NE 70TH ST,1,Property Damage Only Collision,Parked Car,2,0,0,2,0,0,0,2020/04/24 00:00:00+00,N,Clear,Dry,Daylight,NA,Y
222355,Block,S CLOVERDALE ST BETWEEN 10TH AVE S AND 12TH AVE S,1,Property Damage Only Collision,Angles,2,0,0,2,0,0,0,2020/02/17 00:00:00+00,N,Clear,Wet,Daylight,NA,N
222356,Intersection,29TH AVE AND E PINE ST,1,Property Damage Only Collision,Angles,2,0,0,2,0,0,0,2020/01/17 00:00:00+00,N,Overcast,Wet,Dark - Street Lights On,NA,N
222357,Block,EASTLAKE AVE E BETWEEN E NELSON PL AND FAIRVIEW AVE N,1,Property Damage Only Collision,Rear Ended,2,0,0,2,0,0,0,2020/03/03 00:00:00+00,N,Clear,Dry,Daylight,NA,N
222358,Block,N NORTHGATE WAY BETWEEN MERIDIAN AVE N AND CORLISS AVE N,1,Property Damage Only Collision,Angles,3,0,0,2,0,0,0,2020/01/24 00:00:00+00,N,Overcast,Wet,Daylight,NA,N
222359,Block,8TH AVE N BETWEEN GARFIELD ST AND HAYES ST,0,Unknown,NA,2,0,0,0,0,0,0,2020/03/29 00:00:00+00,NA,NA,NA,NA,NA,Y
222360,Block,RAINIER AVE S BETWEEN S CLOVERDALE ST AND S HENDERSON ST,1,Property Damage Only Collision,Rear Ended,3,0,0,3,0,0,0,2020/03/13 00:00:00+00,N,Raining,Wet,Daylight,NA,N
222361,Intersection,DELRIDGE WAY SW AND SW ANDOVER ST,1,Property Damage Only Collision,Angles,2,0,0,2,0,0,0,2020/03/16 00:00:00+00,N,Clear,Dry,Daylight,NA,N
222362,Block,S HOLDEN ST BETWEEN HOLDEN ST OFF RP AND WEST MARGINAL WAY S,1,Property Damage Only Collision,Angles,2,0,0,2,0,0,0,2020/01/05 00:00:00+00,N,Overcast,Wet,Daylight,NA,N
222363,Intersection,41ST AVE SW AND SW ALASKA ST,1,Property Damage Only Collision,Angles,2,0,0,2,0,0,0,2020/03/07 00:00:00+00,N,Overcast,Dry,Dark - Street Lights On,NA,N
222364,Block,S SPOKANE NR ST BETWEEN 1ST AVE S AND 2ND AVE S,1,Property Damage Only Collision,Rear Ended,2,0,0,2,0,0,0,2020/02/28 00:00:00+00,N,Overcast,Dry,Daylight,NA,N
222365,Intersection,62ND AVE S AND S PRENTICE ST,1,Property Damage Only Collision,Angles,4,0,0,2,0,0,0,2020/02/28 00:00:00+00,N,Clear,Dry,Daylight,NA,N
222366,Block,HARBOR AVE SW BETWEEN FAUNTLEROY AVE SW AND SW FLORIDA ST,1,Property Damage Only Collision,Parked Car,4,0,0,2,0,0,0,2020/05/09 00:00:00+00,N,Clear,Dry,Daylight,NA,N
222367,Block,S ORCAS ST BETWEEN 42ND AVE S AND RAINIER AVE S,1,Property Damage Only Collision,Rear Ended,3,0,0,2,0,0,0,2020/03/16 00:00:00+00,N,Clear,Dry,Daylight,NA,N
222368,Block,M L KING JR ER WAY S BETWEEN RENTON PL S AND S WALDEN ST,0,Unknown,NA,0,0,0,0,0,0,0,2020/02/24 00:00:00+00,NA,NA,NA,NA,NA,N
222369,Intersection,RAINIER AVE S AND S GARDEN ST,1,Property Damage Only Collision,Sideswipe,3,0,0,2,0,0,0,2020/02/05 00:00:00+00,N,Raining,Wet,Dark - Street Lights On,NA,N
222370,Intersection,40TH AVE SW AND SW ALASKA ST,1,Property Damage Only Collision,Head On,2,0,0,2,0,0,0,2020/02/18 00:00:00+00,N,Clear,Dry,Dark - Street Lights On,NA,N
222371,Block,11TH AVE E BETWEEN E BOSTON ST AND E LYNN ST,0,Unknown,NA,0,0,0,0,0,0,0,2020/02/09 00:00:00+00,NA,NA,NA,NA,NA,Y
222372,Block,CORLISS AVE N BETWEEN N 122ND ST AND N 122ND PL,2,Injury Collision,Parked Car,2,0,0,2,1,0,0,2020/04/15 00:00:00+00,N,Overcast,Dry,Dark - Street Lights On,NA,Y
222373,Block,NE 45TH ST BETWEEN 5TH AVE NE AND 7TH AVE NE,2,Injury Collision,Rear Ended,2,0,0,2,1,0,0,2020/03/01 00:00:00+00,N,Overcast,Other,Dark - Street Lights On,NA,N
222375,Intersection,BEACON WR AVE S AND S WEBSTER S ST,1,Property Damage Only Collision,Angles,4,0,0,2,0,0,0,2020/02/14 00:00:00+00,N,Clear,Dry,Daylight,NA,N
222376,Block,S FONTANELLE ST BETWEEN 48TH AVE S AND RAINIER AVE S,2,Injury Collision,Other,1,0,0,1,1,0,0,2020/04/04 00:00:00+00,N,Clear,Dry,Dark - No Street Lights,NA,N
222377,Block,M L KING JR ER WAY S BETWEEN MERTON WAY S AND S NORFOLK ST,2,Injury Collision,Other,1,0,0,1,1,0,0,2020/03/22 00:00:00+00,N,Overcast,Dry,Daylight,Y,N
222379,Block,M L KING JR ER WAY S BETWEEN S DIRECTOR ST AND MERTON WAY S,1,Property Damage Only Collision,Other,1,0,0,1,0,0,0,2020/02/11 00:00:00+00,N,Clear,Dry,Dark - Street Lights On,NA,N
222380,Block,16TH AVE NW BETWEEN NW 65TH ST AND NW 67TH ST,0,Unknown,NA,0,0,0,0,0,0,0,2020/04/04 00:00:00+00,NA,NA,NA,NA,NA,Y
222381,Intersection,9TH AVE AND JAMES ST,1,Property Damage Only Collision,Left Turn,2,0,0,2,0,0,0,2020/04/15 00:00:00+00,N,Overcast,Dry,Daylight,NA,N
222382,Block,20TH AVE S BETWEEN S COLLEGE ST AND S BAYVIEW W ST,1,Property Damage Only Collision,Other,2,0,0,2,0,0,0,2020/02/22 00:00:00+00,N,Clear,Dry,Daylight,NA,Y
222384,Block,4TH AVE BETWEEN UNION ST AND PIKE ST,0,Unknown,NA,0,0,0,0,0,0,0,2020/04/15 00:00:00+00,NA,NA,NA,NA,NA,N
222385,Alley,NA,1,Property Damage Only Collision,Parked Car,2,0,0,2,0,0,0,2020/05/16 00:00:00+00,N,Raining,Wet,Dusk,NA,N
222386,Intersection,25TH AVE S AND S JACKSON ST,2,Injury Collision,Cycles,2,0,1,1,1,0,0,2020/05/01 00:00:00+00,N,Clear,Dry,Daylight,NA,N
222387,Block,16TH AVE S BETWEEN S WASHINGTON ST AND S MAIN ST,1,Property Damage Only Collision,Parked Car,2,0,0,2,0,0,0,2020/02/12 00:00:00+00,N,Overcast,Dry,Dark - Street Lights On,NA,Y
222388,Block,EDGAR MARTINEZ DR S BETWEEN S ATLANTIC ST OFF RP AND 4TH AVE SB OFF RP,1,Property Damage Only Collision,Rear Ended,4,0,0,2,0,0,0,2020/03/24 00:00:00+00,N,Clear,Dry,Daylight,NA,N
222389,Block,20TH AVE S BETWEEN S MASSACHUSETTS ST AND S STATE ST,1,Property Damage Only Collision,NA,2,0,0,0,0,0,0,2020/03/03 00:00:00+00,NA,NA,NA,NA,NA,Y
222391,Intersection,HARRISON ST AND TERRY AVE N,1,Property Damage Only Collision,NA,2,0,0,0,0,0,0,2020/05/18 00:00:00+00,NA,NA,NA,NA,NA,Y
222392,Intersection,FREMONT AVE N AND N 46TH ST,2,Injury Collision,Angles,2,0,0,2,1,0,0,2020/03/23 00:00:00+00,N,Clear,Dry,Daylight,NA,N
222393,Block,BELMONT AVE E BETWEEN E REPUBLICAN ST AND E MERCER ST,0,Unknown,NA,0,0,0,0,0,0,0,2020/02/02 00:00:00+00,NA,NA,NA,NA,NA,N
222394,Block,HIGHLAND PARK WAY SW BETWEEN 2ND AVE SW AND WEST MARGINAL WAY SW,2,Injury Collision,Rear Ended,2,0,0,2,1,0,0,2020/05/07 00:00:00+00,N,Clear,Dry,Daylight,NA,N
222395,Block,M L KING JR WR WAY S BETWEEN S TRENTON ST AND S HENDERSON ST,1,Property Damage Only Collision,Rear Ended,3,0,0,2,0,0,0,2020/01/25 00:00:00+00,N,Raining,Wet,Dark - Street Lights On,NA,N
222396,Block,N 130TH ST BETWEEN AURORA AVE N AND STONE AVE N,1,Property Damage Only Collision,Rear Ended,2,0,0,2,0,0,0,2020/03/10 00:00:00+00,N,Clear,Dry,Dark - Street Lights On,NA,N
222397,Block,S JACKSON ST BETWEEN 17TH AVE S AND 18TH AVE S,0,Unknown,NA,0,0,0,0,0,0,0,2020/02/10 00:00:00+00,NA,NA,NA,NA,NA,Y
222398,Block,UNION ST BETWEEN 7TH AVE AND CONVENTION PL,1,Property Damage Only Collision,Other,1,0,0,1,0,0,0,2020/05/05 00:00:00+00,N,Clear,Dry,Dark - Street Lights On,Y,N
222399,Block,YAKIMA AVE S BETWEEN S JUDKINS ST AND S IRVING ST,0,Unknown,NA,0,0,0,0,0,0,0,2020/04/15 00:00:00+00,NA,NA,NA,NA,NA,N
222402,Block,EDGAR MARTINEZ DR S BETWEEN OCCIDENTAL AVE S AND S ATLANTIC ST OFF RP,2,Injury Collision,Rear Ended,4,0,0,3,1,0,0,2020/03/03 00:00:00+00,N,Clear,Dry,Dusk,NA,N
222403,Block,1ST AVE N BETWEEN MERCER ST AND ROY ST,1,Property Damage Only Collision,Rear Ended,2,0,0,2,0,0,0,2020/02/10 00:00:00+00,N,Overcast,Dry,Daylight,NA,N
222404,Intersection,49TH AVE SW AND SW BRANDON ST,1,Property Damage Only Collision,NA,2,0,0,0,0,0,0,2020/03/16 00:00:00+00,NA,NA,NA,NA,NA,N
222405,Intersection,15TH AVE NW AND HOLMAN RD NW,2,Injury Collision,Left Turn,2,0,0,2,1,0,0,2020/03/05 00:00:00+00,N,Clear,Dry,Daylight,NA,N
222407,Block,WEST SEATTLE BRIDGE TRL BETWEEN EAST MARGINAL WAY S AND SW SPOKANE NR ST,2,Injury Collision,Other,1,0,0,1,1,0,0,2020/05/06 00:00:00+00,N,Clear,Dry,Daylight,NA,N
222409,Block,5TH AVE N BETWEEN JOHN ST AND BROAD ST,1,Property Damage Only Collision,NA,1,0,0,0,0,0,0,2020/04/16 00:00:00+00,NA,NA,NA,NA,NA,N
222411,Block,3RD AVE W BETWEEN W NICKERSON ST AND W EWING S ST,1,Property Damage Only Collision,Sideswipe,4,0,0,2,0,0,0,2020/02/28 00:00:00+00,N,Clear,Dry,Daylight,NA,N
222412,Block,15TH AVE S BETWEEN S FERDINAND ST AND S SHELTON ST,1,Property Damage Only Collision,Parked Car,3,0,0,3,0,0,0,2020/05/12 00:00:00+00,N,Clear,Dry,Daylight,NA,Y
222413,Block,10TH AVE E BETWEEN E JOHN ST AND E THOMAS E ST,0,Unknown,NA,0,0,0,0,0,0,0,2020/03/01 00:00:00+00,NA,NA,NA,NA,NA,N
222415,Intersection,8TH AVE AND YESLER WAY,2,Injury Collision,Right Turn,2,0,0,2,1,0,0,2020/03/16 00:00:00+00,N,Clear,Dry,Daylight,NA,N
222416,Block,5TH AVE BETWEEN JAMES ST AND CHERRY ST,1,Property Damage Only Collision,Parked Car,2,0,0,2,0,0,0,2020/04/15 00:00:00+00,N,Clear,Dry,Daylight,NA,Y
222417,Block,S DAKOTA ST BETWEEN RAINIER AVE S AND 36TH AVE S,2,Injury Collision,Pedestrian,2,1,0,1,1,0,0,2020/02/27 00:00:00+00,N,Clear,Dry,Daylight,NA,N
222419,Intersection,LAKE CITY WAY NE AND NE 75TH ST,1,Property Damage Only Collision,NA,2,0,0,0,0,0,0,2020/04/20 00:00:00+00,NA,NA,NA,NA,NA,N
222420,Block,NE 70TH ST BETWEEN 34TH E AVE NE AND 35TH AVE NE,1,Property Damage Only Collision,Parked Car,2,0,0,2,0,0,0,2020/03/10 00:00:00+00,N,Clear,Dry,Daylight,NA,Y
222421,Intersection,4TH AVE NE AND NE 145TH ST,2,Injury Collision,Angles,2,0,0,2,2,0,0,2020/04/18 00:00:00+00,N,Overcast,Wet,Dark - Street Lights On,NA,N
222422,Block,CORSON AVE S BETWEEN S MICHIGAN ST AND S EDDY ST,1,Property Damage Only Collision,Sideswipe,2,0,0,2,0,0,0,2020/04/27 00:00:00+00,N,Overcast,Dry,Daylight,NA,N
222423,Block,4TH AVE S BETWEEN S FIDALGO ST AND S FRONT ST,1,Property Damage Only Collision,Rear Ended,2,0,0,2,0,0,0,2020/02/05 00:00:00+00,N,Raining,Wet,Daylight,NA,N
222424,Block,LOYAL WAY NW BETWEEN 31ST AVE NW AND NW 85TH ST,1,Property Damage Only Collision,Parked Car,2,0,0,2,0,0,0,2020/04/03 00:00:00+00,N,Clear,Dry,Daylight,NA,Y
222425,Block,EAST MARGINAL WAY S BETWEEN S FIDALGO ST AND 1ST AVE S,1,Property Damage Only Collision,Sideswipe,2,0,0,2,0,0,0,2020/02/11 00:00:00+00,N,Overcast,Dry,Daylight,NA,N
222426,Intersection,16TH AVE S AND CORGIAT DR S,1,Property Damage Only Collision,Other,1,0,0,1,0,0,0,2020/01/19 00:00:00+00,N,Clear,Dry,Dark - Street Lights On,NA,N
222428,Block,ETRURIA ST BETWEEN WARREN AVE N AND NICKERSON ST,1,Property Damage Only Collision,Parked Car,2,0,0,2,0,0,0,2020/05/08 00:00:00+00,N,Clear,Dry,Dusk,NA,Y
222431,Intersection,4TH AVE AND PIKE ST,1,Property Damage Only Collision,Angles,3,0,0,2,0,0,0,2020/01/22 00:00:00+00,N,Clear,Dry,Dark - Street Lights On,NA,N
222432,Block,LAKESIDE AVE S BETWEEN S DAY ST AND S ATLANTIC ST,1,Property Damage Only Collision,Parked Car,2,0,0,2,0,0,0,2020/04/15 00:00:00+00,N,Clear,Dry,Dark - Street Lights On,NA,N
222433,Intersection,3RD AVE NW AND NW 67TH ST,2,Injury Collision,NA,2,0,0,0,1,0,0,2020/02/28 00:00:00+00,NA,NA,NA,NA,NA,N
222434,Intersection,25TH AVE NE AND NE 70TH ST,1,Property Damage Only Collision,Angles,2,0,0,2,0,0,0,2020/02/24 00:00:00+00,N,Clear,Dry,Daylight,NA,N
222435,Block,SW ROXBURY ST BETWEEN 7TH W AVE SW AND 8TH AVE SW,1,Property Damage Only Collision,Rear Ended,3,0,0,2,0,0,0,2020/05/09 00:00:00+00,N,Overcast,Dry,Daylight,NA,N
222436,Block,SPRING ST BETWEEN TERRY AVE AND BOREN AVE,1,Property Damage Only Collision,NA,2,0,0,0,0,0,0,2020/05/15 00:00:00+00,NA,NA,NA,NA,NA,N
222440,Intersection,BOREN AVE AND MADISON ST,0,Unknown,NA,0,0,0,0,0,0,0,2020/02/10 00:00:00+00,NA,NA,NA,NA,NA,Y
222441,Block,25TH AVE BETWEEN E SPRING ST AND E UNION ST,1,Property Damage Only Collision,Parked Car,2,0,0,2,0,0,0,2020/01/26 00:00:00+00,N,Raining,Wet,Dark - Street Lights On,NA,Y
222442,Block,37TH AVE BETWEEN E UNION ST AND E PIKE ST,1,Property Damage Only Collision,Parked Car,2,0,0,2,0,0,0,2020/04/22 00:00:00+00,N,Other,Unknown,Unknown,NA,Y
222444,Block,12TH AVE BETWEEN E YESLER WAY AND E FIR ST,2,Injury Collision,Rear Ended,2,0,0,2,1,0,0,2020/02/06 00:00:00+00,N,Raining,Wet,Daylight,NA,N
222445,Intersection,BALLARD BR AND POINT B,1,Property Damage Only Collision,NA,4,0,0,0,0,0,0,2020/02/26 00:00:00+00,NA,NA,NA,NA,NA,N
222446,Block,CORSON AVE S BETWEEN S MICHIGAN ST AND S EDDY ST,1,Property Damage Only Collision,Parked Car,2,0,0,2,0,0,0,2020/04/04 00:00:00+00,N,Clear,Dry,Dark - Street Lights On,NA,N
222447,Intersection,25TH AVE NE AND NE 68TH ST,2,Injury Collision,Angles,3,0,0,2,1,0,0,2020/03/07 00:00:00+00,N,Raining,Wet,Daylight,NA,N
222448,Block,8TH AVE NW BETWEEN NW 95TH ST AND NW 97TH ST,2,Injury Collision,Parked Car,2,0,0,2,1,0,0,2020/05/24 00:00:00+00,N,Clear,Dry,Daylight,NA,Y
222449,Block,14TH AVE SW BETWEEN SW CLOVERDALE ST AND SW TRENTON W ST,1,Property Damage Only Collision,Other,1,0,0,1,0,0,0,2020/02/13 00:00:00+00,N,Clear,Dry,Dark - Street Lights On,NA,N
222450,Block,AURORA AVE N BETWEEN N 115TH ST AND N 117TH PL,1,Property Damage Only Collision,Sideswipe,2,0,0,2,0,0,0,2020/04/01 00:00:00+00,N,Clear,Dry,Daylight,NA,N
222451,Block,24TH AVE NW BETWEEN NW 80TH ST AND NW 83RD S ST,1,Property Damage Only Collision,Parked Car,3,0,0,3,0,0,0,2020/03/10 00:00:00+00,N,Clear,Dry,Dark - Street Lights On,NA,Y
222452,Block,3RD AVE S BETWEEN S BRANDON ST AND S LUCILE ST,0,Unknown,NA,0,0,0,0,0,0,0,2020/02/27 00:00:00+00,NA,NA,NA,NA,NA,Y
222453,Intersection,MERIDIAN AVE N AND N NORTHGATE WAY,2,Injury Collision,Left Turn,2,0,0,2,1,0,0,2020/03/29 00:00:00+00,N,Clear,Other,Dark - Street Lights On,NA,N
222454,Intersection,NICKERSON ST AND QUEEN ANNE AVE N,1,Property Damage Only Collision,Angles,2,0,0,2,0,0,0,2020/04/09 00:00:00+00,N,Clear,Dry,Daylight,NA,N
222455,Block,OLSON PL SW BETWEEN 3RD AVE SW AND SW CAMBRIDGE PL,1,Property Damage Only Collision,Other,1,0,0,1,0,0,0,2020/05/21 00:00:00+00,N,Raining,Wet,Daylight,Y,N
222457,Block,NW MARKET ST BETWEEN 14TH AVE NW AND 15TH AVE NW,1,Property Damage Only Collision,Sideswipe,4,0,0,3,0,0,0,2020/02/20 00:00:00+00,N,Clear,Dry,Daylight,NA,N
222459,Block,WOODLAND PARK AVE N BETWEEN N 40TH ST AND N 41ST ST,1,Property Damage Only Collision,NA,2,0,0,0,0,0,0,2020/03/22 00:00:00+00,NA,NA,NA,NA,NA,Y
222461,Block,SHILSHOLE AVE NW BETWEEN NW DOCK PL AND 20TH AVE NW,1,Property Damage Only Collision,Parked Car,3,0,0,2,0,0,0,2020/02/15 00:00:00+00,N,Overcast,Dry,Daylight,NA,N
222463,Block,NW 46TH ST BETWEEN 9TH AVE NW AND 11TH AVE NW,1,Property Damage Only Collision,Parked Car,2,0,0,2,0,0,0,2020/05/01 00:00:00+00,N,Overcast,Wet,Dark - Street Lights On,NA,N
222464,Block,MADRONA DR BETWEEN NEWPORT WAY AND GRAND AVE,1,Property Damage Only Collision,Parked Car,2,0,0,2,0,0,0,2020/05/17 00:00:00+00,N,Clear,Wet,Dark - Street Lights On,Y,Y
222465,Intersection,N 35TH ST AND N PACIFIC ST,1,Property Damage Only Collision,Angles,2,0,0,2,0,0,0,2020/03/03 00:00:00+00,N,Overcast,Dry,Daylight,NA,N
222466,Intersection,GREENWOOD AVE N AND N 46TH S ST,1,Property Damage Only Collision,Left Turn,2,0,0,2,0,0,0,2020/02/28 00:00:00+00,N,Clear,Dry,Daylight,NA,N
222467,Block,JAMES ST BETWEEN 8TH AVE AND 9TH AVE,1,Property Damage Only Collision,Other,6,0,0,2,0,0,0,2020/01/23 00:00:00+00,N,Raining,Wet,Daylight,NA,N
222468,Block,1ST AV S NB OFF RP BETWEEN 1ST AV S BR NB AND EAST MARGINAL WAY S,1,Property Damage Only Collision,Other,1,0,0,1,0,0,0,2020/01/10 00:00:00+00,N,Overcast,Wet,Dark - Street Lights On,NA,N
222470,Intersection,MERCER ST AND WARREN AVE N,1,Property Damage Only Collision,Angles,4,0,0,2,0,0,0,2020/03/13 00:00:00+00,N,Overcast,Wet,Daylight,NA,N
222472,Intersection,5TH AVE S AND S JACKSON ST,2,Injury Collision,Cycles,2,0,1,1,1,0,0,2020/02/10 00:00:00+00,N,Overcast,Dry,Daylight,Y,N
222474,Block,FAIRVIEW AVE N BETWEEN YALE AVE N AND FAIRVIEW AVE E,2,Injury Collision,Other,1,0,0,1,1,0,0,2020/02/02 00:00:00+00,N,Clear,Wet,Dark - Street Lights On,NA,N
222475,Block,NW 56TH ST BETWEEN 20TH AVE NW AND 22ND AVE NW,0,Unknown,NA,2,0,0,0,0,0,0,2020/05/14 00:00:00+00,NA,NA,NA,NA,NA,Y
222476,Block,M L KING JR WR WAY S BETWEEN S ORCAS ST AND S RAYMOND ST,1,Property Damage Only Collision,Rear Ended,2,0,0,2,0,0,0,2020/05/07 00:00:00+00,N,Clear,Dry,Daylight,NA,N
222477,Block,6TH AVE W BETWEEN W PROSPECT ST AND W HIGHLAND DR,1,Property Damage Only Collision,Angles,4,0,0,2,0,0,0,2020/03/04 00:00:00+00,N,Clear,Dry,Daylight,NA,N
222478,Intersection,15TH AVE NW AND NW 65TH ST,2,Injury Collision,Other,1,0,0,1,1,0,0,2020/03/07 00:00:00+00,N,Clear,Dry,Unknown,Y,N
222479,Block,SYLVAN WAY SW BETWEEN HIGH POINT DR SW AND SW SYLVAN HEIGHTS DR,2,Injury Collision,Other,1,0,0,1,1,0,0,2020/02/02 00:00:00+00,N,Other,Wet,Dark - Unknown Lighting,NA,N
222480,Block,3RD AVE NW BETWEEN NW 50TH ST AND NW 51ST ST,1,Property Damage Only Collision,Parked Car,2,0,0,2,0,0,0,2020/02/13 00:00:00+00,N,Clear,Wet,Daylight,NA,Y
222482,Intersection,ALASKAN WAY S AND S JACKSON ST,2,Injury Collision,Left Turn,2,0,0,2,1,0,0,2020/03/06 00:00:00+00,N,Raining,Wet,Daylight,Y,N
222483,Block,N 39TH ST BETWEEN EVANSTON AVE N AND FREMONT AVE N,1,Property Damage Only Collision,Rear Ended,2,0,0,2,0,0,0,2020/03/20 00:00:00+00,N,Clear,Dry,Daylight,NA,N
222484,Intersection,28TH AVE NW AND NW 57TH ST,2,Injury Collision,Cycles,2,0,1,1,1,0,0,2020/03/05 00:00:00+00,N,Clear,Wet,Dark - Unknown Lighting,NA,N
222485,Intersection,BURKE AVE N AND N 45TH ST,0,Unknown,NA,0,0,0,0,0,0,0,2020/02/09 00:00:00+00,NA,NA,NA,NA,NA,N