OBJECTID,ADDRTYPE,LOCATION,SEVERITYCODE,SEVERITYDESC,COLLISIONTYPE,PERSONCOUNT,PEDCOUNT,PEDCYLCOUNT,VEHCOUNT,INJURIES,SERIOUSINJURIES,FATALITIES,INCDATE,UNDERINFL,WEATHER,ROADCOND,LIGHTCOND,SPEEDING,HITPARKEDCAR
222808,Block,14TH AVE S BETWEEN S CONCORD ST AND S HENDERSON ST,1,Property Damage Only Collision,Right Turn,2,0,0,2,0,0,0,2020/03/25 00:00:00+00,N,Raining,Wet,Dawn,NA,N
222809,Intersection,17TH AVE S AND ROBERTO MAESTAS FESTIVAL ST,1,Property Damage Only Collision,NA,2,0,0,0,0,0,0,2020/05/04 00:00:00+00,NA,NA,NA,NA,NA,N
222810,Block,SWIFT AVE S BETWEEN 19TH ER AVE S AND S GRAHAM ST,1,Property Damage Only Collision,Rear Ended,2,0,0,2,0,0,0,2020/03/02 00:00:00+00,N,Overcast,Wet,Dark - Street Lights On,NA,N
222811,Block,4TH AVE NE BETWEEN NE PACIFIC ST AND NE 40TH ST,0,Unknown,NA,2,0,0,0,0,0,0,2020/04/18 00:00:00+00,NA,NA,NA,NA,NA,Y
222812,Block,24TH AVE S BETWEEN S MASSACHUSETTS ST AND S GRAND ST,1,Property Damage Only Collision,Parked Car,2,0,0,2,0,0,0,2020/02/01 00:00:00+00,N,Clear,Dry,Daylight,NA,Y
222813,Block,DEXTER AVE N BETWEEN GARFIELD N ST AND HAYES ST,1,Property Damage Only Collision,Head On,2,0,0,2,0,0,0,2020/02/07 00:00:00+00,N,Overcast,Dry,Daylight,NA,N
222814,Block,DENNY WAY BETWEEN WARREN AVE N AND 2ND WR AVE,0,Unknown,NA,0,0,0,0,0,0,0,2020/03/20 00:00:00+00,NA,NA,NA,NA,NA,Y
222816,Block,AURORA AVE N BETWEEN N 130TH ST AND N 135TH ST,2,Injury Collision,Pedestrian,2,1,0,1,1,0,0,2020/03/20 00:00:00+00,N,Clear,Dry,Daylight,NA,N
222817,Intersection,6TH AVE S AND S JACKSON ST,2,Injury Collision,Angles,4,0,0,2,1,0,0,2020/01/02 00:00:00+00,N,Raining,Wet,Dark - Street Lights On,NA,N
222818,Block,SENECA ST BETWEEN SUMMIT AVE AND BOYLSTON AVE,1,Property Damage Only Collision,Parked Car,3,0,0,2,0,0,0,2020/02/09 00:00:00+00,N,Clear,Dry,Daylight,NA,N
222819,Block,M L KING JR ER WAY S BETWEEN MERTON WAY S AND S NORFOLK ST,1,Property Damage Only Collision,Rear Ended,4,0,0,3,0,0,0,2020/02/23 00:00:00+00,N,Raining,Wet,Dark - Street Lights On,NA,N
222820,Block,20TH AVE BETWEEN E MADISON ST AND E DENNY WAY,1,Property Damage Only Collision,NA,2,0,0,0,0,0,0,2020/04/20 00:00:00+00,NA,NA,NA,NA,NA,N
222822,Block,26TH AVE SW BETWEEN SW ADAMS ST AND SW NEVADA ST,1,Property Damage Only Collision,Parked Car,2,0,0,2,0,0,0,2020/05/02 00:00:00+00,N,Overcast,Wet,Dusk,NA,Y
222823,Block,WEST MARGINAL SB WAY S BETWEEN KENYON OFF RP AND KENYON ON RP,1,Property Damage Only Collision,Sideswipe,2,0,0,2,0,0,0,2020/03/30 00:00:00+00,N,Overcast,Dry,Daylight,NA,N
222824,Intersection,BAY ST AND ELLIOTT AVE,1,Property Damage Only Collision,NA,2,0,0,0,0,0,0,2020/05/10 00:00:00+00,NA,NA,NA,NA,NA,Y
222825,Block,E YESLER WAY BETWEEN 12TH AVE AND 13TH AVE,1,Property Damage Only Collision,Rear Ended,2,0,0,2,0,0,0,2020/05/01 00:00:00+00,N,Clear,Dry,Daylight,Y,N
222826,Intersection,M L KING JR ER WAY S AND MERTON WAY S,1,Property Damage Only Collision,NA,2,0,0,0,0,0,0,2020/04/24 00:00:00+00,NA,NA,NA,NA,NA,N
222827,Block,13TH AVE W BETWEEN W NEWTON ST AND W BOSTON ST,1,Property Damage Only Collision,NA,2,0,0,0,0,0,0,2020/04/02 00:00:00+00,NA,NA,NA,NA,NA,N
222828,Intersection,1ST AVE AND PINE ST,1,Property Damage Only Collision,NA,2,0,0,0,0,0,0,2020/02/23 00:00:00+00,NA,NA,NA,NA,NA,N
222830,Block,DEXTER AVE N BETWEEN THOMAS ST AND HARRISON ST,2b,Serious Injury Collision,Cycles,2,0,2,0,1,1,0,2020/02/11 00:00:00+00,N,Clear,Dry,Dark - Street Lights On,NA,N
222831,Block,LEARY WAY NW BETWEEN NW 46TH ST AND NW BALLARD WAY,2b,Serious Injury Collision,Other,1,0,0,1,1,1,0,2020/04/03 00:00:00+00,N,Overcast,Wet,Dark - Street Lights On,Y,N
222833,Block,AURORA AVE N BETWEEN N 117TH PL AND N 125TH ST,2b,Serious Injury Collision,Pedestrian,3,1,0,1,1,1,0,2020/02/19 00:00:00+00,N,Clear,Dry,Dark - Street Lights On,NA,N
222835,Block,ALASKAN WAY BETWEEN UNION ST AND PIKE HILL CLIMB,1,Property Damage Only Collision,Sideswipe,2,0,0,2,0,0,0,2020/01/24 00:00:00+00,N,Raining,Wet,Daylight,NA,N
222837,Intersection,CORLISS AVE N AND N NORTHGATE WAY,2,Injury Collision,Angles,4,0,0,3,2,0,0,2020/03/19 00:00:00+00,N,Clear,Dry,Daylight,NA,N
222838,Block,35TH AVE SW BETWEEN SW ALASKA ST AND SW EDMUNDS ST,1,Property Damage Only Collision,Other,2,0,0,1,0,0,0,2020/04/13 00:00:00+00,N,Clear,Dry,Dusk,NA,N
222839,Block,NE 55TH ST BETWEEN ROOSEVELT WAY NE AND 11TH AVE NE,0,Unknown,NA,2,0,0,0,0,0,0,2020/05/14 00:00:00+00,NA,NA,NA,NA,NA,Y
222840,Block,N 137TH ST BETWEEN AURORA AVE N AND MIDVALE AVE N,2,Injury Collision,Other,1,0,0,1,1,0,0,2020/03/28 00:00:00+00,N,Raining,Wet,Dark - Street Lights On,Y,N
222841,Intersection,ROOSEVELT WAY NE AND NE 50TH ST,2,Injury Collision,Angles,3,0,0,2,1,0,0,2020/01/23 00:00:00+00,N,Raining,Wet,Daylight,NA,N
222842,Block,ELLIOTT AVE W BETWEEN W PROSPECT ST AND W LEE ST,1,Property Damage Only Collision,Other,1,0,0,1,0,0,0,2020/02/19 00:00:00+00,N,Clear,Dry,Daylight,NA,N
222843,Intersection,5TH AVE AND BLANCHARD ST,1,Property Damage Only Collision,Left Turn,2,0,0,2,0,0,0,2020/04/13 00:00:00+00,N,Clear,Dry,Daylight,NA,N
222845,Intersection,THORNDYKE AVE W AND THORNDYKE PL W,2,Injury Collision,Left Turn,2,0,0,2,1,0,0,2020/02/11 00:00:00+00,N,Overcast,Dry,Daylight,NA,N
222846,Block,SW AVALON WAY BETWEEN 30TH AVE SW AND SW GENESEE ST,1,Property Damage Only Collision,Parked Car,2,0,0,2,0,0,0,2020/02/11 00:00:00+00,N,Overcast,Dry,Daylight,NA,Y
222847,Block,24TH AVE SW BETWEEN SW HOLDEN ST AND SW KENYON ST,1,Property Damage Only Collision,Parked Car,2,0,0,2,0,0,0,2020/02/21 00:00:00+00,N,Clear,Dry,Dark - Street Lights On,NA,Y
222848,Block,W VIEW PL BETWEEN W ELMORE PL AND 29TH AVE W,0,Unknown,NA,0,0,0,0,0,0,0,2020/05/07 00:00:00+00,NA,NA,NA,NA,NA,N
222849,Block,N 137TH ST BETWEEN ASHWORTH AVE N AND DENSMORE AVE N,1,Property Damage Only Collision,Other,1,0,0,1,0,0,0,2020/03/02 00:00:00+00,N,Overcast,Wet,Dark - No Street Lights,NA,N
222850,Intersection,4TH AVE AND PINE ST,1,Property Damage Only Collision,Angles,3,0,0,2,0,0,0,2020/05/16 00:00:00+00,N,Overcast,Wet,Daylight,NA,N
222851,Intersection,LAKEVIEW BLVD E AND E HIGHLAND DR,1,Property Damage Only Collision,Parked Car,2,0,0,2,0,0,0,2020/03/13 00:00:00+00,N,Other,Other,Unknown,NA,N
222852,Block,CHERRY ST BETWEEN 8TH AVE AND 9TH AVE,2,Injury Collision,Parked Car,2,0,0,2,1,0,0,2020/01/10 00:00:00+00,N,Other,Unknown,Unknown,NA,Y
222856,Block,M L KING JR WR WAY S BETWEEN S HOLDEN ST AND S CHICAGO ST,1,Property Damage Only Collision,Parked Car,2,0,0,2,0,0,0,2020/05/15 00:00:00+00,N,Clear,Dry,Unknown,NA,Y
222857,Intersection,17TH AVE S AND S MCCLELLAN ST,2,Injury Collision,Angles,2,0,0,2,2,0,0,2020/03/06 00:00:00+00,N,Raining,Wet,Daylight,NA,N
222858,Intersection,4TH AVE S AND S JACKSON ST,1,Property Damage Only Collision,Other,3,0,0,2,0,0,0,2020/05/07 00:00:00+00,N,Clear,Dry,Daylight,NA,N
222859,Block,35TH AVE S BETWEEN S LANE ST AND LAKESIDE AVE S,1,Property Damage Only Collision,Parked Car,2,0,0,2,0,0,0,2020/05/13 00:00:00+00,N,Clear,Dry,Unknown,NA,Y
222860,Intersection,DELRIDGE WAY SW AND SW ORCHARD ST,1,Property Damage Only Collision,Left Turn,2,0,0,2,0,0,0,2020/03/16 00:00:00+00,N,Clear,Dry,Daylight,NA,N
222861,Block,LAKE WASHINGTON BLVD BETWEEN FULLERTON AVE AND E SPRING ST,0,Unknown,NA,0,0,0,0,0,0,0,2020/02/22 00:00:00+00,NA,NA,NA,NA,NA,N
222863,Block,22ND AVE NW BETWEEN NW 62ND ST AND NW 63RD ST,1,Property Damage Only Collision,NA,2,0,0,0,0,0,0,2020/02/08 00:00:00+00,NA,NA,NA,NA,NA,Y
222864,Block,E CHERRY ST BETWEEN 34TH AVE AND 35TH AVE,1,Property Damage Only Collision,NA,2,0,0,0,0,0,0,2020/02/08 00:00:00+00,NA,NA,NA,NA,NA,Y
222865,Intersection,55TH AVE SW AND ALKI AVE SW,0,Unknown,NA,0,0,0,0,0,0,0,2020/03/05 00:00:00+00,NA,NA,NA,NA,NA,N
222867,Block,JAMES ST BETWEEN YESLER WAY AND 2ND AVE,0,Unknown,NA,0,0,0,0,0,0,0,2020/02/24 00:00:00+00,NA,NA,NA,NA,NA,Y
222868,Block,OLSON PL SW BETWEEN 1ST AVE S AND 2ND AVE SW,2,Injury Collision,Sideswipe,8,0,0,2,4,0,0,2020/05/03 00:00:00+00,N,Clear,Dry,Daylight,NA,N
222869,Block,S KING ST BETWEEN RAINIER AVE S AND 16TH AVE S,1,Property Damage Only Collision,Parked Car,2,0,0,2,0,0,0,2020/03/10 00:00:00+00,N,Clear,Dry,Daylight,NA,Y
222870,Block,SW SPOKANE NR ST BETWEEN WEST SEATTLE BRIDGE TRL AND 11TH AVE SW,1,Property Damage Only Collision,Other,1,0,0,1,0,0,0,2020/02/17 00:00:00+00,N,Clear,Dry,Dark - Street Lights On,Y,N
222871,Intersection,13TH AVE SW AND SW FLORIDA ST,2,Injury Collision,Angles,2,0,0,2,1,0,0,2020/03/24 00:00:00+00,N,Overcast,Dry,Dawn,NA,N
222872,Block,M L KING JR WAY BETWEEN E YESLER WAY AND E FIR ST,1,Property Damage Only Collision,Rear Ended,3,0,0,2,0,0,0,2020/01/09 00:00:00+00,N,Raining,Wet,Other,NA,N
222873,Intersection,4TH AVE AND SENECA ST,2,Injury Collision,Pedestrian,2,1,0,1,1,0,0,2020/03/09 00:00:00+00,N,Overcast,Dry,Daylight,NA,N
222874,Block,M L KING JR ER WAY S BETWEEN S HENDERSON ST AND S DIRECTOR ST,1,Property Damage Only Collision,Rear Ended,2,0,0,2,0,0,0,2020/05/18 00:00:00+00,N,Clear,Dry,Daylight,NA,N
222875,Block,SEWARD PARK AVE S BETWEEN S FONTANELLE PL AND S KENYON ST,1,Property Damage Only Collision,Parked Car,2,0,0,2,0,0,0,2020/05/10 00:00:00+00,N,Clear,Dry,Daylight,NA,Y
222876,Intersection,6TH AVE AND WESTLAKE AVE,1,Property Damage Only Collision,Right Turn,2,0,0,2,0,0,0,2020/03/03 00:00:00+00,N,Clear,Wet,Dark - Street Lights On,NA,N
222877,Block,SW BATAAN ST BETWEEN HIGH POINT DR SW AND 29TH AVE SW,0,Unknown,NA,2,0,0,0,0,0,0,2020/04/30 00:00:00+00,NA,NA,NA,NA,NA,Y
222878,Intersection,7TH AVE S AND S LANDER ST,2,Injury Collision,Other,2,0,0,2,1,0,0,2020/03/16 00:00:00+00,N,Clear,Dry,Daylight,NA,N
222880,Intersection,SWIFT AVE S AND S GRAHAM ST,2,Injury Collision,Angles,2,0,0,2,1,0,0,2020/02/13 00:00:00+00,N,Partly Cloudy,Dry,Dark - Street Lights On,NA,N
222881,Intersection,MONTLAKE BLVD NE AND NE PACIFIC ST,2,Injury Collision,Cycles,2,0,1,1,1,0,0,2020/05/18 00:00:00+00,N,Clear,Dry,Daylight,NA,N
222882,Block,SEATTLE BLVD S BETWEEN S DEARBORN ST AND 6TH W AVE S,2,Injury Collision,Pedestrian,3,1,0,1,1,0,0,2020/02/11 00:00:00+00,N,Overcast,Dry,Daylight,NA,N
222883,Block,16TH AVE S BETWEEN S STEVENS ST AND S WINTHROP ST,2,Injury Collision,Parked Car,4,0,0,3,1,0,0,2020/04/05 00:00:00+00,N,Clear,Dry,Dark - Street Lights On,NA,Y
222885,Block,28TH AVE S BETWEEN S MORGAN ST AND S MONTEREY PL,1,Property Damage Only Collision,Parked Car,2,0,0,2,0,0,0,2020/04/16 00:00:00+00,N,Clear,Dry,Dark - Street Lights On,NA,Y
222886,Block,26TH AVE S BETWEEN S LANE ST AND S DEARBORN E ST,1,Property Damage Only Collision,NA,1,0,0,0,0,0,0,2020/05/13 00:00:00+00,NA,NA,NA,NA,NA,N
222887,Intersection,7TH AVE N AND DENNY WAY,2,Injury Collision,Left Turn,4,0,0,2,1,0,0,2020/01/11 00:00:00+00,N,Overcast,Dry,Daylight,NA,N
222888,Block,HOWELL ST BETWEEN MINOR AVE AND YALE AVE,1,Property Damage Only Collision,Rear Ended,5,0,0,2,0,0,0,2020/02/22 00:00:00+00,N,Clear,Dry,Dark - Street Lights Off,NA,N
222889,Block,NW 51ST ST BETWEEN 15TH AVE NW AND 17TH AVE NW,0,Unknown,NA,2,0,0,0,0,0,0,2020/04/11 00:00:00+00,NA,NA,NA,NA,NA,Y
222890,Intersection,DENNY WAY AND QUEEN ANNE AVE N,1,Property Damage Only Collision,Sideswipe,2,0,0,2,0,0,0,2020/03/11 00:00:00+00,N,Clear,Dry,Daylight,NA,N
222892,Block,8TH AVE NW BETWEEN NW 87TH ST AND NW 88TH ST,1,Property Damage Only Collision,Parked Car,2,0,0,2,0,0,0,2020/05/05 00:00:00+00,N,Clear,Dry,Daylight,NA,N
222893,Block,4TH AVE BETWEEN VINE ST AND CEDAR ST,1,Property Damage Only Collision,Sideswipe,2,0,0,2,0,0,0,2020/03/08 00:00:00+00,N,Clear,Dry,Dark - Street Lights On,NA,N
222894,Block,NW 57TH ST BETWEEN 8TH AVE NW AND 9TH AVE NW,0,Unknown,NA,2,0,0,0,0,0,0,2020/05/21 00:00:00+00,NA,NA,NA,NA,NA,Y
222895,Block,35TH AVE SW BETWEEN SW RAYMOND ST AND SW GRAHAM ST,1,Property Damage Only Collision,Parked Car,2,0,0,2,0,0,0,2020/04/12 00:00:00+00,N,Clear,Dry,Dark - Street Lights On,NA,Y
222896,Intersection,BOREN AVE S AND RAINIER AVE S,1,Property Damage Only Collision,Left Turn,2,0,0,2,0,0,0,2020/03/20 00:00:00+00,N,Clear,Dry,Daylight,NA,N
222897,Block,DELRIDGE WAY SW BETWEEN SW KENYON ST AND SW THISTLE ST,1,Property Damage Only Collision,Parked Car,3,0,0,3,0,0,0,2020/01/23 00:00:00+00,N,Raining,Wet,Daylight,NA,Y
222898,Block,N 130TH ST BETWEEN FREMONT AVE N AND LINDEN AVE N,1,Property Damage Only Collision,Rear Ended,6,0,0,2,0,0,0,2020/03/18 00:00:00+00,N,Clear,Dry,Dark - Street Lights On,NA,N
222900,Block,8TH AVE NW BETWEEN NW MARKET ST AND NW 56TH ST,0,Unknown,NA,0,0,0,0,0,0,0,2020/02/08 00:00:00+00,NA,NA,NA,NA,NA,Y
222901,Block,DELRIDGE WAY SW BETWEEN SW JUNEAU ST AND 24TH AVE SW,2,Injury Collision,Other,2,0,0,2,1,0,0,2020/04/07 00:00:00+00,N,Clear,Dry,Daylight,Y,Y
222902,Block,WEST SEATTLE BR EB BETWEEN POINT A AND FAUNTLEROY WAY SW,0,Unknown,NA,0,0,0,0,0,0,0,2020/02/24 00:00:00+00,NA,NA,NA,NA,NA,N
222904,Block,YESLER WAY BETWEEN OCCIDENTAL AVE S AND 2ND AVE,2,Injury Collision,Sideswipe,2,0,0,2,1,0,0,2020/01/25 00:00:00+00,N,Clear,Wet,Dark - Street Lights On,NA,N
222905,Block,CALIFORNIA AVE SW BETWEEN SW ADMIRAL WAY AND SW LANDER ST,1,Property Damage Only Collision,Angles,2,0,0,2,0,0,0,2020/03/11 00:00:00+00,N,Clear,Dry,Dusk,Y,N
222906,Intersection,FREMONT AVE N AND N 46TH ST,2,Injury Collision,Angles,2,0,0,2,1,0,0,2020/03/17 00:00:00+00,N,Clear,Dry,Dusk,NA,N
222907,Block,SW HUDSON ST BETWEEN PUGET BLVD SW AND DELRIDGE WAY SW,1,Property Damage Only Collision,Parked Car,2,0,0,2,0,0,0,2020/04/20 00:00:00+00,N,NA,Unknown,Unknown,NA,Y
222908,Block,E MADISON ST BETWEEN 13TH AVE AND 14TH AVE,2,Injury Collision,Other,1,0,0,1,1,0,0,2020/01/15 00:00:00+00,N,Overcast,Dry,Daylight,NA,N
222909,Block,S WARSAW ST BETWEEN SWIFT AVE S AND 23RD AVE S,1,Property Damage Only Collision,Other,2,0,0,2,0,0,0,2020/04/15 00:00:00+00,N,NA,Dry,Daylight,NA,N
222910,Intersection,24TH AVE NW AND NW 85TH ST,2,Injury Collision,Pedestrian,2,1,0,1,1,0,0,2020/01/21 00:00:00+00,N,Raining,Wet,Dark - Street Lights On,NA,N
222911,Block,SEWARD PARK AVE S BETWEEN LAKE SHORE DR S AND S VAN DYKE RD,1,Property Damage Only Collision,Other,1,0,0,1,0,0,0,2020/02/17 00:00:00+00,N,Clear,Dry,Dark - Street Lights On,NA,N
222913,Block,MONTLAKE BLVD NE BETWEEN NE 45TH ST RP AND NE 45TH ST,2,Injury Collision,Rear Ended,2,0,0,2,1,0,0,2020/03/30 00:00:00+00,N,Overcast,Dry,Daylight,NA,N
222914,Block,W MARINA PL BETWEEN 23RD AVE W AND W MARINA PARKING PL,1,Property Damage Only Collision,Parked Car,2,0,0,2,0,0,0,2020/03/07 00:00:00+00,N,Overcast,Wet,Dark - No Street Lights,NA,Y
222915,Block,M L KING JR ER WAY S BETWEEN S GRAHAM ST AND S EDDY ST,2b,Serious Injury Collision,Angles,2,0,0,2,1,1,0,2020/02/10 00:00:00+00,N,Clear,Dry,Daylight,NA,N
222916,Block,E DENNY WAY BETWEEN 25TH AVE AND 26TH AVE,2,Injury Collision,NA,2,0,0,0,1,0,0,2020/05/17 00:00:00+00,NA,NA,NA,NA,NA,N
222917,Block,6TH AVE S BETWEEN S MASSACHUSETTS ST AND S HOLGATE ST,0,Unknown,NA,0,0,0,0,0,0,0,2020/02/26 00:00:00+00,NA,NA,NA,NA,NA,Y
222918,Block,NW 81ST ST BETWEEN 3RD AVE NW AND 6TH AVE NW,0,Unknown,NA,0,0,0,0,0,0,0,2020/05/04 00:00:00+00,NA,NA,NA,NA,NA,N
222919,Block,AIRPORT WAY S BETWEEN S HARDY ST AND S OTHELLO ST,1,Property Damage Only Collision,NA,2,0,0,0,0,0,0,2020/03/06 00:00:00+00,NA,NA,NA,NA,NA,N
222920,Block,12TH AVE BETWEEN E CHERRY ST AND E COLUMBIA ST,2,Injury Collision,Rear Ended,4,0,0,2,1,0,0,2020/05/23 00:00:00+00,N,Raining,Wet,Dark - Street Lights On,Y,N
222921,Intersection,RAINIER AVE S AND S MEAD ST,1,Property Damage Only Collision,NA,2,0,0,0,0,0,0,2020/03/19 00:00:00+00,NA,NA,NA,NA,NA,N
222923,Block,8TH AVE NE BETWEEN NE 115TH ST AND NE 117TH ST,1,Property Damage Only Collision,Parked Car,2,0,0,2,0,0,0,2020/03/18 00:00:00+00,N,Clear,Dry,Daylight,NA,Y
222926,Block,SW MANNING ST BETWEEN 42ND AVE SW AND CALIFORNIA AVE SW,1,Property Damage Only Collision,Parked Car,2,0,0,2,0,0,0,2020/05/09 00:00:00+00,N,Clear,Dry,Daylight,NA,Y
222928,Intersection,M L KING JR WAY S AND S DEARBORN ST,2,Injury Collision,NA,3,0,0,0,1,0,0,2020/04/25 00:00:00+00,NA,NA,NA,NA,NA,N
222929,Block,M L KING JR WR WAY S BETWEEN S ORCAS ST AND S RAYMOND ST,1,Property Damage Only Collision,Sideswipe,3,0,0,3,0,0,0,2020/05/07 00:00:00+00,N,Clear,Dry,Daylight,NA,N
222930,Block,E THOMAS ST BETWEEN MELROSE AVE E AND BELLEVUE AVE E,1,Property Damage Only Collision,Parked Car,3,0,0,3,0,0,0,2020/03/22 00:00:00+00,N,Clear,Dry,Daylight,NA,Y
222931,Intersection,STANLEY AVE S AND S ALBRO PL,1,Property Damage Only Collision,Angles,2,0,0,2,0,0,0,2020/02/29 00:00:00+00,N,Overcast,Wet,Dark - Street Lights Off,NA,N
222932,Block,SR509 SB BETWEEN CLOVERDALE ST ON RP AND CITY LIMITS,2,Injury Collision,Sideswipe,2,0,0,2,1,0,0,2020/04/14 00:00:00+00,N,Clear,Dry,Daylight,NA,N
222933,Block,NE 125TH ST BETWEEN 15TH AVE NE AND 16TH AVE NE,1,Property Damage Only Collision,Sideswipe,2,0,0,2,0,0,0,2020/02/06 00:00:00+00,N,Raining,Wet,Daylight,NA,N
222934,Intersection,9TH AVE NE AND NE 42ND ST,1,Property Damage Only Collision,Angles,2,0,0,2,0,0,0,2020/02/28 00:00:00+00,N,Raining,Wet,Dark - Street Lights On,NA,N
222936,Intersection,8TH AVE SW AND SW ROXBURY ST,1,Property Damage Only Collision,Angles,2,0,0,2,0,0,0,2020/02/29 00:00:00+00,N,Sleet/Hail/Freezing Rain,Wet,Dusk,NA,N
222937,Intersection,ROOSEVELT WAY NE AND NE 122ND ST,1,Property Damage Only Collision,Angles,2,0,0,2,0,0,0,2020/02/29 00:00:00+00,N,Overcast,Dry,Daylight,NA,N
222938,Block,4TH AVE N BETWEEN MERCER ST AND ROY ST,2,Injury Collision,Rear Ended,2,0,0,2,2,0,0,2020/03/09 00:00:00+00,N,Clear,Dry,Dark - Street Lights On,NA,N
222939,Block,S DEARBORN ST BETWEEN MAYNARD AVE S AND 7TH AVE S,1,Property Damage Only Collision,Rear Ended,2,0,0,2,0,0,0,2020/02/26 00:00:00+00,N,Raining,Wet,Dark - Street Lights On,NA,N
222940,Block,9TH AVE SW BETWEEN SW CLOVERDALE ST AND SW TRENTON ST,2,Injury Collision,NA,3,0,0,0,2,0,0,2020/02/15 00:00:00+00,NA,NA,NA,NA,NA,N
222941,Block,N 130TH ST BETWEEN STONE AVE N AND ASHWORTH AVE N,2,Injury Collision,Angles,2,0,0,2,1,0,0,2020/03/17 00:00:00+00,N,Clear,Dry,Daylight,NA,N
222942,Intersection,AURORA AVE N AND N 130TH ST,1,Property Damage Only Collision,Angles,2,0,0,2,0,0,0,2020/04/25 00:00:00+00,N,Raining,Wet,Daylight,NA,N
222943,Intersection,HARVARD AVE E AND E BOSTON ST,2,Injury Collision,Angles,5,0,0,2,4,0,0,2020/03/04 00:00:00+00,N,Clear,Dry,Daylight,NA,N
222944,Block,SW ROXBURY ST BETWEEN 27TH AVE SW AND 28TH AVE SW,1,Property Damage Only Collision,Rear Ended,3,0,0,2,0,0,0,2020/02/04 00:00:00+00,N,Raining,Wet,Daylight,NA,N
222945,Block,EAST MARGINAL WAY S BETWEEN S NEVADA ST AND S IDAHO ST,2,Injury Collision,Rear Ended,2,0,0,2,1,0,0,2020/05/15 00:00:00+00,N,Clear,Dry,Daylight,NA,N
222946,Intersection,M L KING JR ER WAY S AND S WALDEN ST,2,Injury Collision,Angles,2,0,0,2,1,0,0,2020/05/04 00:00:00+00,N,Clear,Dry,Daylight,NA,N
222947,Block,BEACH DR SW BETWEEN SW JUNEAU ST AND ATLAS PL SW,1,Property Damage Only Collision,Parked Car,2,0,0,2,0,0,0,2020/04/04 00:00:00+00,N,Clear,Dry,Daylight,NA,Y
222948,Block,15TH AVE S BETWEEN S LUCILE ST AND S ORCAS ST,1,Property Damage Only Collision,Parked Car,3,0,0,3,0,0,0,2020/01/08 00:00:00+00,N,Overcast,Wet,Dark - Street Lights On,NA,Y
222950,Intersection,ASHWORTH AVE N AND N 80TH ST,2,Injury Collision,Angles,3,0,0,2,1,0,0,2020/02/13 00:00:00+00,N,Clear,Wet,Dusk,NA,N
222951,Block,1ST AVE S BETWEEN S FIDALGO ST AND EAST MARGINAL WAY S,1,Property Damage Only Collision,NA,1,0,0,0,0,0,0,2020/05/14 00:00:00+00,NA,NA,NA,NA,NA,N
222952,Block,25TH AVE BETWEEN E COLUMBIA ST AND E MARION ST,0,Unknown,NA,0,0,0,0,0,0,0,2020/02/11 00:00:00+00,NA,NA,NA,NA,NA,Y
222953,Block,WEST SEATTLE BR WB BETWEEN 4TH AV S OFF RP AND 4TH AV S ON RP,1,Property Damage Only Collision,Other,3,0,0,3,0,0,0,2020/04/01 00:00:00+00,N,Clear,Wet,Daylight,NA,N
222954,Block,RENTON AVE S BETWEEN S DAKOTA ST AND S ADAMS ST,1,Property Damage Only Collision,Parked Car,2,0,0,2,0,0,0,2020/03/09 00:00:00+00,N,Clear,Dry,Dark - Street Lights On,NA,N
222955,Alley,NA,1,Property Damage Only Collision,Other,2,0,0,2,0,0,0,2020/05/01 00:00:00+00,N,Clear,Dry,Dark - Street Lights On,NA,N
222956,Block,W NICKERSON ST BETWEEN 8TH AVE W AND XW JESSE AVE W,0,Unknown,NA,0,0,0,0,0,0,0,2020/05/11 00:00:00+00,NA,NA,NA,NA,NA,Y
222958,Intersection,M L KING JR ER WAY S AND S NORFOLK ST,1,Property Damage Only Collision,Head On,2,0,0,2,0,0,0,2020/02/20 00:00:00+00,N,Clear,Dry,Daylight,NA,N
222959,Block,NW 120TH ST BETWEEN 12TH AVE NW AND DEAD END 2,0,Unknown,NA,0,0,0,0,0,0,0,2020/04/14 00:00:00+00,NA,NA,NA,NA,NA,Y
222960,Block,SW ADMIRAL WAY BETWEEN 39TH AVE SW AND WALNUT AVE SW,2,Injury Collision,Other,4,0,0,1,4,0,0,2020/03/13 00:00:00+00,N,Raining,Wet,Dark - Street Lights On,NA,N
222961,Block,NE 137TH ST BETWEEN 23RD PL NE AND 25TH AVE NE,2,Injury Collision,Other,1,0,0,1,1,0,0,2020/04/24 00:00:00+00,N,Clear,Dry,Daylight,Y,N
222962,Intersection,24TH AVE S AND S MASSACHUSETTS ST,2,Injury Collision,Angles,2,0,0,2,2,0,0,2020/03/04 00:00:00+00,N,Clear,Dry,Daylight,NA,N
222963,Block,AURORA AVE N BETWEEN HIGHLAND DR AND COMSTOCK ST,2,Injury Collision,Rear Ended,7,0,0,4,1,0,0,2020/02/08 00:00:00+00,N,Clear,Dry,Daylight,NA,N
222965,Block,5TH AVE NE BETWEEN NE 83RD ST AND NE 84TH ST,0,Unknown,NA,2,0,0,0,0,0,0,2020/03/05 00:00:00+00,NA,NA,NA,NA,NA,N
222966,Intersection,16TH AVE W AND W DRAVUS ST,1,Property Damage Only Collision,Angles,2,0,0,2,0,0,0,2020/01/25 00:00:00+00,N,Raining,Wet,Daylight,NA,N