OBJECTID,ADDRTYPE,LOCATION,SEVERITYCODE,SEVERITYDESC,COLLISIONTYPE,PERSONCOUNT,PEDCOUNT,PEDCYLCOUNT,VEHCOUNT,INJURIES,SERIOUSINJURIES,FATALITIES,INCDATE,UNDERINFL,WEATHER,ROADCOND,LIGHTCOND,SPEEDING,HITPARKEDCAR
223287,Intersection,4TH AVE S AND S HOLGATE ST,2,Injury Collision,Angles,3,0,0,2,2,0,0,2020/04/13 00:00:00+00,N,Clear,Dry,Dark - Street Lights On,NA,N
223288,Block,31ST AVE S BETWEEN S COLLEGE S ST AND S BAYVIEW ST,1,Property Damage Only Collision,Parked Car,2,0,0,2,0,0,0,2020/01/12 00:00:00+00,N,Overcast,Wet,Dark - Street Lights On,NA,Y
223289,Block,SR509 NB CLOVERDALE RP BETWEEN SR509 NB AND CLOVERDALE ST OFF RP,1,Property Damage Only Collision,Sideswipe,4,0,0,2,0,0,0,2020/01/08 00:00:00+00,N,Overcast,Dry,Daylight,NA,N
223290,Block,N 106TH ST BETWEEN BAGLEY AVE N AND DEAD END,1,Property Damage Only Collision,Parked Car,2,0,0,2,0,0,0,2020/03/12 00:00:00+00,N,Clear,Unknown,Unknown,NA,Y
223291,Intersection,M L KING JR WAY AND E CHERRY ST,2,Injury Collision,Left Turn,2,0,0,2,1,0,0,2020/04/17 00:00:00+00,N,Clear,Dry,Dark - Street Lights On,NA,N
223292,Block,ALASKAN WY VI SB WSB WB OFF RP BETWEEN ALASKAN WY VI SB AND WEST SEATTLE BR WB,2,Injury Collision,Other,1,0,0,1,1,0,0,2020/03/02 00:00:00+00,N,Overcast,Wet,Daylight,NA,N
223294,Intersection,MERCER SR ST AND TERRY AVE N,1,Property Damage Only Collision,Angles,2,0,0,2,0,0,0,2020/01/26 00:00:00+00,N,Overcast,Dry,Dark - Street Lights On,NA,N
223295,Block,BELMONT AVE BETWEEN E OLIVE ST AND E HOWELL ST,1,Property Damage Only Collision,Parked Car,2,0,0,2,0,0,0,2020/05/05 00:00:00+00,N,Clear,Dry,Daylight,NA,Y
223296,Block,M L KING JR ER WAY S BETWEEN S BRANDON ST AND S LUCILE ST,1,Property Damage Only Collision,Sideswipe,2,0,0,2,0,0,0,2020/02/23 00:00:00+00,N,Overcast,Wet,Daylight,NA,N
223297,Block,28TH AVE NE BETWEEN NE 123RD ST AND NE 125TH ST,0,Unknown,NA,0,0,0,0,0,0,0,2020/04/09 00:00:00+00,NA,NA,NA,NA,NA,N
223299,Intersection,PALATINE AVE N AND N MARKET ST,2,Injury Collision,Cycles,2,0,1,1,1,0,0,2020/05/10 00:00:00+00,N,Clear,Dry,Daylight,NA,N
223300,Block,WETMORE AVE S BETWEEN 30TH AVE S AND S BYRON ST,0,Unknown,NA,2,0,0,0,0,0,0,2020/03/29 00:00:00+00,NA,NA,NA,NA,NA,Y
223301,Block,W QUEEN ANNE DRWY BETWEEN QUEEN ANNE AVE N AND W OLYMPIC PL,1,Property Damage Only Collision,NA,2,0,0,0,0,0,0,2020/03/02 00:00:00+00,NA,NA,NA,NA,NA,Y
223302,Intersection,RAINIER AVE S AND S CHARLES N ST,2,Injury Collision,Angles,4,0,0,2,2,0,0,2020/01/22 00:00:00+00,N,Raining,Wet,Daylight,NA,N
223303,Block,MERIDIAN AVE N BETWEEN N 115TH ST AND N 117TH ST,0,Unknown,NA,2,0,0,0,0,0,0,2020/04/19 00:00:00+00,NA,NA,NA,NA,NA,Y
223304,Intersection,MINOR AVE AND STEWART ST,2,Injury Collision,Cycles,2,0,1,1,1,0,0,2020/02/27 00:00:00+00,N,Clear,Dry,Daylight,NA,N
223305,Intersection,CHEASTY BLVD S AND S HINDS ST,2,Injury Collision,Angles,2,0,0,2,1,0,0,2020/02/20 00:00:00+00,N,Clear,Dry,Daylight,NA,N
223306,Block,DELRIDGE WAY SW BETWEEN SW CLOVERDALE ST AND SW TRENTON ST,1,Property Damage Only Collision,Parked Car,2,0,0,2,0,0,0,2020/05/07 00:00:00+00,N,Clear,Dry,Daylight,NA,Y
223307,Block,15TH AVE W BETWEEN MAGNOLIA BR AND W BLAINE ST,1,Property Damage Only Collision,Rear Ended,2,0,0,2,0,0,0,2020/02/10 00:00:00+00,N,Overcast,Dry,Daylight,NA,N
223308,Block,E PINE ST BETWEEN BELMONT AVE AND BOYLSTON AVE,0,Unknown,NA,2,0,0,0,0,0,0,2020/03/16 00:00:00+00,NA,NA,NA,NA,NA,Y
223309,Intersection,16TH AVE AND E MADISON ST,1,Property Damage Only Collision,Angles,3,0,0,2,0,0,0,2020/02/08 00:00:00+00,N,Clear,Dry,Daylight,NA,N
223310,Intersection,FAUNTLEROY WAY SW AND SW EDMUNDS ST,1,Property Damage Only Collision,Other,1,0,0,1,0,0,0,2020/02/11 00:00:00+00,N,Clear,Dry,Dark - Street Lights On,Y,N
223311,Block,1ST AVE N BETWEEN MERCER ST AND ROY ST,1,Property Damage Only Collision,Parked Car,2,0,0,2,0,0,0,2020/02/07 00:00:00+00,N,Overcast,Unknown,Dark - Street Lights On,NA,Y
223312,Block,S CHARLESTOWN ST BETWEEN RAINIER AVE S AND 34TH AVE S,1,Property Damage Only Collision,Parked Car,3,0,0,3,0,0,0,2020/05/26 00:00:00+00,N,Clear,Dry,Daylight,NA,Y
223313,Intersection,CORLISS WY N WB RP AND NE 80TH ST,2,Injury Collision,Other,1,0,0,1,1,0,0,2020/04/18 00:00:00+00,N,Raining,Wet,Daylight,Y,N
223314,Block,15TH AVE NE BETWEEN NE 123RD ST AND NE 125TH ST,1,Property Damage Only Collision,Parked Car,2,0,0,2,0,0,0,2020/03/01 00:00:00+00,N,Other,Unknown,Dusk,NA,N
223315,Block,5TH AVE NE BETWEEN NE 45TH ST AND 45TH ST OFF RP,1,Property Damage Only Collision,Sideswipe,3,0,0,2,0,0,0,2020/02/15 00:00:00+00,N,Overcast,Dry,Dusk,NA,N
223317,Block,M L KING JR WAY S BETWEEN S BAYVIEW S ST AND S MCCLELLAN ST,1,Property Damage Only Collision,Other,1,0,0,1,0,0,0,2020/04/17 00:00:00+00,N,Clear,Wet,Daylight,Y,N
223318,Intersection,49TH AVE SW AND SW DAKOTA ST,0,Unknown,NA,0,0,0,0,0,0,0,2020/03/23 00:00:00+00,NA,NA,NA,NA,NA,N
223320,Block,BEACON WR AVE S BETWEEN S MYRTLE ST AND S OTHELLO ST,0,Unknown,NA,0,0,0,0,0,0,0,2020/02/12 00:00:00+00,NA,NA,NA,NA,NA,N
223323,Block,12TH AVE E BETWEEN E REPUBLICAN ST AND E MERCER ST,0,Unknown,NA,0,0,0,0,0,0,0,2020/02/12 00:00:00+00,NA,NA,NA,NA,NA,Y
223324,Block,4TH AVE S BETWEEN S HINDS ST AND S SPOKANE NR ST,1,Property Damage Only Collision,NA,2,0,0,0,0,0,0,2020/05/09 00:00:00+00,NA,NA,NA,NA,NA,N
223325,Intersection,7TH AVE NE AND NE 45TH ST,1,Property Damage Only Collision,Sideswipe,4,0,0,2,0,0,0,2020/01/25 00:00:00+00,N,Clear,Wet,Daylight,NA,N
223326,Block,S PILGRIM ST BETWEEN 59TH AVE S AND 60TH AVE S,2,Injury Collision,Parked Car,3,0,0,2,1,0,0,2020/05/10 00:00:00+00,N,Clear,Dry,Dark - Street Lights On,NA,N
223327,Intersection,2ND AVE AND JAMES ST,1,Property Damage Only Collision,Angles,4,0,0,2,0,0,0,2020/05/03 00:00:00+00,N,Clear,Dry,Daylight,NA,N
223328,Block,5TH AVE BETWEEN UNION ST AND PIKE ST,1,Property Damage Only Collision,Sideswipe,2,0,0,2,0,0,0,2020/02/19 00:00:00+00,N,Clear,Dry,Daylight,NA,N
223329,Intersection,HARVARD AVE E AND E ROANOKE ST,2,Injury Collision,Sideswipe,3,0,0,2,1,0,0,2020/03/27 00:00:00+00,N,Raining,Wet,Daylight,NA,N
223331,Intersection,ELLIS AVE S AND S MYRTLE ST,1,Property Damage Only Collision,Sideswipe,2,0,0,2,0,0,0,2020/02/13 00:00:00+00,N,Overcast,Dry,Daylight,NA,N
223332,Block,HOWELL ST BETWEEN BOREN AVE AND MINOR AVE,1,Property Damage Only Collision,Rear Ended,2,0,0,2,0,0,0,2020/02/07 00:00:00+00,N,Raining,Wet,Dark - Street Lights On,NA,N
223334,Intersection,6TH AVE AND JAMES ST,2,Injury Collision,Left Turn,2,0,0,2,1,0,0,2020/05/09 00:00:00+00,N,Clear,Dry,Dark - Street Lights On,NA,N
223335,Intersection,3RD AVE NW AND NW 82ND ST,1,Property Damage Only Collision,Angles,2,0,0,2,0,0,0,2020/05/21 00:00:00+00,N,Raining,Wet,Dusk,NA,N
223336,Block,6TH AVE BETWEEN YESLER WAY AND 6TH AV ON RP,0,Unknown,NA,0,0,0,0,0,0,0,2020/03/16 00:00:00+00,NA,NA,NA,NA,NA,N
223337,Block,BEACH DR SW BETWEEN BENTON PL SW AND 64TH AVE SW,1,Property Damage Only Collision,Parked Car,4,0,0,3,0,0,0,2020/04/21 00:00:00+00,N,Clear,Dry,NA,NA,Y
223339,Block,8TH AVE BETWEEN MADISON ST AND SPRING ST,1,Property Damage Only Collision,Parked Car,2,0,0,2,0,0,0,2020/04/17 00:00:00+00,N,Clear,Dry,Dark - Street Lights Off,NA,Y
223340,Block,12TH AVE S BETWEEN S WELLER ST AND XW S LANE ST,2,Injury Collision,Parked Car,2,0,0,2,1,0,0,2020/03/14 00:00:00+00,N,Overcast,Unknown,Unknown,NA,N
223341,Block,AURORA AVE N BETWEEN N 130TH ST AND N 135TH ST,1,Property Damage Only Collision,NA,2,0,0,0,0,0,0,2020/03/05 00:00:00+00,NA,NA,NA,NA,NA,N
223342,Block,BELMONT AVE BETWEEN E PINE ST AND E OLIVE ST,1,Property Damage Only Collision,Parked Car,2,0,0,2,0,0,0,2020/05/21 00:00:00+00,N,Overcast,Dry,Daylight,NA,Y
223343,NA,NA,0,Unknown,NA,0,0,0,0,0,0,0,2020/03/06 00:00:00+00,NA,NA,NA,NA,NA,N
223344,Intersection,12TH AVE AND E YESLER WAY,2,Injury Collision,Angles,2,0,0,2,1,0,0,2020/03/09 00:00:00+00,N,Overcast,NA,Dark - Street Lights On,NA,N
223345,Block,SENECA ST BETWEEN 5TH AVE AND 6TH AVE,1,Property Damage Only Collision,Parked Car,2,0,0,2,0,0,0,2020/02/16 00:00:00+00,N,Clear,Dry,Daylight,NA,Y
223346,Block,BEACON AVE S BETWEEN S SPOKANE ST AND BEACON WR AVE S,2,Injury Collision,Rear Ended,4,0,0,3,3,0,0,2020/05/07 00:00:00+00,N,Fog/Smog/Smoke,Dry,Daylight,NA,N
223348,Block,15TH AVE E BETWEEN E VALLEY ST AND E ALOHA ST,2,Injury Collision,Parked Car,2,0,0,2,1,0,0,2020/03/14 00:00:00+00,N,Overcast,Dry,Dark - Street Lights On,NA,N
223351,Intersection,BELLEVUE AVE AND E OLIVE WAY,1,Property Damage Only Collision,Left Turn,3,0,0,2,0,0,0,2020/05/16 00:00:00+00,N,Overcast,Wet,Dusk,NA,N
223352,Intersection,57TH AVE S AND RAINIER AVE S,1,Property Damage Only Collision,Angles,2,0,0,2,0,0,0,2020/01/31 00:00:00+00,N,Raining,Wet,Daylight,NA,N
223353,Block,NW 50TH ST BETWEEN 11TH AVE NW AND 14TH AVE NW,0,Unknown,NA,2,0,0,0,0,0,0,2020/04/14 00:00:00+00,NA,NA,NA,NA,NA,Y
223354,Block,MERCER SR ST BETWEEN 9TH AVE N AND WESTLAKE AVE N,1,Property Damage Only Collision,Rear Ended,2,0,0,2,0,0,0,2020/02/22 00:00:00+00,N,Clear,Dry,Dusk,NA,N
223355,Block,RAINIER AVE S BETWEEN S BAYVIEW ST AND S MCCLELLAN ST,2,Injury Collision,Angles,2,0,0,2,1,0,0,2020/05/20 00:00:00+00,N,Clear,Dry,Daylight,NA,N
223356,Block,S HOLLY ST BETWEEN 40TH AVE S AND 42ND AVE S,1,Property Damage Only Collision,Parked Car,2,0,0,2,0,0,0,2020/04/29 00:00:00+00,N,Clear,Dry,Dusk,NA,Y
223357,Block,10TH AVE W BETWEEN W WHEELER ST AND W HALLADAY ST,0,Unknown,NA,2,0,0,0,0,0,0,2020/03/07 00:00:00+00,NA,NA,NA,NA,NA,Y
223358,Block,8TH AVE NE BETWEEN NE 50TH ST AND NE 53RD ST,1,Property Damage Only Collision,Other,1,0,0,1,0,0,0,2020/02/19 00:00:00+00,N,Clear,Dry,Daylight,NA,N
223359,Intersection,6TH AVE AND UNIVERSITY ST,1,Property Damage Only Collision,Angles,3,0,0,2,0,0,0,2020/04/14 00:00:00+00,N,Clear,Dry,Daylight,NA,N
223360,Block,7TH AVE BETWEEN PIKE ST AND PINE ST,0,Unknown,NA,0,0,0,0,0,0,0,2020/04/14 00:00:00+00,NA,NA,NA,NA,NA,N
223361,Block,E GARFIELD ST BETWEEN 42ND AVE E AND 43RD AVE E,1,Property Damage Only Collision,Parked Car,2,0,0,2,0,0,0,2020/04/04 00:00:00+00,N,Clear,Dry,Daylight,NA,Y
223362,Block,M L KING JR WAY S BETWEEN S IRVING ST AND MOUNTAINS TO SOUND TRL,1,Property Damage Only Collision,NA,1,0,0,0,0,0,0,2020/03/11 00:00:00+00,NA,NA,NA,NA,NA,N
223363,Block,ROOSEVELT WAY NE BETWEEN NE 73RD ST AND LAKE CITY WAY NE,2,Injury Collision,Other,1,0,0,1,1,0,0,2020/05/09 00:00:00+00,N,Clear,Dry,Daylight,NA,N
223365,Intersection,15TH AVE AND E HOWELL ST,1,Property Damage Only Collision,NA,2,0,0,0,0,0,0,2020/03/05 00:00:00+00,NA,NA,NA,NA,NA,N
223367,Block,M L KING JR WR WAY S BETWEEN S MYRTLE ST AND S OTHELLO ST,1,Property Damage Only Collision,Sideswipe,2,0,0,2,0,0,0,2020/04/03 00:00:00+00,N,Clear,Dry,Dark - Street Lights On,NA,N
223368,Intersection,WALLINGFORD AVE N AND N 145TH ST,2,Injury Collision,Other,1,0,0,1,1,0,0,2020/04/10 00:00:00+00,N,Clear,Dry,Daylight,NA,N
223369,Block,3RD AVE NW BETWEEN NW 70TH ST AND NW 72ND ST,1,Property Damage Only Collision,NA,2,0,0,0,0,0,0,2020/02/08 00:00:00+00,NA,NA,NA,NA,NA,Y
223370,Block,12TH AVE BETWEEN E MARION ST AND E SPRING ST,2,Injury Collision,Cycles,2,0,1,1,1,0,0,2020/03/17 00:00:00+00,N,Overcast,Dry,Daylight,NA,N
223371,Block,RAINIER AVE S BETWEEN S PLUM ST AND 23RD AVE S,1,Property Damage Only Collision,Sideswipe,3,0,0,2,0,0,0,2020/03/15 00:00:00+00,N,Clear,Dry,Daylight,NA,N
223372,Block,SUMMIT AVE BETWEEN E UNION ST AND E PIKE ST,0,Unknown,NA,0,0,0,0,0,0,0,2020/02/23 00:00:00+00,NA,NA,NA,NA,NA,N
223373,Intersection,DAYTON AVE N AND N 80TH ST,2,Injury Collision,Angles,3,0,0,2,2,0,0,2020/05/18 00:00:00+00,N,Clear,Dry,Daylight,NA,N
223374,Intersection,M L KING JR ER WAY S AND S MYRTLE ST,2,Injury Collision,Other,3,0,0,2,1,0,0,2020/03/13 00:00:00+00,N,Raining,Wet,Daylight,NA,N
223375,Intersection,BEACON AVE S AND S SPOKANE ST,1,Property Damage Only Collision,Angles,6,0,0,2,0,0,0,2020/02/16 00:00:00+00,N,Clear,Wet,Dark - Street Lights On,Y,N
223377,Block,5TH AVE S BETWEEN S MAIN ST AND S JACKSON ST,0,Unknown,NA,0,0,0,0,0,0,0,2020/04/28 00:00:00+00,NA,NA,NA,NA,NA,Y
223378,Intersection,22ND AVE S AND S COLLEGE ST,2,Injury Collision,Left Turn,3,0,0,2,2,0,0,2020/02/27 00:00:00+00,N,Clear,Dry,Daylight,NA,N
223379,Block,24TH AVE E BETWEEN E BOSTON ST AND E LYNN ST,1,Property Damage Only Collision,NA,2,0,0,0,0,0,0,2020/02/09 00:00:00+00,NA,NA,NA,NA,NA,Y
223380,Block,S CLOVERDALE ST BETWEEN 8TH AVE S AND 10TH AVE S,2,Injury Collision,Cycles,2,0,1,1,1,0,0,2020/05/07 00:00:00+00,N,Clear,Dry,Daylight,NA,N
223381,Block,WEST GREEN LAKE WAY N BETWEEN N 63RD ST AND AURORA AVE N,0,Unknown,NA,0,0,0,0,0,0,0,2020/05/07 00:00:00+00,NA,NA,NA,NA,NA,Y
223382,Block,LAKE WASHINGTON BLVD S BETWEEN S HORTON NR ST AND S HORTON ST,2b,Serious Injury Collision,Other,1,0,0,1,1,1,0,2020/03/02 00:00:00+00,N,Clear,Dry,Dark - Street Lights On,NA,N
223383,Block,GREENWOOD AVE N BETWEEN N 130TH ST AND N 132ND ST,1,Property Damage Only Collision,Rear Ended,2,0,0,2,0,0,0,2020/02/03 00:00:00+00,N,Clear,Dry,Daylight,NA,N
223385,Block,3RD AVE NW BETWEEN NW 72ND ST AND NW 73RD ST,1,Property Damage Only Collision,Parked Car,2,0,0,2,0,0,0,2020/02/10 00:00:00+00,N,Overcast,Dry,Dark - Street Lights On,NA,Y
223386,Intersection,BEACON AVE S AND S STEVENS ST,2,Injury Collision,Parked Car,5,0,0,2,1,0,0,2020/04/07 00:00:00+00,N,Clear,Dry,Dark - Street Lights On,Y,N
223387,Block,EAST MARGINAL WAY S BETWEEN S NEVADA ST AND S IDAHO ST,2,Injury Collision,Rear Ended,5,0,0,2,1,0,0,2020/04/22 00:00:00+00,N,Overcast,Wet,Daylight,Y,N
223388,Intersection,7TH AVE AND PIKE ST,2,Injury Collision,Pedestrian,4,1,0,1,1,0,0,2020/02/29 00:00:00+00,N,Clear,Dry,Dark - Street Lights On,NA,N
223390,Block,EAST MARGINAL WAY S BETWEEN CARLETON AVE S AND S MYRTLE ST,1,Property Damage Only Collision,Rear Ended,3,0,0,3,0,0,0,2020/03/02 00:00:00+00,N,Overcast,Wet,Daylight,NA,N
223391,Block,42ND AVE S BETWEEN RAINIER AVE S AND S BRANDON ST,0,Unknown,NA,2,0,0,0,0,0,0,2020/03/05 00:00:00+00,NA,NA,NA,NA,NA,Y
223392,Intersection,MERIDIAN AVE N AND N 145TH ST,1,Property Damage Only Collision,Left Turn,2,0,0,2,0,0,0,2020/01/16 00:00:00+00,N,Overcast,Wet,Dark - Street Lights On,NA,N
223393,Block,W RAYE ST BETWEEN 23RD AVE W AND 24TH S AVE W,1,Property Damage Only Collision,Parked Car,2,0,0,2,0,0,0,2020/02/12 00:00:00+00,N,Clear,Dry,Daylight,NA,Y
223394,Intersection,5TH AVE NE AND NE 105TH ST,1,Property Damage Only Collision,Angles,4,0,0,2,0,0,0,2020/01/21 00:00:00+00,N,Raining,Wet,Dusk,NA,N
223395,Intersection,25TH AVE NE AND NE 145TH ST,2,Injury Collision,Angles,2,0,0,2,1,0,0,2020/01/09 00:00:00+00,N,Raining,Wet,Daylight,NA,N
223396,Block,CORSON AVE S BETWEEN S VALE ST AND S HARNEY ST,0,Unknown,NA,0,0,0,0,0,0,0,2020/02/12 00:00:00+00,NA,NA,NA,NA,NA,Y
223397,Block,NE 45TH ST BETWEEN 1ST AVE NE AND 2ND AVE NE,2,Injury Collision,Rear Ended,3,0,0,2,2,0,0,2020/04/30 00:00:00+00,N,Clear,Dry,Daylight,NA,N
223398,Intersection,15TH AVE AND E PINE ST,1,Property Damage Only Collision,NA,2,0,0,0,0,0,0,2020/05/12 00:00:00+00,NA,NA,NA,NA,NA,Y
223399,Block,RAINIER AVE S BETWEEN S DEARBORN ST AND S CHARLES N ST,1,Property Damage Only Collision,Other,3,0,0,3,0,0,0,2020/05/02 00:00:00+00,N,Clear,Dry,Daylight,NA,N
223400,Block,18TH AVE SW BETWEEN SW HOLLY ST AND SW MYRTLE ST,2,Injury Collision,Parked Car,2,0,0,2,1,0,0,2020/03/10 00:00:00+00,N,Other,Dry,Dark - Unknown Lighting,NA,Y
223401,Intersection,5TH AVE AND UNION ST,2,Injury Collision,Angles,3,0,0,2,1,0,0,2020/03/04 00:00:00+00,N,Clear,Dry,Daylight,NA,N
223402,Block,MONTLAKE BR BETWEEN MONTLAKE BLVD E AND POINT A,1,Property Damage Only Collision,Rear Ended,3,0,0,3,0,0,0,2020/01/10 00:00:00+00,N,Raining,Wet,Daylight,NA,N
223403,Intersection,4TH AVE S AND S JACKSON ST,2b,Serious Injury Collision,Angles,3,0,0,2,3,1,0,2020/01/10 00:00:00+00,N,Raining,Wet,Dark - Street Lights On,Y,N
223404,Intersection,THORNDYKE AVE W AND W GALER ST,1,Property Damage Only Collision,NA,2,0,0,0,0,0,0,2020/02/13 00:00:00+00,NA,NA,NA,NA,NA,N
223405,Block,M L KING JR WR WAY S BETWEEN S MYRTLE ST AND S OTHELLO ST,1,Property Damage Only Collision,NA,1,0,0,0,0,0,0,2020/02/17 00:00:00+00,NA,NA,NA,NA,NA,N
223406,Block,14TH AVE NE BETWEEN LAKE CITY WAY NE AND NE 82ND E ST,2,Injury Collision,NA,2,0,0,0,1,0,0,2020/02/23 00:00:00+00,NA,NA,NA,NA,NA,N
223407,Intersection,LINDEN AVE N AND N 49TH ST,1,Property Damage Only Collision,Angles,2,0,0,2,0,0,0,2020/05/02 00:00:00+00,N,Overcast,Wet,Daylight,NA,N
223408,Block,14TH AVE S BETWEEN S TRENTON ST AND S CONCORD ST,2,Injury Collision,Rear Ended,4,0,0,2,1,0,0,2020/05/16 00:00:00+00,N,Raining,Wet,Daylight,NA,N
223410,Intersection,5TH AVE AND UNION ST,1,Property Damage Only Collision,Angles,2,0,0,2,0,0,0,2020/04/28 00:00:00+00,N,Clear,Dry,Daylight,NA,N
223411,Block,21ST AVE E BETWEEN E DENNY WAY AND E JOHN ST,0,Unknown,NA,0,0,0,0,0,0,0,2020/03/20 00:00:00+00,NA,NA,NA,NA,NA,Y
223412,Block,RAINIER AVE S BETWEEN S COURT ST AND 33RD AVE S,0,Unknown,NA,0,0,0,0,0,0,0,2020/04/13 00:00:00+00,NA,NA,NA,NA,NA,Y
223413,Block,36TH AVE W BETWEEN W OHMAN PL AND W FORT ST,0,Unknown,NA,0,0,0,0,0,0,0,2020/04/05 00:00:00+00,NA,NA,NA,NA,NA,N
223414,Intersection,30TH AVE AND E YESLER WAY,0,Unknown,NA,0,0,0,0,0,0,0,2020/03/01 00:00:00+00,NA,NA,NA,NA,NA,N
223415,Block,FAIRVIEW AVE N BETWEEN MERCER ST AND ROY ST,1,Property Damage Only Collision,Angles,2,0,0,2,0,0,0,2020/02/24 00:00:00+00,N,Clear,Dry,Daylight,NA,N
223417,Intersection,M L KING JR ER WAY S AND S OREGON ST,2,Injury Collision,NA,2,0,0,0,1,0,0,2020/03/07 00:00:00+00,NA,NA,NA,NA,NA,N
223418,Intersection,RAINIER AVE S AND S WELLER ST,1,Property Damage Only Collision,Angles,3,0,0,2,0,0,0,2020/03/04 00:00:00+00,N,Clear,Dry,Daylight,NA,N
223419,Block,6TH AVE S BETWEEN S WALKER ST AND S STACY ST,1,Property Damage Only Collision,Parked Car,2,0,0,2,0,0,0,2020/05/05 00:00:00+00,N,Clear,Dry,Dark - Street Lights On,NA,Y
223420,Block,46TH AVE S BETWEEN S ALASKA ST AND S ANGELINE ST,1,Property Damage Only Collision,Parked Car,2,0,0,2,0,0,0,2020/05/07 00:00:00+00,N,Clear,Dry,Daylight,NA,Y
223421,Block,HOLMAN RD N BETWEEN N 104TH ST AND GREENWOOD AVE N,1,Property Damage Only Collision,Sideswipe,2,0,0,2,0,0,0,2020/02/21 00:00:00+00,N,Clear,Dry,Daylight,NA,N
223422,Intersection,12TH AVE S AND S WELLER ST,2,Injury Collision,Pedestrian,2,1,0,1,1,0,0,2020/01/02 00:00:00+00,N,Raining,Wet,Dark - Street Lights On,NA,N
223424,Intersection,45TH AVE SW AND SW LANDER ST,1,Property Damage Only Collision,Angles,3,0,0,2,0,0,0,2020/03/06 00:00:00+00,N,Raining,Wet,Daylight,NA,N
223425,Intersection,W EMERSON PL AND W EMERSON ST,1,Property Damage Only Collision,NA,3,0,0,0,0,0,0,2020/02/01 00:00:00+00,NA,NA,NA,NA,NA,N
223428,Intersection,24TH AVE SW AND SW HOLDEN ST,1,Property Damage Only Collision,Parked Car,2,0,0,2,0,0,0,2020/03/16 00:00:00+00,N,Clear,Dry,Dark - Street Lights On,NA,N
223429,Intersection,25TH AVE NE AND NE BLAKELEY ST,1,Property Damage Only Collision,Left Turn,3,0,0,2,0,0,0,2020/03/09 00:00:00+00,N,Clear,Dry,Dark - Street Lights On,NA,N
223430,Block,32ND AVE SW BETWEEN DEAD END AND SW JUNEAU ST,1,Property Damage Only Collision,Parked Car,2,0,0,2,0,0,0,2020/02/26 00:00:00+00,N,Clear,Dry,Daylight,NA,Y
223431,Block,SW HOLDEN ST BETWEEN 15TH AVE SW AND 16TH AVE SW,1,Property Damage Only Collision,Other,1,0,0,1,0,0,0,2020/02/15 00:00:00+00,N,Overcast,Wet,Dark - Street Lights On,NA,N
223432,NA,NA,1,Property Damage Only Collision,Parked Car,2,0,0,2,0,0,0,2020/04/06 00:00:00+00,N,Clear,Dry,Dark - Street Lights On,NA,N
223434,Block,PORTAGE BAY PL E BETWEEN FUHRMAN AVE E AND DEAD END,0,Unknown,NA,2,0,0,0,0,0,0,2020/05/06 00:00:00+00,NA,NA,NA,NA,NA,Y
223435,Intersection,BROADWAY AND E UNION ST,1,Property Damage Only Collision,Pedestrian,3,1,0,1,0,0,0,2020/04/22 00:00:00+00,N,Overcast,Wet,Dark - Street Lights On,NA,N
223436,Intersection,ASHWORTH AVE N AND N 82ND ST,1,Property Damage Only Collision,Angles,2,0,0,2,0,0,0,2020/05/21 00:00:00+00,N,Overcast,Unknown,Daylight,NA,N
223437,Block,15TH AVE SW BETWEEN SW CAMBRIDGE ST AND SW ROXBURY ST,1,Property Damage Only Collision,Sideswipe,2,0,0,2,0,0,0,2020/04/13 00:00:00+00,N,Clear,Dry,Daylight,NA,N
223438,Intersection,4TH AVE AND JEFFERSON ST,1,Property Damage Only Collision,NA,2,0,0,0,0,0,0,2020/03/04 00:00:00+00,NA,NA,NA,NA,NA,N
223439,Intersection,59TH AVE S AND S ROXBURY ST,1,Property Damage Only Collision,Other,1,0,0,1,0,0,0,2020/03/19 00:00:00+00,N,Clear,Dry,Dark - Street Lights On,Y,N
223440,Block,MONTLAKE BLVD NE BETWEEN NE PACIFIC PL AND 25TH AVE NE,1,Property Damage Only Collision,Angles,3,0,0,2,0,0,0,2020/02/07 00:00:00+00,N,Raining,Wet,Dark - Street Lights On,NA,N
223441,Block,16TH AVE E BETWEEN E DENNY WAY AND E JOHN ST,1,Property Damage Only Collision,Parked Car,2,0,0,2,0,0,0,2020/02/11 00:00:00+00,N,Clear,Dry,Daylight,NA,N
223442,Block,WESTERN AVE BETWEEN BLANCHARD ST AND BELL ST,2,Injury Collision,Sideswipe,2,0,0,2,1,0,0,2020/02/18 00:00:00+00,N,Clear,Dry,Daylight,NA,N
223443,Block,3RD AVE NW BETWEEN NW 143RD ST AND NW 144TH ST,1,Property Damage Only Collision,Sideswipe,2,0,0,2,0,0,0,2020/04/20 00:00:00+00,N,Clear,Dry,Daylight,NA,N
223444,Block,E JOHN ST BETWEEN BROADWAY E AND 10TH AVE E,2,Injury Collision,Angles,2,0,0,2,1,0,0,2020/03/05 00:00:00+00,N,Raining,Wet,Dark - Street Lights On,NA,N
223445,Block,14TH AVE S BETWEEN S JUDKINS ST AND S ATLANTIC ST,0,Unknown,NA,0,0,0,0,0,0,0,2020/04/29 00:00:00+00,NA,NA,NA,NA,NA,Y